Workbook

Sheet Urban population
A1: Model | B1: Scenario | C1: Region | D1: ISO-3code | E1: ISO-2code | F1: Variable | G1: IMAGE | H1: Unit | I1: 1950 | J1: 1955 | K1: 1960 | L1: 1965 | M1: 1970 | N1: 1975 | O1: 1980 | P1: 1985 | Q1: 1990 | R1: 1995 | S1: 2000 | T1: 2005 | U1: 2010 | V1: 2015 | W1: 2020 | X1: 2025 | Y1: 2030 | Z1: 2035 | AA1: 2040 | AB1: 2045 | AC1: 2050 | AD1: 2055 | AE1: 2060 | AF1: 2065 | AG1: 2070 | AH1: 2075 | AI1: 2080 | AJ1: 2085 | AK1: 2090 | AL1: 2095 | AM1: 2100
A2: IIASA-WiC POP 2023 | B2: SSP2 | C2: Aruba | D2: ABW | E2: =_xlfn.XLOOKUP(D2,[6]Feuil1!$C$2:$C$248,[6]Feuil1!$B$2:$B$248) -> AW | F2: Population | G2: Central America | H2: million | I2: =[1]data!F2*(_xlfn.XLOOKUP([1]data!$C2,[2]data!$B$2:$B$218,[2]data!E$2:E$218)/100) -> 0.019404607 | J2: =[1]data!G2*(_xlfn.XLOOKUP([1]data!$C2,[2]data!$B$2:$B$218,[2]data!F$2:F$218)/100) -> 0.023237886 | K2: =[1]data!H2*(_xlfn.XLOOKUP([1]data!$C2,[2]data!$B$2:$B$218,[2]data!G$2:G$218)/100) -> 0.02736088 | L2: =[1]data!I2*(_xlfn.XLOOKUP([1]data!$C2,[2]data!$B$2:$B$218,[2]data!H$2:H$218)/100) -> 0.029661528 | M2: =[1]data!J2*(_xlfn.XLOOKUP([1]data!$C2,[2]data!$B$2:$B$218,[2]data!I$2:I$218)/100) -> 0.02997544 | N2: =[1]data!K2*(_xlfn.XLOOKUP([1]data!$C2,[2]data!$B$2:$B$218,[2]data!J$2:J$218)/100) -> 0.030489375 | O2: =[1]data!L2*(_xlfn.XLOOKUP([1]data!$C2,[2]data!$B$2:$B$218,[2]data!K$2:K$218)/100) -> 0.03137969 | P2: =[1]data!M2*(_xlfn.XLOOKUP([1]data!$C2,[2]data!$B$2:$B$218,[2]data!L$2:L$218)/100) -> 0.032449032 | ... AM2: =[1]data!AJ2*(_xlfn.XLOOKUP([1]data!$C2,[2]data!$B$2:$B$218,[2]data!AI$2:AI$218)/100) -> 0.098279521
A3: IIASA-WiC POP 2023 | B3: SSP2 | C3: Angola | D3: AGO | E3: =_xlfn.XLOOKUP(D3,[6]Feuil1!$C$2:$C$248,[6]Feuil1!$B$2:$B$248) -> AO | F3: Population | G3: =_xlfn.XLOOKUP(C3,[3]Sheet1!$B$2:$B$172,[3]Sheet1!$D$2:$D$172) -> Rest of Southern Africa | H3: million | I3: =[1]data!F4*(_xlfn.XLOOKUP([1]data!$C4,[2]data!$B$2:$B$218,[2]data!E$2:E$218)/100) -> 0.33690131 | J3: =[1]data!G4*(_xlfn.XLOOKUP([1]data!$C4,[2]data!$B$2:$B$218,[2]data!F$2:F$218)/100) -> 0.4356874 | K3: =[1]data!H4*(_xlfn.XLOOKUP([1]data!$C4,[2]data!$B$2:$B$218,[2]data!G$2:G$218)/100) -> 0.5526066 | L3: =[1]data!I4*(_xlfn.XLOOKUP([1]data!$C4,[2]data!$B$2:$B$218,[2]data!H$2:H$218)/100) -> 0.713468 | M3: =[1]data!J4*(_xlfn.XLOOKUP([1]data!$C4,[2]data!$B$2:$B$218,[2]data!I$2:I$218)/100) -> 0.895005 | N3: =[1]data!K4*(_xlfn.XLOOKUP([1]data!$C4,[2]data!$B$2:$B$218,[2]data!J$2:J$218)/100) -> 1.3210698 | O3: =[1]data!L4*(_xlfn.XLOOKUP([1]data!$C4,[2]data!$B$2:$B$218,[2]data!K$2:K$218)/100) -> 1.9883023 | P3: =[1]data!M4*(_xlfn.XLOOKUP([1]data!$C4,[2]data!$B$2:$B$218,[2]data!L$2:L$218)/100) -> 2.9667218 | ... AM3: =[1]data!AJ4*(_xlfn.XLOOKUP([1]data!$C4,[2]data!$B$2:$B$218,[2]data!AI$2:AI$218)/100) -> 90.952647
A4: IIASA-WiC POP 2023 | B4: SSP2 | C4: Albania | D4: ALB | E4: =_xlfn.XLOOKUP(D4,[6]Feuil1!$C$2:$C$248,[6]Feuil1!$B$2:$B$248) -> AL | F4: Population | G4: =_xlfn.XLOOKUP(C4,[3]Sheet1!$B$2:$B$172,[3]Sheet1!$D$2:$D$172) -> Central Europe | H4: million | I4: =[1]data!F5*(_xlfn.XLOOKUP([1]data!$C5,[2]data!$B$2:$B$218,[2]data!E$2:E$218)/100) -> 0.25306717 | J4: =[1]data!G5*(_xlfn.XLOOKUP([1]data!$C5,[2]data!$B$2:$B$218,[2]data!F$2:F$218)/100) -> 0.38487794 | K4: =[1]data!H5*(_xlfn.XLOOKUP([1]data!$C5,[2]data!$B$2:$B$218,[2]data!G$2:G$218)/100) -> 0.5165757 | L4: =[1]data!I5*(_xlfn.XLOOKUP([1]data!$C5,[2]data!$B$2:$B$218,[2]data!H$2:H$218)/100) -> 0.6175884 | M4: =[1]data!J5*(_xlfn.XLOOKUP([1]data!$C5,[2]data!$B$2:$B$218,[2]data!I$2:I$218)/100) -> 0.72665942 | N4: =[1]data!K5*(_xlfn.XLOOKUP([1]data!$C5,[2]data!$B$2:$B$218,[2]data!J$2:J$218)/100) -> 0.85605657 | O4: =[1]data!L5*(_xlfn.XLOOKUP([1]data!$C5,[2]data!$B$2:$B$218,[2]data!K$2:K$218)/100) -> 0.98550761 | P4: =[1]data!M5*(_xlfn.XLOOKUP([1]data!$C5,[2]data!$B$2:$B$218,[2]data!L$2:L$218)/100) -> 1.1066363 | ... AM4: =[1]data!AJ5*(_xlfn.XLOOKUP([1]data!$C5,[2]data!$B$2:$B$218,[2]data!AI$2:AI$218)/100) -> 1.2267416
A5: IIASA-WiC POP 2023 | B5: SSP2 | C5: United Arab Emirates | D5: ARE | E5: =_xlfn.XLOOKUP(D5,[6]Feuil1!$C$2:$C$248,[6]Feuil1!$B$2:$B$248) -> AE | F5: Population | G5: =_xlfn.XLOOKUP(C5,[3]Sheet1!$B$2:$B$172,[3]Sheet1!$D$2:$D$172) -> Middle East | H5: million | I5: =[1]data!F6*(_xlfn.XLOOKUP([1]data!$C6,[2]data!$B$2:$B$218,[2]data!E$2:E$218)/100) -> 0.03926616 | J5: =[1]data!G6*(_xlfn.XLOOKUP([1]data!$C6,[2]data!$B$2:$B$218,[2]data!F$2:F$218)/100) -> 0.063919762 | K5: =[1]data!H6*(_xlfn.XLOOKUP([1]data!$C6,[2]data!$B$2:$B$218,[2]data!G$2:G$218)/100) -> 0.095359635 | L5: =[1]data!I6*(_xlfn.XLOOKUP([1]data!$C6,[2]data!$B$2:$B$218,[2]data!H$2:H$218)/100) -> 0.13169839 | M5: =[1]data!J6*(_xlfn.XLOOKUP([1]data!$C6,[2]data!$B$2:$B$218,[2]data!I$2:I$218)/100) -> 0.21964471 | N5: =[1]data!K6*(_xlfn.XLOOKUP([1]data!$C6,[2]data!$B$2:$B$218,[2]data!J$2:J$218)/100) -> 0.41292909 | O5: =[1]data!L6*(_xlfn.XLOOKUP([1]data!$C6,[2]data!$B$2:$B$218,[2]data!K$2:K$218)/100) -> 0.77564079 | P5: =[1]data!M6*(_xlfn.XLOOKUP([1]data!$C6,[2]data!$B$2:$B$218,[2]data!L$2:L$218)/100) -> 1.0723731 | ... AM5: =[1]data!AJ6*(_xlfn.XLOOKUP([1]data!$C6,[2]data!$B$2:$B$218,[2]data!AI$2:AI$218)/100) -> 9.2473715
A6: IIASA-WiC POP 2023 | B6: SSP2 | C6: Argentina | D6: ARG | E6: =_xlfn.XLOOKUP(D6,[6]Feuil1!$C$2:$C$248,[6]Feuil1!$B$2:$B$248) -> AR | F6: Population | G6: =_xlfn.XLOOKUP(C6,[3]Sheet1!$B$2:$B$172,[3]Sheet1!$D$2:$D$172) -> Rest of South America | H6: million | I6: =[1]data!F7*(_xlfn.XLOOKUP([1]data!$C7,[2]data!$B$2:$B$218,[2]data!E$2:E$218)/100) -> 11.002842 | J6: =[1]data!G7*(_xlfn.XLOOKUP([1]data!$C7,[2]data!$B$2:$B$218,[2]data!F$2:F$218)/100) -> 12.901961 | K6: =[1]data!H7*(_xlfn.XLOOKUP([1]data!$C7,[2]data!$B$2:$B$218,[2]data!G$2:G$218)/100) -> 14.858079 | L6: =[1]data!I7*(_xlfn.XLOOKUP([1]data!$C7,[2]data!$B$2:$B$218,[2]data!H$2:H$218)/100) -> 16.716499 | M6: =[1]data!J7*(_xlfn.XLOOKUP([1]data!$C7,[2]data!$B$2:$B$218,[2]data!I$2:I$218)/100) -> 18.662215 | N6: =[1]data!K7*(_xlfn.XLOOKUP([1]data!$C7,[2]data!$B$2:$B$218,[2]data!J$2:J$218)/100) -> 20.792515 | O6: =[1]data!L7*(_xlfn.XLOOKUP([1]data!$C7,[2]data!$B$2:$B$218,[2]data!K$2:K$218)/100) -> 23.049862 | P6: =[1]data!M7*(_xlfn.XLOOKUP([1]data!$C7,[2]data!$B$2:$B$218,[2]data!L$2:L$218)/100) -> 25.549523 | ... AM6: =[1]data!AJ7*(_xlfn.XLOOKUP([1]data!$C7,[2]data!$B$2:$B$218,[2]data!AI$2:AI$218)/100) -> 44.770689
A7: IIASA-WiC POP 2023 | B7: SSP2 | C7: Armenia | D7: ARM | E7: =_xlfn.XLOOKUP(D7,[6]Feuil1!$C$2:$C$248,[6]Feuil1!$B$2:$B$248) -> AM | F7: Population | G7: =_xlfn.XLOOKUP(C7,[3]Sheet1!$B$2:$B$172,[3]Sheet1!$D$2:$D$172) -> Russia region | H7: million | I7: =[1]data!F8*(_xlfn.XLOOKUP([1]data!$C8,[2]data!$B$2:$B$218,[2]data!E$2:E$218)/100) -> 0.55053064 | J7: =[1]data!G8*(_xlfn.XLOOKUP([1]data!$C8,[2]data!$B$2:$B$218,[2]data!F$2:F$218)/100) -> 0.72626916 | K7: =[1]data!H8*(_xlfn.XLOOKUP([1]data!$C8,[2]data!$B$2:$B$218,[2]data!G$2:G$218)/100) -> 0.95970809 | L7: =[1]data!I8*(_xlfn.XLOOKUP([1]data!$C8,[2]data!$B$2:$B$218,[2]data!H$2:H$218)/100) -> 1.2248274 | M7: =[1]data!J8*(_xlfn.XLOOKUP([1]data!$C8,[2]data!$B$2:$B$218,[2]data!I$2:I$218)/100) -> 1.5010778 | N7: =[1]data!K8*(_xlfn.XLOOKUP([1]data!$C8,[2]data!$B$2:$B$218,[2]data!J$2:J$218)/100) -> 1.7799236 | O7: =[1]data!L8*(_xlfn.XLOOKUP([1]data!$C8,[2]data!$B$2:$B$218,[2]data!K$2:K$218)/100) -> 2.0617046 | P7: =[1]data!M8*(_xlfn.XLOOKUP([1]data!$C8,[2]data!$B$2:$B$218,[2]data!L$2:L$218)/100) -> 2.2056233 | ... AM7: =[1]data!AJ8*(_xlfn.XLOOKUP([1]data!$C8,[2]data!$B$2:$B$218,[2]data!AI$2:AI$218)/100) -> 1.8269719
A8: IIASA-WiC POP 2023 | B8: SSP2 | C8: Antigua and Barbuda | D8: ATG | E8: =_xlfn.XLOOKUP(D8,[6]Feuil1!$C$2:$C$248,[6]Feuil1!$B$2:$B$248) -> AG | F8: Population | G8: =_xlfn.XLOOKUP(C8,[3]Sheet1!$B$2:$B$172,[3]Sheet1!$D$2:$D$172) -> #N/A | H8: million | I8: =[1]data!F9*(_xlfn.XLOOKUP([1]data!$C9,[2]data!$B$2:$B$218,[2]data!E$2:E$218)/100) -> 0.013529348 | J8: =[1]data!G9*(_xlfn.XLOOKUP([1]data!$C9,[2]data!$B$2:$B$218,[2]data!F$2:F$218)/100) -> 0.01736973 | K8: =[1]data!H9*(_xlfn.XLOOKUP([1]data!$C9,[2]data!$B$2:$B$218,[2]data!G$2:G$218)/100) -> 0.02176354 | L8: =[1]data!I9*(_xlfn.XLOOKUP([1]data!$C9,[2]data!$B$2:$B$218,[2]data!H$2:H$218)/100) -> 0.021653292 | M8: =[1]data!J9*(_xlfn.XLOOKUP([1]data!$C9,[2]data!$B$2:$B$218,[2]data!I$2:I$218)/100) -> 0.021732048 | N8: =[1]data!K9*(_xlfn.XLOOKUP([1]data!$C9,[2]data!$B$2:$B$218,[2]data!J$2:J$218)/100) -> 0.021922542 | O8: =[1]data!L9*(_xlfn.XLOOKUP([1]data!$C9,[2]data!$B$2:$B$218,[2]data!K$2:K$218)/100) -> 0.022414572 | P8: =[1]data!M9*(_xlfn.XLOOKUP([1]data!$C9,[2]data!$B$2:$B$218,[2]data!L$2:L$218)/100) -> 0.0228242 | ... AM8: =[1]data!AJ9*(_xlfn.XLOOKUP([1]data!$C9,[2]data!$B$2:$B$218,[2]data!AI$2:AI$218)/100) -> 0.058231723
A9: IIASA-WiC POP 2023 | B9: SSP2 | C9: Australia | D9: AUS | E9: =_xlfn.XLOOKUP(D9,[6]Feuil1!$C$2:$C$248,[6]Feuil1!$B$2:$B$248) -> AU | F9: Population | G9: =_xlfn.XLOOKUP(C9,[3]Sheet1!$B$2:$B$172,[3]Sheet1!$D$2:$D$172) -> Oceania | H9: million | I9: =[1]data!F10*(_xlfn.XLOOKUP([1]data!$C10,[2]data!$B$2:$B$218,[2]data!E$2:E$218)/100) -> 6.197653 | J9: =[1]data!G10*(_xlfn.XLOOKUP([1]data!$C10,[2]data!$B$2:$B$218,[2]data!F$2:F$218)/100) -> 7.2252182 | K9: =[1]data!H10*(_xlfn.XLOOKUP([1]data!$C10,[2]data!$B$2:$B$218,[2]data!G$2:G$218)/100) -> 8.2916103 | L9: =[1]data!I10*(_xlfn.XLOOKUP([1]data!$C10,[2]data!$B$2:$B$218,[2]data!H$2:H$218)/100) -> 9.34045 | M9: =[1]data!J10*(_xlfn.XLOOKUP([1]data!$C10,[2]data!$B$2:$B$218,[2]data!I$2:I$218)/100) -> 10.410889 | N9: =[1]data!K10*(_xlfn.XLOOKUP([1]data!$C10,[2]data!$B$2:$B$218,[2]data!J$2:J$218)/100) -> 11.710236 | O9: =[1]data!L10*(_xlfn.XLOOKUP([1]data!$C10,[2]data!$B$2:$B$218,[2]data!K$2:K$218)/100) -> 12.501436 | P9: =[1]data!M10*(_xlfn.XLOOKUP([1]data!$C10,[2]data!$B$2:$B$218,[2]data!L$2:L$218)/100) -> 13.420151 | ... AM9: =[1]data!AJ10*(_xlfn.XLOOKUP([1]data!$C10,[2]data!$B$2:$B$218,[2]data!AI$2:AI$218)/100) -> 33.602498
A10: IIASA-WiC POP 2023 | B10: SSP2 | C10: Austria | D10: AUT | E10: =_xlfn.XLOOKUP(D10,[6]Feuil1!$C$2:$C$248,[6]Feuil1!$B$2:$B$248) -> AT | F10: Population | G10: =_xlfn.XLOOKUP(C10,[3]Sheet1!$B$2:$B$172,[3]Sheet1!$D$2:$D$172) -> Western Europe | H10: million | I10: =[1]data!F11*(_xlfn.XLOOKUP([1]data!$C11,[2]data!$B$2:$B$218,[2]data!E$2:E$218)/100) -> 4.4124465 | J10: =[1]data!G11*(_xlfn.XLOOKUP([1]data!$C11,[2]data!$B$2:$B$218,[2]data!F$2:F$218)/100) -> 4.4580043 | K10: =[1]data!H11*(_xlfn.XLOOKUP([1]data!$C11,[2]data!$B$2:$B$218,[2]data!G$2:G$218)/100) -> 4.5479998 | L10: =[1]data!I11*(_xlfn.XLOOKUP([1]data!$C11,[2]data!$B$2:$B$218,[2]data!H$2:H$218)/100) -> 4.7104662 | M10: =[1]data!J11*(_xlfn.XLOOKUP([1]data!$C11,[2]data!$B$2:$B$218,[2]data!I$2:I$218)/100) -> 4.8670493 | N10: =[1]data!K11*(_xlfn.XLOOKUP([1]data!$C11,[2]data!$B$2:$B$218,[2]data!J$2:J$218)/100) -> 4.9564803 | O10: =[1]data!L11*(_xlfn.XLOOKUP([1]data!$C11,[2]data!$B$2:$B$218,[2]data!K$2:K$218)/100) -> 4.9335713 | P10: =[1]data!M11*(_xlfn.XLOOKUP([1]data!$C11,[2]data!$B$2:$B$218,[2]data!L$2:L$218)/100) -> 4.8612639 | ... AM10: =[1]data!AJ11*(_xlfn.XLOOKUP([1]data!$C11,[2]data!$B$2:$B$218,[2]data!AI$2:AI$218)/100) -> 6.9746205
A11: IIASA-WiC POP 2023 | B11: SSP2 | C11: Azerbaijan | D11: AZE | E11: =_xlfn.XLOOKUP(D11,[6]Feuil1!$C$2:$C$248,[6]Feuil1!$B$2:$B$248) -> AZ | F11: Population | G11: =_xlfn.XLOOKUP(C11,[3]Sheet1!$B$2:$B$172,[3]Sheet1!$D$2:$D$172) -> Russia region | H11: million | I11: =[1]data!F12*(_xlfn.XLOOKUP([1]data!$C12,[2]data!$B$2:$B$218,[2]data!E$2:E$218)/100) -> 1.4290308 | J11: =[1]data!G12*(_xlfn.XLOOKUP([1]data!$C12,[2]data!$B$2:$B$218,[2]data!F$2:F$218)/100) -> 1.751056 | K11: =[1]data!H12*(_xlfn.XLOOKUP([1]data!$C12,[2]data!$B$2:$B$218,[2]data!G$2:G$218)/100) -> 2.1415478 | L11: =[1]data!I12*(_xlfn.XLOOKUP([1]data!$C12,[2]data!$B$2:$B$218,[2]data!H$2:H$218)/100) -> 2.4424371 | M11: =[1]data!J12*(_xlfn.XLOOKUP([1]data!$C12,[2]data!$B$2:$B$218,[2]data!I$2:I$218)/100) -> 2.6863245 | N11: =[1]data!K12*(_xlfn.XLOOKUP([1]data!$C12,[2]data!$B$2:$B$218,[2]data!J$2:J$218)/100) -> 3.0496907 | O11: =[1]data!L12*(_xlfn.XLOOKUP([1]data!$C12,[2]data!$B$2:$B$218,[2]data!K$2:K$218)/100) -> 3.3473574 | P11: =[1]data!M12*(_xlfn.XLOOKUP([1]data!$C12,[2]data!$B$2:$B$218,[2]data!L$2:L$218)/100) -> 3.6555796 | ... AM11: =[1]data!AJ12*(_xlfn.XLOOKUP([1]data!$C12,[2]data!$B$2:$B$218,[2]data!AI$2:AI$218)/100) -> 7.7051155
A12: IIASA-WiC POP 2023 | B12: SSP2 | C12: Burundi | D12: BDI | E12: =_xlfn.XLOOKUP(D12,[6]Feuil1!$C$2:$C$248,[6]Feuil1!$B$2:$B$248) -> BI | F12: Population | G12: =_xlfn.XLOOKUP(C12,[3]Sheet1!$B$2:$B$172,[3]Sheet1!$D$2:$D$172) -> Eastern Africa | H12: million | I12: =[1]data!F13*(_xlfn.XLOOKUP([1]data!$C13,[2]data!$B$2:$B$218,[2]data!E$2:E$218)/100) -> 0.037898474 | J12: =[1]data!G13*(_xlfn.XLOOKUP([1]data!$C13,[2]data!$B$2:$B$218,[2]data!F$2:F$218)/100) -> 0.046945086 | K12: =[1]data!H13*(_xlfn.XLOOKUP([1]data!$C13,[2]data!$B$2:$B$218,[2]data!G$2:G$218)/100) -> 0.057114393 | L12: =[1]data!I13*(_xlfn.XLOOKUP([1]data!$C13,[2]data!$B$2:$B$218,[2]data!H$2:H$218)/100) -> 0.070990673 | M12: =[1]data!J13*(_xlfn.XLOOKUP([1]data!$C13,[2]data!$B$2:$B$218,[2]data!I$2:I$218)/100) -> 0.09676828 | N12: =[1]data!K13*(_xlfn.XLOOKUP([1]data!$C13,[2]data!$B$2:$B$218,[2]data!J$2:J$218)/100) -> 0.12988749 | O12: =[1]data!L13*(_xlfn.XLOOKUP([1]data!$C13,[2]data!$B$2:$B$218,[2]data!K$2:K$218)/100) -> 0.17959062 | P12: =[1]data!M13*(_xlfn.XLOOKUP([1]data!$C13,[2]data!$B$2:$B$218,[2]data!L$2:L$218)/100) -> 0.25499365 | ... AM12: =[1]data!AJ13*(_xlfn.XLOOKUP([1]data!$C13,[2]data!$B$2:$B$218,[2]data!AI$2:AI$218)/100) -> 16.372278
A13: IIASA-WiC POP 2023 | B13: SSP2 | C13: Belgium | D13: BEL | E13: =_xlfn.XLOOKUP(D13,[6]Feuil1!$C$2:$C$248,[6]Feuil1!$B$2:$B$248) -> BE | F13: Population | G13: =_xlfn.XLOOKUP(C13,[3]Sheet1!$B$2:$B$172,[3]Sheet1!$D$2:$D$172) -> Western Europe | H13: million | I13: =[1]data!F14*(_xlfn.XLOOKUP([1]data!$C14,[2]data!$B$2:$B$218,[2]data!E$2:E$218)/100) -> 7.8663868 | J13: =[1]data!G14*(_xlfn.XLOOKUP([1]data!$C14,[2]data!$B$2:$B$218,[2]data!F$2:F$218)/100) -> 8.1066131 | K13: =[1]data!H14*(_xlfn.XLOOKUP([1]data!$C14,[2]data!$B$2:$B$218,[2]data!G$2:G$218)/100) -> 8.4007482 | L13: =[1]data!I14*(_xlfn.XLOOKUP([1]data!$C14,[2]data!$B$2:$B$218,[2]data!H$2:H$218)/100) -> 8.7362889 | M13: =[1]data!J14*(_xlfn.XLOOKUP([1]data!$C14,[2]data!$B$2:$B$218,[2]data!I$2:I$218)/100) -> 9.0144867 | N13: =[1]data!K14*(_xlfn.XLOOKUP([1]data!$C14,[2]data!$B$2:$B$218,[2]data!J$2:J$218)/100) -> 9.221688 | O13: =[1]data!L14*(_xlfn.XLOOKUP([1]data!$C14,[2]data!$B$2:$B$218,[2]data!K$2:K$218)/100) -> 9.3701823 | P13: =[1]data!M14*(_xlfn.XLOOKUP([1]data!$C14,[2]data!$B$2:$B$218,[2]data!L$2:L$218)/100) -> 9.4726318 | ... AM13: =[1]data!AJ14*(_xlfn.XLOOKUP([1]data!$C14,[2]data!$B$2:$B$218,[2]data!AI$2:AI$218)/100) -> 12.425616
A14: IIASA-WiC POP 2023 | B14: SSP2 | C14: Benin | D14: BEN | E14: =_xlfn.XLOOKUP(D14,[6]Feuil1!$C$2:$C$248,[6]Feuil1!$B$2:$B$248) -> BJ | F14: Population | G14: =_xlfn.XLOOKUP(C14,[3]Sheet1!$B$2:$B$172,[3]Sheet1!$D$2:$D$172) -> Western Africa | H14: million | I14: =[1]data!F15*(_xlfn.XLOOKUP([1]data!$C15,[2]data!$B$2:$B$218,[2]data!E$2:E$218)/100) -> 0.11282185 | J14: =[1]data!G15*(_xlfn.XLOOKUP([1]data!$C15,[2]data!$B$2:$B$218,[2]data!F$2:F$218)/100) -> 0.15967427 | K14: =[1]data!H15*(_xlfn.XLOOKUP([1]data!$C15,[2]data!$B$2:$B$218,[2]data!G$2:G$218)/100) -> 0.23191736 | L14: =[1]data!I15*(_xlfn.XLOOKUP([1]data!$C15,[2]data!$B$2:$B$218,[2]data!H$2:H$218)/100) -> 0.33875963 | M14: =[1]data!J15*(_xlfn.XLOOKUP([1]data!$C15,[2]data!$B$2:$B$218,[2]data!I$2:I$218)/100) -> 0.4996139 | N14: =[1]data!K15*(_xlfn.XLOOKUP([1]data!$C15,[2]data!$B$2:$B$218,[2]data!J$2:J$218)/100) -> 0.73124866 | O14: =[1]data!L15*(_xlfn.XLOOKUP([1]data!$C15,[2]data!$B$2:$B$218,[2]data!K$2:K$218)/100) -> 1.0323645 | P14: =[1]data!M15*(_xlfn.XLOOKUP([1]data!$C15,[2]data!$B$2:$B$218,[2]data!L$2:L$218)/100) -> 1.3413526 | ... AM14: =[1]data!AJ15*(_xlfn.XLOOKUP([1]data!$C15,[2]data!$B$2:$B$218,[2]data!AI$2:AI$218)/100) -> 27.34143
... A19: IIASA-WiC POP 2023 | B19: SSP2 | C19: Bahamas | D19: BHS | E19: =_xlfn.XLOOKUP(D19,[6]Feuil1!$C$2:$C$248,[6]Feuil1!$B$2:$B$248) -> BS | F19: Population | G19: =_xlfn.XLOOKUP(C19,[3]Sheet1!$B$2:$B$172,[3]Sheet1!$D$2:$D$172) -> Central America | H19: million | I19: =[1]data!F20*(_xlfn.XLOOKUP([1]data!$C20,[2]data!$B$2:$B$218,[2]data!E$2:E$218)/100) -> 0.04226352 | J19: =[1]data!G20*(_xlfn.XLOOKUP([1]data!$C20,[2]data!$B$2:$B$218,[2]data!F$2:F$218)/100) -> 0.050747138 | K19: =[1]data!H20*(_xlfn.XLOOKUP([1]data!$C20,[2]data!$B$2:$B$218,[2]data!G$2:G$218)/100) -> 0.066718929 | L19: =[1]data!I20*(_xlfn.XLOOKUP([1]data!$C20,[2]data!$B$2:$B$218,[2]data!H$2:H$218)/100) -> 0.089703063 | M19: =[1]data!J20*(_xlfn.XLOOKUP([1]data!$C20,[2]data!$B$2:$B$218,[2]data!I$2:I$218)/100) -> 0.11777775 | N19: =[1]data!K20*(_xlfn.XLOOKUP([1]data!$C20,[2]data!$B$2:$B$218,[2]data!J$2:J$218)/100) -> 0.1398908 | O19: =[1]data!L20*(_xlfn.XLOOKUP([1]data!$C20,[2]data!$B$2:$B$218,[2]data!K$2:K$218)/100) -> 0.16199983 | P19: =[1]data!M20*(_xlfn.XLOOKUP([1]data!$C20,[2]data!$B$2:$B$218,[2]data!L$2:L$218)/100) -> 0.18675913 | ... AM19: =[1]data!AJ20*(_xlfn.XLOOKUP([1]data!$C20,[2]data!$B$2:$B$218,[2]data!AI$2:AI$218)/100) -> 0.38049123
A20: IIASA-WiC POP 2023 | B20: SSP2 | C20: Bosnia and Herzegovina | D20: BIH | E20: =_xlfn.XLOOKUP(D20,[6]Feuil1!$C$2:$C$248,[6]Feuil1!$B$2:$B$248) -> BA | F20: Population | G20: Central Europe | H20: million | I20: =[1]data!F21*(_xlfn.XLOOKUP([1]data!$C21,[2]data!$B$2:$B$218,[2]data!E$2:E$218)/100) -> 0.36590563 | J20: =[1]data!G21*(_xlfn.XLOOKUP([1]data!$C21,[2]data!$B$2:$B$218,[2]data!F$2:F$218)/100) -> 0.47443223 | K20: =[1]data!H21*(_xlfn.XLOOKUP([1]data!$C21,[2]data!$B$2:$B$218,[2]data!G$2:G$218)/100) -> 0.61390691 | L20: =[1]data!I21*(_xlfn.XLOOKUP([1]data!$C21,[2]data!$B$2:$B$218,[2]data!H$2:H$218)/100) -> 0.80648137 | M20: =[1]data!J21*(_xlfn.XLOOKUP([1]data!$C21,[2]data!$B$2:$B$218,[2]data!I$2:I$218)/100) -> 1.0318298 | N20: =[1]data!K21*(_xlfn.XLOOKUP([1]data!$C21,[2]data!$B$2:$B$218,[2]data!J$2:J$218)/100) -> 1.2528633 | O20: =[1]data!L21*(_xlfn.XLOOKUP([1]data!$C21,[2]data!$B$2:$B$218,[2]data!K$2:K$218)/100) -> 1.484736 | P20: =[1]data!M21*(_xlfn.XLOOKUP([1]data!$C21,[2]data!$B$2:$B$218,[2]data!L$2:L$218)/100) -> 1.642189 | ... AM20: =[1]data!AJ21*(_xlfn.XLOOKUP([1]data!$C21,[2]data!$B$2:$B$218,[2]data!AI$2:AI$218)/100) -> 1.3439226
A21: IIASA-WiC POP 2023 | B21: SSP2 | C21: Belarus | D21: BLR | E21: =_xlfn.XLOOKUP(D21,[6]Feuil1!$C$2:$C$248,[6]Feuil1!$B$2:$B$248) -> BY | F21: Population | G21: =_xlfn.XLOOKUP(C21,[3]Sheet1!$B$2:$B$172,[3]Sheet1!$D$2:$D$172) -> Ukraine region | H21: million | I21: =[1]data!F22*(_xlfn.XLOOKUP([1]data!$C22,[2]data!$B$2:$B$218,[2]data!E$2:E$218)/100) -> 2.0768161 | J21: =[1]data!G22*(_xlfn.XLOOKUP([1]data!$C22,[2]data!$B$2:$B$218,[2]data!F$2:F$218)/100) -> 2.2971746 | K21: =[1]data!H22*(_xlfn.XLOOKUP([1]data!$C22,[2]data!$B$2:$B$218,[2]data!G$2:G$218)/100) -> 2.7010299 | L21: =[1]data!I22*(_xlfn.XLOOKUP([1]data!$C22,[2]data!$B$2:$B$218,[2]data!H$2:H$218)/100) -> 3.3602653 | M21: =[1]data!J22*(_xlfn.XLOOKUP([1]data!$C22,[2]data!$B$2:$B$218,[2]data!I$2:I$218)/100) -> 4.0210342 | N21: =[1]data!K22*(_xlfn.XLOOKUP([1]data!$C22,[2]data!$B$2:$B$218,[2]data!J$2:J$218)/100) -> 4.7914359 | O21: =[1]data!L22*(_xlfn.XLOOKUP([1]data!$C22,[2]data!$B$2:$B$218,[2]data!K$2:K$218)/100) -> 5.5297098 | P21: =[1]data!M22*(_xlfn.XLOOKUP([1]data!$C22,[2]data!$B$2:$B$218,[2]data!L$2:L$218)/100) -> 6.2428117 | ... AM21: =[1]data!AJ22*(_xlfn.XLOOKUP([1]data!$C22,[2]data!$B$2:$B$218,[2]data!AI$2:AI$218)/100) -> 6.7726613
A22: IIASA-WiC POP 2023 | B22: SSP2 | C22: Belize | D22: BLZ | E22: =_xlfn.XLOOKUP(D22,[6]Feuil1!$C$2:$C$248,[6]Feuil1!$B$2:$B$248) -> BZ | F22: Population | G22: =_xlfn.XLOOKUP(C22,[3]Sheet1!$B$2:$B$172,[3]Sheet1!$D$2:$D$172) -> Central America | H22: million | I22: =[1]data!F23*(_xlfn.XLOOKUP([1]data!$C23,[2]data!$B$2:$B$218,[2]data!E$2:E$218)/100) -> 0.037689715 | J22: =[1]data!G23*(_xlfn.XLOOKUP([1]data!$C23,[2]data!$B$2:$B$218,[2]data!F$2:F$218)/100) -> 0.043152283 | K22: =[1]data!H23*(_xlfn.XLOOKUP([1]data!$C23,[2]data!$B$2:$B$218,[2]data!G$2:G$218)/100) -> 0.04872042 | L22: =[1]data!I23*(_xlfn.XLOOKUP([1]data!$C23,[2]data!$B$2:$B$218,[2]data!H$2:H$218)/100) -> 0.0542136 | M22: =[1]data!J23*(_xlfn.XLOOKUP([1]data!$C23,[2]data!$B$2:$B$218,[2]data!I$2:I$218)/100) -> 0.06107199 | N22: =[1]data!K23*(_xlfn.XLOOKUP([1]data!$C23,[2]data!$B$2:$B$218,[2]data!J$2:J$218)/100) -> 0.064997454 | O22: =[1]data!L23*(_xlfn.XLOOKUP([1]data!$C23,[2]data!$B$2:$B$218,[2]data!K$2:K$218)/100) -> 0.07080502 | P22: =[1]data!M23*(_xlfn.XLOOKUP([1]data!$C23,[2]data!$B$2:$B$218,[2]data!L$2:L$218)/100) -> 0.078196008 | ... AM22: =[1]data!AJ23*(_xlfn.XLOOKUP([1]data!$C23,[2]data!$B$2:$B$218,[2]data!AI$2:AI$218)/100) -> 0.44823678
A23: IIASA-WiC POP 2023 | B23: SSP2 | C23: Bolivia | D23: BOL | E23: =_xlfn.XLOOKUP(D23,[6]Feuil1!$C$2:$C$248,[6]Feuil1!$B$2:$B$248) -> BO | F23: Population | G23: =_xlfn.XLOOKUP(C23,[3]Sheet1!$B$2:$B$172,[3]Sheet1!$D$2:$D$172) -> Rest of South America | H23: million | I23: =[1]data!F24*(_xlfn.XLOOKUP([1]data!$C24,[2]data!$B$2:$B$218,[2]data!E$2:E$218)/100) -> 1.0366744 | J23: =[1]data!G24*(_xlfn.XLOOKUP([1]data!$C24,[2]data!$B$2:$B$218,[2]data!F$2:F$218)/100) -> 1.1743985 | K23: =[1]data!H24*(_xlfn.XLOOKUP([1]data!$C24,[2]data!$B$2:$B$218,[2]data!G$2:G$218)/100) -> 1.3503451 | L23: =[1]data!I24*(_xlfn.XLOOKUP([1]data!$C24,[2]data!$B$2:$B$218,[2]data!H$2:H$218)/100) -> 1.559535 | M23: =[1]data!J24*(_xlfn.XLOOKUP([1]data!$C24,[2]data!$B$2:$B$218,[2]data!I$2:I$218)/100) -> 1.8050223 | N23: =[1]data!K24*(_xlfn.XLOOKUP([1]data!$C24,[2]data!$B$2:$B$218,[2]data!J$2:J$218)/100) -> 2.0940174 | O23: =[1]data!L24*(_xlfn.XLOOKUP([1]data!$C24,[2]data!$B$2:$B$218,[2]data!K$2:K$218)/100) -> 2.581174 | P23: =[1]data!M24*(_xlfn.XLOOKUP([1]data!$C24,[2]data!$B$2:$B$218,[2]data!L$2:L$218)/100) -> 3.1906577 | ... AM23: =[1]data!AJ24*(_xlfn.XLOOKUP([1]data!$C24,[2]data!$B$2:$B$218,[2]data!AI$2:AI$218)/100) -> 14.431116
A24: IIASA-WiC POP 2023 | B24: SSP2 | C24: Brazil | D24: BRA | E24: =_xlfn.XLOOKUP(D24,[6]Feuil1!$C$2:$C$248,[6]Feuil1!$B$2:$B$248) -> BR | F24: Population | G24: =_xlfn.XLOOKUP(C24,[3]Sheet1!$B$2:$B$172,[3]Sheet1!$D$2:$D$172) -> Brazil | H24: million | I24: =[1]data!F25*(_xlfn.XLOOKUP([1]data!$C25,[2]data!$B$2:$B$218,[2]data!E$2:E$218)/100) -> 19.240988 | J24: =[1]data!G25*(_xlfn.XLOOKUP([1]data!$C25,[2]data!$B$2:$B$218,[2]data!F$2:F$218)/100) -> 25.378101 | K24: =[1]data!H25*(_xlfn.XLOOKUP([1]data!$C25,[2]data!$B$2:$B$218,[2]data!G$2:G$218)/100) -> 33.181238 | L24: =[1]data!I25*(_xlfn.XLOOKUP([1]data!$C25,[2]data!$B$2:$B$218,[2]data!H$2:H$218)/100) -> 42.555048 | M24: =[1]data!J25*(_xlfn.XLOOKUP([1]data!$C25,[2]data!$B$2:$B$218,[2]data!I$2:I$218)/100) -> 53.203666 | N24: =[1]data!K25*(_xlfn.XLOOKUP([1]data!$C25,[2]data!$B$2:$B$218,[2]data!J$2:J$218)/100) -> 65.311599 | O24: =[1]data!L25*(_xlfn.XLOOKUP([1]data!$C25,[2]data!$B$2:$B$218,[2]data!K$2:K$218)/100) -> 79.158874 | P24: =[1]data!M25*(_xlfn.XLOOKUP([1]data!$C25,[2]data!$B$2:$B$218,[2]data!L$2:L$218)/100) -> 94.602941 | ... AM24: =[1]data!AJ25*(_xlfn.XLOOKUP([1]data!$C25,[2]data!$B$2:$B$218,[2]data!AI$2:AI$218)/100) -> 174.61606
A25: IIASA-WiC POP 2023 | B25: SSP2 | C25: Barbados | D25: BRB | E25: =_xlfn.XLOOKUP(D25,[6]Feuil1!$C$2:$C$248,[6]Feuil1!$B$2:$B$248) -> BB | F25: Population | G25: Central America | H25: million | I25: =[1]data!F26*(_xlfn.XLOOKUP([1]data!$C26,[2]data!$B$2:$B$218,[2]data!E$2:E$218)/100) -> 0.075048651 | J25: =[1]data!G26*(_xlfn.XLOOKUP([1]data!$C26,[2]data!$B$2:$B$218,[2]data!F$2:F$218)/100) -> 0.08242416 | K25: =[1]data!H26*(_xlfn.XLOOKUP([1]data!$C26,[2]data!$B$2:$B$218,[2]data!G$2:G$218)/100) -> 0.085373056 | L25: =[1]data!I26*(_xlfn.XLOOKUP([1]data!$C26,[2]data!$B$2:$B$218,[2]data!H$2:H$218)/100) -> 0.088033848 | M25: =[1]data!J26*(_xlfn.XLOOKUP([1]data!$C26,[2]data!$B$2:$B$218,[2]data!I$2:I$218)/100) -> 0.090603216 | N25: =[1]data!K26*(_xlfn.XLOOKUP([1]data!$C26,[2]data!$B$2:$B$218,[2]data!J$2:J$218)/100) -> 0.095873718 | O25: =[1]data!L26*(_xlfn.XLOOKUP([1]data!$C26,[2]data!$B$2:$B$218,[2]data!K$2:K$218)/100) -> 0.10144338 | P25: =[1]data!M26*(_xlfn.XLOOKUP([1]data!$C26,[2]data!$B$2:$B$218,[2]data!L$2:L$218)/100) -> 0.099705906 | ... AM25: =[1]data!AJ26*(_xlfn.XLOOKUP([1]data!$C26,[2]data!$B$2:$B$218,[2]data!AI$2:AI$218)/100) -> 0.17681969
A26: IIASA-WiC POP 2023 | B26: SSP2 | C26: Brunei Darussalam | D26: BRN | E26: =_xlfn.XLOOKUP(D26,[6]Feuil1!$C$2:$C$248,[6]Feuil1!$B$2:$B$248) -> BN | F26: Population | G26: Southeastern Asia | H26: million | I26: =[1]data!F27*(_xlfn.XLOOKUP([1]data!$C27,[2]data!$B$2:$B$218,[2]data!E$2:E$218)/100) -> 0.012558212 | J26: =[1]data!G27*(_xlfn.XLOOKUP([1]data!$C27,[2]data!$B$2:$B$218,[2]data!F$2:F$218)/100) -> 0.021577944 | K26: =[1]data!H27*(_xlfn.XLOOKUP([1]data!$C27,[2]data!$B$2:$B$218,[2]data!G$2:G$218)/100) -> 0.036122254 | L26: =[1]data!I27*(_xlfn.XLOOKUP([1]data!$C27,[2]data!$B$2:$B$218,[2]data!H$2:H$218)/100) -> 0.055369916 | M26: =[1]data!J27*(_xlfn.XLOOKUP([1]data!$C27,[2]data!$B$2:$B$218,[2]data!I$2:I$218)/100) -> 0.080619688 | N26: =[1]data!K27*(_xlfn.XLOOKUP([1]data!$C27,[2]data!$B$2:$B$218,[2]data!J$2:J$218)/100) -> 0.10076832 | O26: =[1]data!L27*(_xlfn.XLOOKUP([1]data!$C27,[2]data!$B$2:$B$218,[2]data!K$2:K$218)/100) -> 0.11999231 | P26: =[1]data!M27*(_xlfn.XLOOKUP([1]data!$C27,[2]data!$B$2:$B$218,[2]data!L$2:L$218)/100) -> 0.14344478 | ... AM26: =[1]data!AJ27*(_xlfn.XLOOKUP([1]data!$C27,[2]data!$B$2:$B$218,[2]data!AI$2:AI$218)/100) -> 0.48775752
A27: IIASA-WiC POP 2023 | B27: SSP2 | C27: Bhutan | D27: BTN | E27: =_xlfn.XLOOKUP(D27,[6]Feuil1!$C$2:$C$248,[6]Feuil1!$B$2:$B$248) -> BT | F27: Population | G27: Rest of South Asia | H27: million | I27: =[1]data!F28*(_xlfn.XLOOKUP([1]data!$C28,[2]data!$B$2:$B$218,[2]data!E$2:E$218)/100) -> 0.003668931 | J27: =[1]data!G28*(_xlfn.XLOOKUP([1]data!$C28,[2]data!$B$2:$B$218,[2]data!F$2:F$218)/100) -> 0.005425308 | K27: =[1]data!H28*(_xlfn.XLOOKUP([1]data!$C28,[2]data!$B$2:$B$218,[2]data!G$2:G$218)/100) -> 0.007864236 | L27: =[1]data!I28*(_xlfn.XLOOKUP([1]data!$C28,[2]data!$B$2:$B$218,[2]data!H$2:H$218)/100) -> 0.011802922 | M27: =[1]data!J28*(_xlfn.XLOOKUP([1]data!$C28,[2]data!$B$2:$B$218,[2]data!I$2:I$218)/100) -> 0.017934549 | N27: =[1]data!K28*(_xlfn.XLOOKUP([1]data!$C28,[2]data!$B$2:$B$218,[2]data!J$2:J$218)/100) -> 0.02736955 | O27: =[1]data!L28*(_xlfn.XLOOKUP([1]data!$C28,[2]data!$B$2:$B$218,[2]data!K$2:K$218)/100) -> 0.041269307 | P27: =[1]data!M28*(_xlfn.XLOOKUP([1]data!$C28,[2]data!$B$2:$B$218,[2]data!L$2:L$218)/100) -> 0.061570668 | ... AM27: =[1]data!AJ28*(_xlfn.XLOOKUP([1]data!$C28,[2]data!$B$2:$B$218,[2]data!AI$2:AI$218)/100) -> 0.52196766
A28: IIASA-WiC POP 2023 | B28: SSP2 | C28: Botswana | D28: BWA | E28: =_xlfn.XLOOKUP(D28,[6]Feuil1!$C$2:$C$248,[6]Feuil1!$B$2:$B$248) -> BW | F28: Population | G28: =_xlfn.XLOOKUP(C28,[3]Sheet1!$B$2:$B$172,[3]Sheet1!$D$2:$D$172) -> Rest of Southern Africa | H28: million | I28: =[1]data!F29*(_xlfn.XLOOKUP([1]data!$C29,[2]data!$B$2:$B$218,[2]data!E$2:E$218)/100) -> 0.011038437 | J28: =[1]data!G29*(_xlfn.XLOOKUP([1]data!$C29,[2]data!$B$2:$B$218,[2]data!F$2:F$218)/100) -> 0.013255958 | K28: =[1]data!H29*(_xlfn.XLOOKUP([1]data!$C29,[2]data!$B$2:$B$218,[2]data!G$2:G$218)/100) -> 0.015723944 | L28: =[1]data!I29*(_xlfn.XLOOKUP([1]data!$C29,[2]data!$B$2:$B$218,[2]data!H$2:H$218)/100) -> 0.021622874 | M28: =[1]data!J29*(_xlfn.XLOOKUP([1]data!$C29,[2]data!$B$2:$B$218,[2]data!I$2:I$218)/100) -> 0.045928662 | N28: =[1]data!K29*(_xlfn.XLOOKUP([1]data!$C29,[2]data!$B$2:$B$218,[2]data!J$2:J$218)/100) -> 0.08439837 | O28: =[1]data!L29*(_xlfn.XLOOKUP([1]data!$C29,[2]data!$B$2:$B$218,[2]data!K$2:K$218)/100) -> 0.15112812 | P28: =[1]data!M29*(_xlfn.XLOOKUP([1]data!$C29,[2]data!$B$2:$B$218,[2]data!L$2:L$218)/100) -> 0.29868169 | ... AM28: =[1]data!AJ29*(_xlfn.XLOOKUP([1]data!$C29,[2]data!$B$2:$B$218,[2]data!AI$2:AI$218)/100) -> 3.002959
A29: IIASA-WiC POP 2023 | B29: SSP2 | C29: Central African Republic | D29: CAF | E29: =_xlfn.XLOOKUP(D29,[6]Feuil1!$C$2:$C$248,[6]Feuil1!$B$2:$B$248) -> CF | F29: Population | G29: =_xlfn.XLOOKUP(C29,[3]Sheet1!$B$2:$B$172,[3]Sheet1!$D$2:$D$172) -> Western Africa | H29: million | I29: =[1]data!F30*(_xlfn.XLOOKUP([1]data!$C30,[2]data!$B$2:$B$218,[2]data!E$2:E$218)/100) -> 0.20541816 | J29: =[1]data!G30*(_xlfn.XLOOKUP([1]data!$C30,[2]data!$B$2:$B$218,[2]data!F$2:F$218)/100) -> 0.26229057 | K29: =[1]data!H30*(_xlfn.XLOOKUP([1]data!$C30,[2]data!$B$2:$B$218,[2]data!G$2:G$218)/100) -> 0.33461797 | L29: =[1]data!I30*(_xlfn.XLOOKUP([1]data!$C30,[2]data!$B$2:$B$218,[2]data!H$2:H$218)/100) -> 0.43003261 | M29: =[1]data!J30*(_xlfn.XLOOKUP([1]data!$C30,[2]data!$B$2:$B$218,[2]data!I$2:I$218)/100) -> 0.56236318 | N29: =[1]data!K30*(_xlfn.XLOOKUP([1]data!$C30,[2]data!$B$2:$B$218,[2]data!J$2:J$218)/100) -> 0.7236272 | O29: =[1]data!L30*(_xlfn.XLOOKUP([1]data!$C30,[2]data!$B$2:$B$218,[2]data!K$2:K$218)/100) -> 0.81450242 | P29: =[1]data!M30*(_xlfn.XLOOKUP([1]data!$C30,[2]data!$B$2:$B$218,[2]data!L$2:L$218)/100) -> 0.90099745 | ... AM29: =[1]data!AJ30*(_xlfn.XLOOKUP([1]data!$C30,[2]data!$B$2:$B$218,[2]data!AI$2:AI$218)/100) -> 13.687156
A30: IIASA-WiC POP 2023 | B30: SSP2 | C30: Canada | D30: CAN | E30: =_xlfn.XLOOKUP(D30,[6]Feuil1!$C$2:$C$248,[6]Feuil1!$B$2:$B$248) -> CA | F30: Population | G30: =_xlfn.XLOOKUP(C30,[3]Sheet1!$B$2:$B$172,[3]Sheet1!$D$2:$D$172) -> Canada | H30: million | I30: =[1]data!F31*(_xlfn.XLOOKUP([1]data!$C31,[2]data!$B$2:$B$218,[2]data!E$2:E$218)/100) -> 8.2784969 | J30: =[1]data!G31*(_xlfn.XLOOKUP([1]data!$C31,[2]data!$B$2:$B$218,[2]data!F$2:F$218)/100) -> 10.207114 | K30: =[1]data!H31*(_xlfn.XLOOKUP([1]data!$C31,[2]data!$B$2:$B$218,[2]data!G$2:G$218)/100) -> 12.245174 | L30: =[1]data!I31*(_xlfn.XLOOKUP([1]data!$C31,[2]data!$B$2:$B$218,[2]data!H$2:H$218)/100) -> 14.219676 | M30: =[1]data!J31*(_xlfn.XLOOKUP([1]data!$C31,[2]data!$B$2:$B$218,[2]data!I$2:I$218)/100) -> 16.034425 | N30: =[1]data!K31*(_xlfn.XLOOKUP([1]data!$C31,[2]data!$B$2:$B$218,[2]data!J$2:J$218)/100) -> 17.369482 | O30: =[1]data!L31*(_xlfn.XLOOKUP([1]data!$C31,[2]data!$B$2:$B$218,[2]data!K$2:K$218)/100) -> 18.437686 | P30: =[1]data!M31*(_xlfn.XLOOKUP([1]data!$C31,[2]data!$B$2:$B$218,[2]data!L$2:L$218)/100) -> 19.650786 | ... AM30: =[1]data!AJ31*(_xlfn.XLOOKUP([1]data!$C31,[2]data!$B$2:$B$218,[2]data!AI$2:AI$218)/100) -> 41.823939
A31: IIASA-WiC POP 2023 | B31: SSP2 | C31: Switzerland | D31: CHE | E31: =_xlfn.XLOOKUP(D31,[6]Feuil1!$C$2:$C$248,[6]Feuil1!$B$2:$B$248) -> CH | F31: Population | G31: =_xlfn.XLOOKUP(C31,[3]Sheet1!$B$2:$B$172,[3]Sheet1!$D$2:$D$172) -> Western Europe | H31: million | I31: =[1]data!F32*(_xlfn.XLOOKUP([1]data!$C32,[2]data!$B$2:$B$218,[2]data!E$2:E$218)/100) -> 3.1462913 | J31: =[1]data!G32*(_xlfn.XLOOKUP([1]data!$C32,[2]data!$B$2:$B$218,[2]data!F$2:F$218)/100) -> 3.4347578 | K31: =[1]data!H32*(_xlfn.XLOOKUP([1]data!$C32,[2]data!$B$2:$B$218,[2]data!G$2:G$218)/100) -> 3.7549009 | L31: =[1]data!I32*(_xlfn.XLOOKUP([1]data!$C32,[2]data!$B$2:$B$218,[2]data!H$2:H$218)/100) -> 4.2207122 | M31: =[1]data!J32*(_xlfn.XLOOKUP([1]data!$C32,[2]data!$B$2:$B$218,[2]data!I$2:I$218)/100) -> 4.552781 | N31: =[1]data!K32*(_xlfn.XLOOKUP([1]data!$C32,[2]data!$B$2:$B$218,[2]data!J$2:J$218)/100) -> 4.7161335 | O31: =[1]data!L32*(_xlfn.XLOOKUP([1]data!$C32,[2]data!$B$2:$B$218,[2]data!K$2:K$218)/100) -> 4.6960352 | P31: =[1]data!M32*(_xlfn.XLOOKUP([1]data!$C32,[2]data!$B$2:$B$218,[2]data!L$2:L$218)/100) -> 4.7899083 | ... AM31: =[1]data!AJ32*(_xlfn.XLOOKUP([1]data!$C32,[2]data!$B$2:$B$218,[2]data!AI$2:AI$218)/100) -> 9.4617805
A32: IIASA-WiC POP 2023 | B32: SSP2 | C32: Chile | D32: CHL | E32: =_xlfn.XLOOKUP(D32,[6]Feuil1!$C$2:$C$248,[6]Feuil1!$B$2:$B$248) -> CL | F32: Population | G32: =_xlfn.XLOOKUP(C32,[3]Sheet1!$B$2:$B$172,[3]Sheet1!$D$2:$D$172) -> Rest of South America | H32: million | I32: =[1]data!F33*(_xlfn.XLOOKUP([1]data!$C33,[2]data!$B$2:$B$218,[2]data!E$2:E$218)/100) -> 3.8333141 | J32: =[1]data!G33*(_xlfn.XLOOKUP([1]data!$C33,[2]data!$B$2:$B$218,[2]data!F$2:F$218)/100) -> 4.5870497 | K32: =[1]data!H33*(_xlfn.XLOOKUP([1]data!$C33,[2]data!$B$2:$B$218,[2]data!G$2:G$218)/100) -> 5.462227 | L32: =[1]data!I33*(_xlfn.XLOOKUP([1]data!$C33,[2]data!$B$2:$B$218,[2]data!H$2:H$218)/100) -> 6.3888335 | M32: =[1]data!J33*(_xlfn.XLOOKUP([1]data!$C33,[2]data!$B$2:$B$218,[2]data!I$2:I$218)/100) -> 7.3231241 | N32: =[1]data!K33*(_xlfn.XLOOKUP([1]data!$C33,[2]data!$B$2:$B$218,[2]data!J$2:J$218)/100) -> 8.2753889 | O32: =[1]data!L33*(_xlfn.XLOOKUP([1]data!$C33,[2]data!$B$2:$B$218,[2]data!K$2:K$218)/100) -> 9.2461352 | P32: =[1]data!M33*(_xlfn.XLOOKUP([1]data!$C33,[2]data!$B$2:$B$218,[2]data!L$2:L$218)/100) -> 10.106004 | ... AM32: =[1]data!AJ33*(_xlfn.XLOOKUP([1]data!$C33,[2]data!$B$2:$B$218,[2]data!AI$2:AI$218)/100) -> 16.221197
A33: IIASA-WiC POP 2023 | B33: SSP2 | C33: China | D33: CHN | E33: =_xlfn.XLOOKUP(D33,[6]Feuil1!$C$2:$C$248,[6]Feuil1!$B$2:$B$248) -> CN | F33: Population | G33: =_xlfn.XLOOKUP(C33,[3]Sheet1!$B$2:$B$172,[3]Sheet1!$D$2:$D$172) -> China region | H33: million | I33: =[1]data!F34*(_xlfn.XLOOKUP([1]data!$C34,[2]data!$B$2:$B$218,[2]data!E$2:E$218)/100) -> 63.624421 | J33: =[1]data!G34*(_xlfn.XLOOKUP([1]data!$C34,[2]data!$B$2:$B$218,[2]data!F$2:F$218)/100) -> 82.92242 | K33: =[1]data!H34*(_xlfn.XLOOKUP([1]data!$C34,[2]data!$B$2:$B$218,[2]data!G$2:G$218)/100) -> 105.9952 | L33: =[1]data!I34*(_xlfn.XLOOKUP([1]data!$C34,[2]data!$B$2:$B$218,[2]data!H$2:H$218)/100) -> 129.25916 | M33: =[1]data!J34*(_xlfn.XLOOKUP([1]data!$C34,[2]data!$B$2:$B$218,[2]data!I$2:I$218)/100) -> 141.25097 | N33: =[1]data!K34*(_xlfn.XLOOKUP([1]data!$C34,[2]data!$B$2:$B$218,[2]data!J$2:J$218)/100) -> 157.96117 | O33: =[1]data!L34*(_xlfn.XLOOKUP([1]data!$C34,[2]data!$B$2:$B$218,[2]data!K$2:K$218)/100) -> 189.18053 | P33: =[1]data!M34*(_xlfn.XLOOKUP([1]data!$C34,[2]data!$B$2:$B$218,[2]data!L$2:L$218)/100) -> 240.89093 | ... AM33: =[1]data!AJ34*(_xlfn.XLOOKUP([1]data!$C34,[2]data!$B$2:$B$218,[2]data!AI$2:AI$218)/100) -> 660.05001
A34: IIASA-WiC POP 2023 | B34: SSP2 | C34: Cote d'Ivoire | D34: CIV | E34: =_xlfn.XLOOKUP(D34,[6]Feuil1!$C$2:$C$248,[6]Feuil1!$B$2:$B$248) -> CI | F34: Population | G34: Western Africa | H34: million | I34: =[1]data!F35*(_xlfn.XLOOKUP([1]data!$C35,[2]data!$B$2:$B$218,[2]data!E$2:E$218)/100) -> 0.2698514 | J34: =[1]data!G35*(_xlfn.XLOOKUP([1]data!$C35,[2]data!$B$2:$B$218,[2]data!F$2:F$218)/100) -> 0.4070673 | K34: =[1]data!H35*(_xlfn.XLOOKUP([1]data!$C35,[2]data!$B$2:$B$218,[2]data!G$2:G$218)/100) -> 0.64455329 | L34: =[1]data!I35*(_xlfn.XLOOKUP([1]data!$C35,[2]data!$B$2:$B$218,[2]data!H$2:H$218)/100) -> 1.07935 | M34: =[1]data!J35*(_xlfn.XLOOKUP([1]data!$C35,[2]data!$B$2:$B$218,[2]data!I$2:I$218)/100) -> 1.5118976 | N34: =[1]data!K35*(_xlfn.XLOOKUP([1]data!$C35,[2]data!$B$2:$B$218,[2]data!J$2:J$218)/100) -> 2.1568107 | O34: =[1]data!L35*(_xlfn.XLOOKUP([1]data!$C35,[2]data!$B$2:$B$218,[2]data!K$2:K$218)/100) -> 2.9982123 | P34: =[1]data!M35*(_xlfn.XLOOKUP([1]data!$C35,[2]data!$B$2:$B$218,[2]data!L$2:L$218)/100) -> 3.7111703 | ... AM34: =[1]data!AJ35*(_xlfn.XLOOKUP([1]data!$C35,[2]data!$B$2:$B$218,[2]data!AI$2:AI$218)/100) -> 43.455607
A35: IIASA-WiC POP 2023 | B35: SSP2 | C35: Cameroon | D35: CMR | E35: =_xlfn.XLOOKUP(D35,[6]Feuil1!$C$2:$C$248,[6]Feuil1!$B$2:$B$248) -> CM | F35: Population | G35: =_xlfn.XLOOKUP(C35,[3]Sheet1!$B$2:$B$172,[3]Sheet1!$D$2:$D$172) -> Western Africa | H35: million | I35: =[1]data!F36*(_xlfn.XLOOKUP([1]data!$C36,[2]data!$B$2:$B$218,[2]data!E$2:E$218)/100) -> 0.39832337 | J35: =[1]data!G36*(_xlfn.XLOOKUP([1]data!$C36,[2]data!$B$2:$B$218,[2]data!F$2:F$218)/100) -> 0.52784428 | K35: =[1]data!H36*(_xlfn.XLOOKUP([1]data!$C36,[2]data!$B$2:$B$218,[2]data!G$2:G$218)/100) -> 0.70582004 | L35: =[1]data!I36*(_xlfn.XLOOKUP([1]data!$C36,[2]data!$B$2:$B$218,[2]data!H$2:H$218)/100) -> 0.9500744 | M35: =[1]data!J36*(_xlfn.XLOOKUP([1]data!$C36,[2]data!$B$2:$B$218,[2]data!I$2:I$218)/100) -> 1.2926072 | N35: =[1]data!K36*(_xlfn.XLOOKUP([1]data!$C36,[2]data!$B$2:$B$218,[2]data!J$2:J$218)/100) -> 1.991345 | O35: =[1]data!L36*(_xlfn.XLOOKUP([1]data!$C36,[2]data!$B$2:$B$218,[2]data!K$2:K$218)/100) -> 2.6663044 | P35: =[1]data!M36*(_xlfn.XLOOKUP([1]data!$C36,[2]data!$B$2:$B$218,[2]data!L$2:L$218)/100) -> 3.4944352 | ... AM35: =[1]data!AJ36*(_xlfn.XLOOKUP([1]data!$C36,[2]data!$B$2:$B$218,[2]data!AI$2:AI$218)/100) -> 49.049704
A36: IIASA-WiC POP 2023 | B36: SSP2 | C36: Democratic Republic of the Congo | D36: COD | E36: =_xlfn.XLOOKUP(D36,[6]Feuil1!$C$2:$C$248,[6]Feuil1!$B$2:$B$248) -> CD | F36: Population | G36: Western Africa | H36: million | I36: =[1]data!F37*(_xlfn.XLOOKUP([1]data!$C37,[2]data!$B$2:$B$218,[2]data!E$2:E$218)/100) -> 2.3252434 | J36: =[1]data!G37*(_xlfn.XLOOKUP([1]data!$C37,[2]data!$B$2:$B$218,[2]data!F$2:F$218)/100) -> 2.7926954 | K36: =[1]data!H37*(_xlfn.XLOOKUP([1]data!$C37,[2]data!$B$2:$B$218,[2]data!G$2:G$218)/100) -> 3.3631767 | L36: =[1]data!I37*(_xlfn.XLOOKUP([1]data!$C37,[2]data!$B$2:$B$218,[2]data!H$2:H$218)/100) -> 4.0231447 | M36: =[1]data!J37*(_xlfn.XLOOKUP([1]data!$C37,[2]data!$B$2:$B$218,[2]data!I$2:I$218)/100) -> 4.8867807 | N36: =[1]data!K37*(_xlfn.XLOOKUP([1]data!$C37,[2]data!$B$2:$B$218,[2]data!J$2:J$218)/100) -> 5.8690967 | O36: =[1]data!L37*(_xlfn.XLOOKUP([1]data!$C37,[2]data!$B$2:$B$218,[2]data!K$2:K$218)/100) -> 7.1367641 | P36: =[1]data!M37*(_xlfn.XLOOKUP([1]data!$C37,[2]data!$B$2:$B$218,[2]data!L$2:L$218)/100) -> 8.6510829 | ... AM36: =[1]data!AJ37*(_xlfn.XLOOKUP([1]data!$C37,[2]data!$B$2:$B$218,[2]data!AI$2:AI$218)/100) -> 271.37087
A37: IIASA-WiC POP 2023 | B37: SSP2 | C37: Congo | D37: COG | E37: =_xlfn.XLOOKUP(D37,[6]Feuil1!$C$2:$C$248,[6]Feuil1!$B$2:$B$248) -> CG | F37: Population | G37: Western Africa | H37: million | I37: =[1]data!F38*(_xlfn.XLOOKUP([1]data!$C38,[2]data!$B$2:$B$218,[2]data!E$2:E$218)/100) -> 0.20573351 | J37: =[1]data!G38*(_xlfn.XLOOKUP([1]data!$C38,[2]data!$B$2:$B$218,[2]data!F$2:F$218)/100) -> 0.25923009 | K37: =[1]data!H38*(_xlfn.XLOOKUP([1]data!$C38,[2]data!$B$2:$B$218,[2]data!G$2:G$218)/100) -> 0.32930518 | L37: =[1]data!I38*(_xlfn.XLOOKUP([1]data!$C38,[2]data!$B$2:$B$218,[2]data!H$2:H$218)/100) -> 0.42022991 | M37: =[1]data!J38*(_xlfn.XLOOKUP([1]data!$C38,[2]data!$B$2:$B$218,[2]data!I$2:I$218)/100) -> 0.53797768 | N37: =[1]data!K38*(_xlfn.XLOOKUP([1]data!$C38,[2]data!$B$2:$B$218,[2]data!J$2:J$218)/100) -> 0.69484722 | O37: =[1]data!L38*(_xlfn.XLOOKUP([1]data!$C38,[2]data!$B$2:$B$218,[2]data!K$2:K$218)/100) -> 0.86636299 | P37: =[1]data!M38*(_xlfn.XLOOKUP([1]data!$C38,[2]data!$B$2:$B$218,[2]data!L$2:L$218)/100) -> 1.0605933 | ... AM37: =[1]data!AJ38*(_xlfn.XLOOKUP([1]data!$C38,[2]data!$B$2:$B$218,[2]data!AI$2:AI$218)/100) -> 11.318779
A38: IIASA-WiC POP 2023 | B38: SSP2 | C38: Colombia | D38: COL | E38: =_xlfn.XLOOKUP(D38,[6]Feuil1!$C$2:$C$248,[6]Feuil1!$B$2:$B$248) -> CO | F38: Population | G38: =_xlfn.XLOOKUP(C38,[3]Sheet1!$B$2:$B$172,[3]Sheet1!$D$2:$D$172) -> Rest of South America | H38: million | I38: =[1]data!F39*(_xlfn.XLOOKUP([1]data!$C39,[2]data!$B$2:$B$218,[2]data!E$2:E$218)/100) -> 3.7864391 | J38: =[1]data!G39*(_xlfn.XLOOKUP([1]data!$C39,[2]data!$B$2:$B$218,[2]data!F$2:F$218)/100) -> 5.2203808 | K38: =[1]data!H39*(_xlfn.XLOOKUP([1]data!$C39,[2]data!$B$2:$B$218,[2]data!G$2:G$218)/100) -> 7.1507577 | L38: =[1]data!I39*(_xlfn.XLOOKUP([1]data!$C39,[2]data!$B$2:$B$218,[2]data!H$2:H$218)/100) -> 9.5073301 | M38: =[1]data!J39*(_xlfn.XLOOKUP([1]data!$C39,[2]data!$B$2:$B$218,[2]data!I$2:I$218)/100) -> 11.687872 | N38: =[1]data!K39*(_xlfn.XLOOKUP([1]data!$C39,[2]data!$B$2:$B$218,[2]data!J$2:J$218)/100) -> 13.958816 | O38: =[1]data!L39*(_xlfn.XLOOKUP([1]data!$C39,[2]data!$B$2:$B$218,[2]data!K$2:K$218)/100) -> 16.48033 | P38: =[1]data!M39*(_xlfn.XLOOKUP([1]data!$C39,[2]data!$B$2:$B$218,[2]data!L$2:L$218)/100) -> 19.438327 | ... AM38: =[1]data!AJ39*(_xlfn.XLOOKUP([1]data!$C39,[2]data!$B$2:$B$218,[2]data!AI$2:AI$218)/100) -> 46.815044
A39: IIASA-WiC POP 2023 | B39: SSP2 | C39: Comoros | D39: COM | E39: =_xlfn.XLOOKUP(D39,[6]Feuil1!$C$2:$C$248,[6]Feuil1!$B$2:$B$248) -> KM | F39: Population | G39: Eastern Africa | H39: million | I39: =[1]data!F40*(_xlfn.XLOOKUP([1]data!$C40,[2]data!$B$2:$B$218,[2]data!E$2:E$218)/100) -> 0.010557294 | J39: =[1]data!G40*(_xlfn.XLOOKUP([1]data!$C40,[2]data!$B$2:$B$218,[2]data!F$2:F$218)/100) -> 0.016226132 | K39: =[1]data!H40*(_xlfn.XLOOKUP([1]data!$C40,[2]data!$B$2:$B$218,[2]data!G$2:G$218)/100) -> 0.024319638 | L39: =[1]data!I40*(_xlfn.XLOOKUP([1]data!$C40,[2]data!$B$2:$B$218,[2]data!H$2:H$218)/100) -> 0.03616767 | M39: =[1]data!J40*(_xlfn.XLOOKUP([1]data!$C40,[2]data!$B$2:$B$218,[2]data!I$2:I$218)/100) -> 0.046383848 | N39: =[1]data!K40*(_xlfn.XLOOKUP([1]data!$C40,[2]data!$B$2:$B$218,[2]data!J$2:J$218)/100) -> 0.058476172 | O39: =[1]data!L40*(_xlfn.XLOOKUP([1]data!$C40,[2]data!$B$2:$B$218,[2]data!K$2:K$218)/100) -> 0.07500444 | P39: =[1]data!M40*(_xlfn.XLOOKUP([1]data!$C40,[2]data!$B$2:$B$218,[2]data!L$2:L$218)/100) -> 0.094490505 | ... AM39: =[1]data!AJ40*(_xlfn.XLOOKUP([1]data!$C40,[2]data!$B$2:$B$218,[2]data!AI$2:AI$218)/100) -> 1.0234322
A40: IIASA-WiC POP 2023 | B40: SSP2 | C40: Cabo Verde | D40: CPV | E40: =_xlfn.XLOOKUP(D40,[6]Feuil1!$C$2:$C$248,[6]Feuil1!$B$2:$B$248) -> CV | F40: Population | G40: Western Africa | H40: million | I40: =[1]data!F41*(_xlfn.XLOOKUP([1]data!$C41,[2]data!$B$2:$B$218,[2]data!E$2:E$218)/100) -> 0.026112522 | J40: =[1]data!G41*(_xlfn.XLOOKUP([1]data!$C41,[2]data!$B$2:$B$218,[2]data!F$2:F$218)/100) -> 0.029940372 | K40: =[1]data!H41*(_xlfn.XLOOKUP([1]data!$C41,[2]data!$B$2:$B$218,[2]data!G$2:G$218)/100) -> 0.03473433 | L40: =[1]data!I41*(_xlfn.XLOOKUP([1]data!$C41,[2]data!$B$2:$B$218,[2]data!H$2:H$218)/100) -> 0.043475295 | M40: =[1]data!J41*(_xlfn.XLOOKUP([1]data!$C41,[2]data!$B$2:$B$218,[2]data!I$2:I$218)/100) -> 0.055501712 | N40: =[1]data!K41*(_xlfn.XLOOKUP([1]data!$C41,[2]data!$B$2:$B$218,[2]data!J$2:J$218)/100) -> 0.06483344 | O40: =[1]data!L41*(_xlfn.XLOOKUP([1]data!$C41,[2]data!$B$2:$B$218,[2]data!K$2:K$218)/100) -> 0.0740626 | P40: =[1]data!M41*(_xlfn.XLOOKUP([1]data!$C41,[2]data!$B$2:$B$218,[2]data!L$2:L$218)/100) -> 0.10637014 | ... AM40: =[1]data!AJ41*(_xlfn.XLOOKUP([1]data!$C41,[2]data!$B$2:$B$218,[2]data!AI$2:AI$218)/100) -> 0.53752033
A41: IIASA-WiC POP 2023 | B41: SSP2 | C41: Costa Rica | D41: CRI | E41: =_xlfn.XLOOKUP(D41,[6]Feuil1!$C$2:$C$248,[6]Feuil1!$B$2:$B$248) -> CR | F41: Population | G41: =_xlfn.XLOOKUP(C41,[3]Sheet1!$B$2:$B$172,[3]Sheet1!$D$2:$D$172) -> Central America | H41: million | I41: =[1]data!F42*(_xlfn.XLOOKUP([1]data!$C42,[2]data!$B$2:$B$218,[2]data!E$2:E$218)/100) -> 0.31266254 | J41: =[1]data!G42*(_xlfn.XLOOKUP([1]data!$C42,[2]data!$B$2:$B$218,[2]data!F$2:F$218)/100) -> 0.3743021 | K41: =[1]data!H42*(_xlfn.XLOOKUP([1]data!$C42,[2]data!$B$2:$B$218,[2]data!G$2:G$218)/100) -> 0.45334756 | L41: =[1]data!I42*(_xlfn.XLOOKUP([1]data!$C42,[2]data!$B$2:$B$218,[2]data!H$2:H$218)/100) -> 0.56446612 | M41: =[1]data!J42*(_xlfn.XLOOKUP([1]data!$C42,[2]data!$B$2:$B$218,[2]data!I$2:I$218)/100) -> 0.7103923 | N41: =[1]data!K42*(_xlfn.XLOOKUP([1]data!$C42,[2]data!$B$2:$B$218,[2]data!J$2:J$218)/100) -> 0.86093402 | O41: =[1]data!L42*(_xlfn.XLOOKUP([1]data!$C42,[2]data!$B$2:$B$218,[2]data!K$2:K$218)/100) -> 1.0263748 | P41: =[1]data!M42*(_xlfn.XLOOKUP([1]data!$C42,[2]data!$B$2:$B$218,[2]data!L$2:L$218)/100) -> 1.2409872 | ... AM41: =[1]data!AJ42*(_xlfn.XLOOKUP([1]data!$C42,[2]data!$B$2:$B$218,[2]data!AI$2:AI$218)/100) -> 4.6161457
A42: IIASA-WiC POP 2023 | B42: SSP2 | C42: Cuba | D42: CUB | E42: =_xlfn.XLOOKUP(D42,[6]Feuil1!$C$2:$C$248,[6]Feuil1!$B$2:$B$248) -> CU | F42: Population | G42: =_xlfn.XLOOKUP(C42,[3]Sheet1!$B$2:$B$172,[3]Sheet1!$D$2:$D$172) -> Central America | H42: million | I42: =[1]data!F43*(_xlfn.XLOOKUP([1]data!$C43,[2]data!$B$2:$B$218,[2]data!E$2:E$218)/100) -> 3.3142352 | J42: =[1]data!G43*(_xlfn.XLOOKUP([1]data!$C43,[2]data!$B$2:$B$218,[2]data!F$2:F$218)/100) -> 3.7330869 | K42: =[1]data!H43*(_xlfn.XLOOKUP([1]data!$C43,[2]data!$B$2:$B$218,[2]data!G$2:G$218)/100) -> 4.200462 | L42: =[1]data!I43*(_xlfn.XLOOKUP([1]data!$C43,[2]data!$B$2:$B$218,[2]data!H$2:H$218)/100) -> 4.7354478 | M42: =[1]data!J43*(_xlfn.XLOOKUP([1]data!$C43,[2]data!$B$2:$B$218,[2]data!I$2:I$218)/100) -> 5.3000601 | N42: =[1]data!K43*(_xlfn.XLOOKUP([1]data!$C43,[2]data!$B$2:$B$218,[2]data!J$2:J$218)/100) -> 6.0780124 | O42: =[1]data!L43*(_xlfn.XLOOKUP([1]data!$C43,[2]data!$B$2:$B$218,[2]data!K$2:K$218)/100) -> 6.6697944 | P42: =[1]data!M43*(_xlfn.XLOOKUP([1]data!$C43,[2]data!$B$2:$B$218,[2]data!L$2:L$218)/100) -> 7.1655943 | ... AM42: =[1]data!AJ43*(_xlfn.XLOOKUP([1]data!$C43,[2]data!$B$2:$B$218,[2]data!AI$2:AI$218)/100) -> 7.441229
A43: IIASA-WiC POP 2023 | B43: SSP2 | C43: Curacao | D43: CUW | E43: =_xlfn.XLOOKUP(D43,[6]Feuil1!$C$2:$C$248,[6]Feuil1!$B$2:$B$248) -> #N/A | F43: Population | G43: Rest of South America | H43: million | I43: =[1]data!F44*(_xlfn.XLOOKUP([1]data!$C44,[2]data!$B$2:$B$218,[2]data!E$2:E$218)/100) -> 0.069153406 | J43: =[1]data!G44*(_xlfn.XLOOKUP([1]data!$C44,[2]data!$B$2:$B$218,[2]data!F$2:F$218)/100) -> 0.082235332 | K43: =[1]data!H44*(_xlfn.XLOOKUP([1]data!$C44,[2]data!$B$2:$B$218,[2]data!G$2:G$218)/100) -> 0.09743121 | L43: =[1]data!I44*(_xlfn.XLOOKUP([1]data!$C44,[2]data!$B$2:$B$218,[2]data!H$2:H$218)/100) -> 0.10729132 | M43: =[1]data!J44*(_xlfn.XLOOKUP([1]data!$C44,[2]data!$B$2:$B$218,[2]data!I$2:I$218)/100) -> 0.11724798 | N43: =[1]data!K44*(_xlfn.XLOOKUP([1]data!$C44,[2]data!$B$2:$B$218,[2]data!J$2:J$218)/100) -> 0.12426268 | O43: =[1]data!L44*(_xlfn.XLOOKUP([1]data!$C44,[2]data!$B$2:$B$218,[2]data!K$2:K$218)/100) -> 0.12820105 | P43: =[1]data!M44*(_xlfn.XLOOKUP([1]data!$C44,[2]data!$B$2:$B$218,[2]data!L$2:L$218)/100) -> 0.13054859 | ... AM43: =[1]data!AJ44*(_xlfn.XLOOKUP([1]data!$C44,[2]data!$B$2:$B$218,[2]data!AI$2:AI$218)/100) -> 0.22172259
A44: IIASA-WiC POP 2023 | B44: SSP2 | C44: Cyprus | D44: CYP | E44: =_xlfn.XLOOKUP(D44,[6]Feuil1!$C$2:$C$248,[6]Feuil1!$B$2:$B$248) -> CY | F44: Population | G44: =_xlfn.XLOOKUP(C44,[3]Sheet1!$B$2:$B$172,[3]Sheet1!$D$2:$D$172) -> Central Europe | H44: million | I44: =[1]data!F45*(_xlfn.XLOOKUP([1]data!$C45,[2]data!$B$2:$B$218,[2]data!E$2:E$218)/100) -> 0.13927218 | J44: =[1]data!G45*(_xlfn.XLOOKUP([1]data!$C45,[2]data!$B$2:$B$218,[2]data!F$2:F$218)/100) -> 0.17108406 | K44: =[1]data!H45*(_xlfn.XLOOKUP([1]data!$C45,[2]data!$B$2:$B$218,[2]data!G$2:G$218)/100) -> 0.20642696 | L44: =[1]data!I45*(_xlfn.XLOOKUP([1]data!$C45,[2]data!$B$2:$B$218,[2]data!H$2:H$218)/100) -> 0.23484558 | M44: =[1]data!J45*(_xlfn.XLOOKUP([1]data!$C45,[2]data!$B$2:$B$218,[2]data!I$2:I$218)/100) -> 0.26067365 | N44: =[1]data!K45*(_xlfn.XLOOKUP([1]data!$C45,[2]data!$B$2:$B$218,[2]data!J$2:J$218)/100) -> 0.30502682 | O44: =[1]data!L45*(_xlfn.XLOOKUP([1]data!$C45,[2]data!$B$2:$B$218,[2]data!K$2:K$218)/100) -> 0.39581429 | P44: =[1]data!M45*(_xlfn.XLOOKUP([1]data!$C45,[2]data!$B$2:$B$218,[2]data!L$2:L$218)/100) -> 0.46954149 | ... AM44: =[1]data!AJ45*(_xlfn.XLOOKUP([1]data!$C45,[2]data!$B$2:$B$218,[2]data!AI$2:AI$218)/100) -> 1.1762813
A45: IIASA-WiC POP 2023 | B45: SSP2 | C45: Czechia | D45: CZE | E45: =_xlfn.XLOOKUP(D45,[6]Feuil1!$C$2:$C$248,[6]Feuil1!$B$2:$B$248) -> CZ | F45: Population | G45: Central Europe | H45: million | I45: =[1]data!F46*(_xlfn.XLOOKUP([1]data!$C46,[2]data!$B$2:$B$218,[2]data!E$2:E$218)/100) -> 4.8109302 | J45: =[1]data!G46*(_xlfn.XLOOKUP([1]data!$C46,[2]data!$B$2:$B$218,[2]data!F$2:F$218)/100) -> 5.2654344 | K45: =[1]data!H46*(_xlfn.XLOOKUP([1]data!$C46,[2]data!$B$2:$B$218,[2]data!G$2:G$218)/100) -> 5.6655168 | L45: =[1]data!I46*(_xlfn.XLOOKUP([1]data!$C46,[2]data!$B$2:$B$218,[2]data!H$2:H$218)/100) -> 6.0055748 | M45: =[1]data!J46*(_xlfn.XLOOKUP([1]data!$C46,[2]data!$B$2:$B$218,[2]data!I$2:I$218)/100) -> 6.3040381 | N45: =[1]data!K46*(_xlfn.XLOOKUP([1]data!$C46,[2]data!$B$2:$B$218,[2]data!J$2:J$218)/100) -> 6.9852503 | O45: =[1]data!L46*(_xlfn.XLOOKUP([1]data!$C46,[2]data!$B$2:$B$218,[2]data!K$2:K$218)/100) -> 7.7168713 | P45: =[1]data!M46*(_xlfn.XLOOKUP([1]data!$C46,[2]data!$B$2:$B$218,[2]data!L$2:L$218)/100) -> 7.7670558 | ... AM45: =[1]data!AJ46*(_xlfn.XLOOKUP([1]data!$C46,[2]data!$B$2:$B$218,[2]data!AI$2:AI$218)/100) -> 8.0956935
A46: IIASA-WiC POP 2023 | B46: SSP2 | C46: Germany | D46: DEU | E46: =_xlfn.XLOOKUP(D46,[6]Feuil1!$C$2:$C$248,[6]Feuil1!$B$2:$B$248) -> DE | F46: Population | G46: =_xlfn.XLOOKUP(C46,[3]Sheet1!$B$2:$B$172,[3]Sheet1!$D$2:$D$172) -> Western Europe | H46: million | I46: =[1]data!F47*(_xlfn.XLOOKUP([1]data!$C47,[2]data!$B$2:$B$218,[2]data!E$2:E$218)/100) -> 48.261882 | J46: =[1]data!G47*(_xlfn.XLOOKUP([1]data!$C47,[2]data!$B$2:$B$218,[2]data!F$2:F$218)/100) -> 49.563355 | K46: =[1]data!H47*(_xlfn.XLOOKUP([1]data!$C47,[2]data!$B$2:$B$218,[2]data!G$2:G$218)/100) -> 51.991615 | L46: =[1]data!I47*(_xlfn.XLOOKUP([1]data!$C47,[2]data!$B$2:$B$218,[2]data!H$2:H$218)/100) -> 54.535821 | M46: =[1]data!J47*(_xlfn.XLOOKUP([1]data!$C47,[2]data!$B$2:$B$218,[2]data!I$2:I$218)/100) -> 56.519178 | N46: =[1]data!K47*(_xlfn.XLOOKUP([1]data!$C47,[2]data!$B$2:$B$218,[2]data!J$2:J$218)/100) -> 57.053784 | O46: =[1]data!L47*(_xlfn.XLOOKUP([1]data!$C47,[2]data!$B$2:$B$218,[2]data!K$2:K$218)/100) -> 56.669712 | P46: =[1]data!M47*(_xlfn.XLOOKUP([1]data!$C47,[2]data!$B$2:$B$218,[2]data!L$2:L$218)/100) -> 56.40596 | ... AM46: =[1]data!AJ47*(_xlfn.XLOOKUP([1]data!$C47,[2]data!$B$2:$B$218,[2]data!AI$2:AI$218)/100) -> 67.941321
A47: IIASA-WiC POP 2023 | B47: SSP2 | C47: Djibouti | D47: DJI | E47: =_xlfn.XLOOKUP(D47,[6]Feuil1!$C$2:$C$248,[6]Feuil1!$B$2:$B$248) -> DJ | F47: Population | G47: =_xlfn.XLOOKUP(C47,[3]Sheet1!$B$2:$B$172,[3]Sheet1!$D$2:$D$172) -> Eastern Africa | H47: million | I47: =[1]data!F48*(_xlfn.XLOOKUP([1]data!$C48,[2]data!$B$2:$B$218,[2]data!E$2:E$218)/100) -> 0.024421678 | J47: =[1]data!G48*(_xlfn.XLOOKUP([1]data!$C48,[2]data!$B$2:$B$218,[2]data!F$2:F$218)/100) -> 0.03232755 | K47: =[1]data!H48*(_xlfn.XLOOKUP([1]data!$C48,[2]data!$B$2:$B$218,[2]data!G$2:G$218)/100) -> 0.042435092 | L47: =[1]data!I48*(_xlfn.XLOOKUP([1]data!$C48,[2]data!$B$2:$B$218,[2]data!H$2:H$218)/100) -> 0.059336409 | M47: =[1]data!J48*(_xlfn.XLOOKUP([1]data!$C48,[2]data!$B$2:$B$218,[2]data!I$2:I$218)/100) -> 0.086400108 | N47: =[1]data!K48*(_xlfn.XLOOKUP([1]data!$C48,[2]data!$B$2:$B$218,[2]data!J$2:J$218)/100) -> 0.13359342 | O47: =[1]data!L48*(_xlfn.XLOOKUP([1]data!$C48,[2]data!$B$2:$B$218,[2]data!K$2:K$218)/100) -> 0.22674441 | P47: =[1]data!M48*(_xlfn.XLOOKUP([1]data!$C48,[2]data!$B$2:$B$218,[2]data!L$2:L$218)/100) -> 0.29226429 | ... AM47: =[1]data!AJ48*(_xlfn.XLOOKUP([1]data!$C48,[2]data!$B$2:$B$218,[2]data!AI$2:AI$218)/100) -> 1.2746805
A48: IIASA-WiC POP 2023 | B48: SSP2 | C48: Denmark | D48: DNK | E48: =_xlfn.XLOOKUP(D48,[6]Feuil1!$C$2:$C$248,[6]Feuil1!$B$2:$B$248) -> DK | F48: Population | G48: =_xlfn.XLOOKUP(C48,[3]Sheet1!$B$2:$B$172,[3]Sheet1!$D$2:$D$172) -> Western Europe | H48: million | I48: =[1]data!F49*(_xlfn.XLOOKUP([1]data!$C49,[2]data!$B$2:$B$218,[2]data!E$2:E$218)/100) -> 2.8910377 | J48: =[1]data!G49*(_xlfn.XLOOKUP([1]data!$C49,[2]data!$B$2:$B$218,[2]data!F$2:F$218)/100) -> 3.0692841 | K48: =[1]data!H49*(_xlfn.XLOOKUP([1]data!$C49,[2]data!$B$2:$B$218,[2]data!G$2:G$218)/100) -> 3.3653867 | L48: =[1]data!I49*(_xlfn.XLOOKUP([1]data!$C49,[2]data!$B$2:$B$218,[2]data!H$2:H$218)/100) -> 3.647222 | M48: =[1]data!J49*(_xlfn.XLOOKUP([1]data!$C49,[2]data!$B$2:$B$218,[2]data!I$2:I$218)/100) -> 3.9128906 | N48: =[1]data!K49*(_xlfn.XLOOKUP([1]data!$C49,[2]data!$B$2:$B$218,[2]data!J$2:J$218)/100) -> 4.1424113 | O48: =[1]data!L49*(_xlfn.XLOOKUP([1]data!$C49,[2]data!$B$2:$B$218,[2]data!K$2:K$218)/100) -> 4.2883402 | P48: =[1]data!M49*(_xlfn.XLOOKUP([1]data!$C49,[2]data!$B$2:$B$218,[2]data!L$2:L$218)/100) -> 4.3213804 | ... AM48: =[1]data!AJ49*(_xlfn.XLOOKUP([1]data!$C49,[2]data!$B$2:$B$218,[2]data!AI$2:AI$218)/100) -> 6.3902596
A49: IIASA-WiC POP 2023 | B49: SSP2 | C49: Dominican Republic | D49: DOM | E49: =_xlfn.XLOOKUP(D49,[6]Feuil1!$C$2:$C$248,[6]Feuil1!$B$2:$B$248) -> DO | F49: Population | G49: Central America | H49: million | I49: =[1]data!F50*(_xlfn.XLOOKUP([1]data!$C50,[2]data!$B$2:$B$218,[2]data!E$2:E$218)/100) -> 0.55595863 | J49: =[1]data!G50*(_xlfn.XLOOKUP([1]data!$C50,[2]data!$B$2:$B$218,[2]data!F$2:F$218)/100) -> 0.73562543 | K49: =[1]data!H50*(_xlfn.XLOOKUP([1]data!$C50,[2]data!$B$2:$B$218,[2]data!G$2:G$218)/100) -> 0.97952099 | L49: =[1]data!I50*(_xlfn.XLOOKUP([1]data!$C50,[2]data!$B$2:$B$218,[2]data!H$2:H$218)/100) -> 1.3377035 | M49: =[1]data!J50*(_xlfn.XLOOKUP([1]data!$C50,[2]data!$B$2:$B$218,[2]data!I$2:I$218)/100) -> 1.7788855 | N49: =[1]data!K50*(_xlfn.XLOOKUP([1]data!$C50,[2]data!$B$2:$B$218,[2]data!J$2:J$218)/100) -> 2.3043549 | O49: =[1]data!L50*(_xlfn.XLOOKUP([1]data!$C50,[2]data!$B$2:$B$218,[2]data!K$2:K$218)/100) -> 2.9194368 | P49: =[1]data!M50*(_xlfn.XLOOKUP([1]data!$C50,[2]data!$B$2:$B$218,[2]data!L$2:L$218)/100) -> 3.4226182 | ... AM49: =[1]data!AJ50*(_xlfn.XLOOKUP([1]data!$C50,[2]data!$B$2:$B$218,[2]data!AI$2:AI$218)/100) -> 12.398625
A50: IIASA-WiC POP 2023 | B50: SSP2 | C50: Algeria | D50: DZA | E50: =_xlfn.XLOOKUP(D50,[6]Feuil1!$C$2:$C$248,[6]Feuil1!$B$2:$B$248) -> DZ | F50: Population | G50: =_xlfn.XLOOKUP(C50,[3]Sheet1!$B$2:$B$172,[3]Sheet1!$D$2:$D$172) -> Northern Africa | H50: million | I50: =[1]data!F51*(_xlfn.XLOOKUP([1]data!$C51,[2]data!$B$2:$B$218,[2]data!E$2:E$218)/100) -> 1.9741998 | J50: =[1]data!G51*(_xlfn.XLOOKUP([1]data!$C51,[2]data!$B$2:$B$218,[2]data!F$2:F$218)/100) -> 2.6430395 | K50: =[1]data!H51*(_xlfn.XLOOKUP([1]data!$C51,[2]data!$B$2:$B$218,[2]data!G$2:G$218)/100) -> 3.4402387 | L50: =[1]data!I51*(_xlfn.XLOOKUP([1]data!$C51,[2]data!$B$2:$B$218,[2]data!H$2:H$218)/100) -> 4.6201914 | M50: =[1]data!J51*(_xlfn.XLOOKUP([1]data!$C51,[2]data!$B$2:$B$218,[2]data!I$2:I$218)/100) -> 5.3887101 | N50: =[1]data!K51*(_xlfn.XLOOKUP([1]data!$C51,[2]data!$B$2:$B$218,[2]data!J$2:J$218)/100) -> 6.183127 | O50: =[1]data!L51*(_xlfn.XLOOKUP([1]data!$C51,[2]data!$B$2:$B$218,[2]data!K$2:K$218)/100) -> 8.0225567 | P50: =[1]data!M51*(_xlfn.XLOOKUP([1]data!$C51,[2]data!$B$2:$B$218,[2]data!L$2:L$218)/100) -> 10.44308 | ... AM50: =[1]data!AJ51*(_xlfn.XLOOKUP([1]data!$C51,[2]data!$B$2:$B$218,[2]data!AI$2:AI$218)/100) -> 58.399728
A51: IIASA-WiC POP 2023 | B51: SSP2 | C51: Ecuador | D51: ECU | E51: =_xlfn.XLOOKUP(D51,[6]Feuil1!$C$2:$C$248,[6]Feuil1!$B$2:$B$248) -> EC | F51: Population | G51: =_xlfn.XLOOKUP(C51,[3]Sheet1!$B$2:$B$172,[3]Sheet1!$D$2:$D$172) -> Rest of South America | H51: million | I51: =[1]data!F52*(_xlfn.XLOOKUP([1]data!$C52,[2]data!$B$2:$B$218,[2]data!E$2:E$218)/100) -> 0.98262836 | J51: =[1]data!G52*(_xlfn.XLOOKUP([1]data!$C52,[2]data!$B$2:$B$218,[2]data!F$2:F$218)/100) -> 1.2300639 | K51: =[1]data!H52*(_xlfn.XLOOKUP([1]data!$C52,[2]data!$B$2:$B$218,[2]data!G$2:G$218)/100) -> 1.5434558 | L51: =[1]data!I52*(_xlfn.XLOOKUP([1]data!$C52,[2]data!$B$2:$B$218,[2]data!H$2:H$218)/100) -> 1.9248247 | M51: =[1]data!J52*(_xlfn.XLOOKUP([1]data!$C52,[2]data!$B$2:$B$218,[2]data!I$2:I$218)/100) -> 2.390909 | N51: =[1]data!K52*(_xlfn.XLOOKUP([1]data!$C52,[2]data!$B$2:$B$218,[2]data!J$2:J$218)/100) -> 2.9711474 | O51: =[1]data!L52*(_xlfn.XLOOKUP([1]data!$C52,[2]data!$B$2:$B$218,[2]data!K$2:K$218)/100) -> 3.7733128 | P51: =[1]data!M52*(_xlfn.XLOOKUP([1]data!$C52,[2]data!$B$2:$B$218,[2]data!L$2:L$218)/100) -> 4.678444 | ... AM51: =[1]data!AJ52*(_xlfn.XLOOKUP([1]data!$C52,[2]data!$B$2:$B$218,[2]data!AI$2:AI$218)/100) -> 17.062943
A52: IIASA-WiC POP 2023 | B52: SSP2 | C52: Egypt | D52: EGY | E52: =_xlfn.XLOOKUP(D52,[6]Feuil1!$C$2:$C$248,[6]Feuil1!$B$2:$B$248) -> EG | F52: Population | G52: =_xlfn.XLOOKUP(C52,[3]Sheet1!$B$2:$B$172,[3]Sheet1!$D$2:$D$172) -> Northern Africa | H52: million | I52: =[1]data!F53*(_xlfn.XLOOKUP([1]data!$C53,[2]data!$B$2:$B$218,[2]data!E$2:E$218)/100) -> 6.6762936 | J52: =[1]data!G53*(_xlfn.XLOOKUP([1]data!$C53,[2]data!$B$2:$B$218,[2]data!F$2:F$218)/100) -> 8.1915111 | K52: =[1]data!H53*(_xlfn.XLOOKUP([1]data!$C53,[2]data!$B$2:$B$218,[2]data!G$2:G$218)/100) -> 10.113207 | L52: =[1]data!I53*(_xlfn.XLOOKUP([1]data!$C53,[2]data!$B$2:$B$218,[2]data!H$2:H$218)/100) -> 12.077062 | M52: =[1]data!J53*(_xlfn.XLOOKUP([1]data!$C53,[2]data!$B$2:$B$218,[2]data!I$2:I$218)/100) -> 14.271577 | N52: =[1]data!K53*(_xlfn.XLOOKUP([1]data!$C53,[2]data!$B$2:$B$218,[2]data!J$2:J$218)/100) -> 16.602702 | O52: =[1]data!L53*(_xlfn.XLOOKUP([1]data!$C53,[2]data!$B$2:$B$218,[2]data!K$2:K$218)/100) -> 18.954264 | P52: =[1]data!M53*(_xlfn.XLOOKUP([1]data!$C53,[2]data!$B$2:$B$218,[2]data!L$2:L$218)/100) -> 21.662375 | ... AM52: =[1]data!AJ53*(_xlfn.XLOOKUP([1]data!$C53,[2]data!$B$2:$B$218,[2]data!AI$2:AI$218)/100) -> 149.81399
A53: IIASA-WiC POP 2023 | B53: SSP2 | C53: Eritrea | D53: ERI | E53: =_xlfn.XLOOKUP(D53,[6]Feuil1!$C$2:$C$248,[6]Feuil1!$B$2:$B$248) -> ER | F53: Population | G53: =_xlfn.XLOOKUP(C53,[3]Sheet1!$B$2:$B$172,[3]Sheet1!$D$2:$D$172) -> Eastern Africa | H53: million | I53: =[1]data!F54*(_xlfn.XLOOKUP([1]data!$C54,[2]data!$B$2:$B$218,[2]data!E$2:E$218)/100) -> 0.057985984 | J53: =[1]data!G54*(_xlfn.XLOOKUP([1]data!$C54,[2]data!$B$2:$B$218,[2]data!F$2:F$218)/100) -> 0.074470116 | K53: =[1]data!H54*(_xlfn.XLOOKUP([1]data!$C54,[2]data!$B$2:$B$218,[2]data!G$2:G$218)/100) -> 0.096254718 | L53: =[1]data!I54*(_xlfn.XLOOKUP([1]data!$C54,[2]data!$B$2:$B$218,[2]data!H$2:H$218)/100) -> 0.1273832 | M53: =[1]data!J54*(_xlfn.XLOOKUP([1]data!$C54,[2]data!$B$2:$B$218,[2]data!I$2:I$218)/100) -> 0.15954972 | N53: =[1]data!K54*(_xlfn.XLOOKUP([1]data!$C54,[2]data!$B$2:$B$218,[2]data!J$2:J$218)/100) -> 0.19329489 | O53: =[1]data!L54*(_xlfn.XLOOKUP([1]data!$C54,[2]data!$B$2:$B$218,[2]data!K$2:K$218)/100) -> 0.23550955 | P53: =[1]data!M54*(_xlfn.XLOOKUP([1]data!$C54,[2]data!$B$2:$B$218,[2]data!L$2:L$218)/100) -> 0.29617937 | ... AM53: =[1]data!AJ54*(_xlfn.XLOOKUP([1]data!$C54,[2]data!$B$2:$B$218,[2]data!AI$2:AI$218)/100) -> 4.6655113
A54: IIASA-WiC POP 2023 | B54: SSP2 | C54: Western Sahara | D54: #N/A | E54: =_xlfn.XLOOKUP(D54,[6]Feuil1!$C$2:$C$248,[6]Feuil1!$B$2:$B$248) -> #N/A | F54: Population | G54: Northern Africa | H54: million | I54: =[1]data!F55*(_xlfn.XLOOKUP([1]data!$C55,[2]data!$B$2:$B$218,[2]data!E$2:E$218)/100) -> 0.00383501 | J54: =[1]data!G55*(_xlfn.XLOOKUP([1]data!$C55,[2]data!$B$2:$B$218,[2]data!F$2:F$218)/100) -> 0.006133542 | K54: =[1]data!H55*(_xlfn.XLOOKUP([1]data!$C55,[2]data!$B$2:$B$218,[2]data!G$2:G$218)/100) -> 0.009828 | L54: =[1]data!I55*(_xlfn.XLOOKUP([1]data!$C55,[2]data!$B$2:$B$218,[2]data!H$2:H$218)/100) -> 0.017755376 | M54: =[1]data!J55*(_xlfn.XLOOKUP([1]data!$C55,[2]data!$B$2:$B$218,[2]data!I$2:I$218)/100) -> 0.031073589 | N54: =[1]data!K55*(_xlfn.XLOOKUP([1]data!$C55,[2]data!$B$2:$B$218,[2]data!J$2:J$218)/100) -> 0.044996875 | O54: =[1]data!L55*(_xlfn.XLOOKUP([1]data!$C55,[2]data!$B$2:$B$218,[2]data!K$2:K$218)/100) -> 0.084490284 | P54: =[1]data!M55*(_xlfn.XLOOKUP([1]data!$C55,[2]data!$B$2:$B$218,[2]data!L$2:L$218)/100) -> 0.12130773 | ... AM54: =[1]data!AJ55*(_xlfn.XLOOKUP([1]data!$C55,[2]data!$B$2:$B$218,[2]data!AI$2:AI$218)/100) -> 0.77562253
A55: IIASA-WiC POP 2023 | B55: SSP2 | C55: Spain | D55: ESP | E55: =_xlfn.XLOOKUP(D55,[6]Feuil1!$C$2:$C$248,[6]Feuil1!$B$2:$B$248) -> ES | F55: Population | G55: =_xlfn.XLOOKUP(C55,[3]Sheet1!$B$2:$B$172,[3]Sheet1!$D$2:$D$172) -> Western Europe | H55: million | I55: =[1]data!F56*(_xlfn.XLOOKUP([1]data!$C56,[2]data!$B$2:$B$218,[2]data!E$2:E$218)/100) -> 14.540077 | J55: =[1]data!G56*(_xlfn.XLOOKUP([1]data!$C56,[2]data!$B$2:$B$218,[2]data!F$2:F$218)/100) -> 15.705472 | K55: =[1]data!H56*(_xlfn.XLOOKUP([1]data!$C56,[2]data!$B$2:$B$218,[2]data!G$2:G$218)/100) -> 17.147165 | L55: =[1]data!I56*(_xlfn.XLOOKUP([1]data!$C56,[2]data!$B$2:$B$218,[2]data!H$2:H$218)/100) -> 19.576495 | M55: =[1]data!J56*(_xlfn.XLOOKUP([1]data!$C56,[2]data!$B$2:$B$218,[2]data!I$2:I$218)/100) -> 22.201244 | N55: =[1]data!K56*(_xlfn.XLOOKUP([1]data!$C56,[2]data!$B$2:$B$218,[2]data!J$2:J$218)/100) -> 24.759212 | O55: =[1]data!L56*(_xlfn.XLOOKUP([1]data!$C56,[2]data!$B$2:$B$218,[2]data!K$2:K$218)/100) -> 27.185238 | P55: =[1]data!M56*(_xlfn.XLOOKUP([1]data!$C56,[2]data!$B$2:$B$218,[2]data!L$2:L$218)/100) -> 28.498962 | ... AM55: =[1]data!AJ56*(_xlfn.XLOOKUP([1]data!$C56,[2]data!$B$2:$B$218,[2]data!AI$2:AI$218)/100) -> 44.222403
A56: IIASA-WiC POP 2023 | B56: SSP2 | C56: Estonia | D56: EST | E56: =_xlfn.XLOOKUP(D56,[6]Feuil1!$C$2:$C$248,[6]Feuil1!$B$2:$B$248) -> EE | F56: Population | G56: =_xlfn.XLOOKUP(C56,[3]Sheet1!$B$2:$B$172,[3]Sheet1!$D$2:$D$172) -> Central Europe | H56: million | I56: =[1]data!F57*(_xlfn.XLOOKUP([1]data!$C57,[2]data!$B$2:$B$218,[2]data!E$2:E$218)/100) -> 0.54413101 | J56: =[1]data!G57*(_xlfn.XLOOKUP([1]data!$C57,[2]data!$B$2:$B$218,[2]data!F$2:F$218)/100) -> 0.62289954 | K56: =[1]data!H57*(_xlfn.XLOOKUP([1]data!$C57,[2]data!$B$2:$B$218,[2]data!G$2:G$218)/100) -> 0.6960605 | L56: =[1]data!I57*(_xlfn.XLOOKUP([1]data!$C57,[2]data!$B$2:$B$218,[2]data!H$2:H$218)/100) -> 0.78771236 | M56: =[1]data!J57*(_xlfn.XLOOKUP([1]data!$C57,[2]data!$B$2:$B$218,[2]data!I$2:I$218)/100) -> 0.87992458 | N56: =[1]data!K57*(_xlfn.XLOOKUP([1]data!$C57,[2]data!$B$2:$B$218,[2]data!J$2:J$218)/100) -> 0.95882285 | O56: =[1]data!L57*(_xlfn.XLOOKUP([1]data!$C57,[2]data!$B$2:$B$218,[2]data!K$2:K$218)/100) -> 1.0265771 | P56: =[1]data!M57*(_xlfn.XLOOKUP([1]data!$C57,[2]data!$B$2:$B$218,[2]data!L$2:L$218)/100) -> 1.0769721 | ... AM56: =[1]data!AJ57*(_xlfn.XLOOKUP([1]data!$C57,[2]data!$B$2:$B$218,[2]data!AI$2:AI$218)/100) -> 0.91428571
A57: IIASA-WiC POP 2023 | B57: SSP2 | C57: Ethiopia | D57: ETH | E57: =_xlfn.XLOOKUP(D57,[6]Feuil1!$C$2:$C$248,[6]Feuil1!$B$2:$B$248) -> ET | F57: Population | G57: =_xlfn.XLOOKUP(C57,[3]Sheet1!$B$2:$B$172,[3]Sheet1!$D$2:$D$172) -> Eastern Africa | H57: million | I57: =[1]data!F58*(_xlfn.XLOOKUP([1]data!$C58,[2]data!$B$2:$B$218,[2]data!E$2:E$218)/100) -> 0.80576705 | J57: =[1]data!G58*(_xlfn.XLOOKUP([1]data!$C58,[2]data!$B$2:$B$218,[2]data!F$2:F$218)/100) -> 1.0527299 | K57: =[1]data!H58*(_xlfn.XLOOKUP([1]data!$C58,[2]data!$B$2:$B$218,[2]data!G$2:G$218)/100) -> 1.3745098 | L57: =[1]data!I58*(_xlfn.XLOOKUP([1]data!$C58,[2]data!$B$2:$B$218,[2]data!H$2:H$218)/100) -> 1.853876 | M57: =[1]data!J58*(_xlfn.XLOOKUP([1]data!$C58,[2]data!$B$2:$B$218,[2]data!I$2:I$218)/100) -> 2.4005418 | N57: =[1]data!K58*(_xlfn.XLOOKUP([1]data!$C58,[2]data!$B$2:$B$218,[2]data!J$2:J$218)/100) -> 3.0281513 | O57: =[1]data!L58*(_xlfn.XLOOKUP([1]data!$C58,[2]data!$B$2:$B$218,[2]data!K$2:K$218)/100) -> 3.6291227 | P57: =[1]data!M58*(_xlfn.XLOOKUP([1]data!$C58,[2]data!$B$2:$B$218,[2]data!L$2:L$218)/100) -> 4.5678037 | ... AM57: =[1]data!AJ58*(_xlfn.XLOOKUP([1]data!$C58,[2]data!$B$2:$B$218,[2]data!AI$2:AI$218)/100) -> 168.10017
A58: IIASA-WiC POP 2023 | B58: SSP2 | C58: Finland | D58: FIN | E58: =_xlfn.XLOOKUP(D58,[6]Feuil1!$C$2:$C$248,[6]Feuil1!$B$2:$B$248) -> FI | F58: Population | G58: =_xlfn.XLOOKUP(C58,[3]Sheet1!$B$2:$B$172,[3]Sheet1!$D$2:$D$172) -> Western Europe | H58: million | I58: =[1]data!F59*(_xlfn.XLOOKUP([1]data!$C59,[2]data!$B$2:$B$218,[2]data!E$2:E$218)/100) -> 1.7142509 | J58: =[1]data!G59*(_xlfn.XLOOKUP([1]data!$C59,[2]data!$B$2:$B$218,[2]data!F$2:F$218)/100) -> 2.0679481 | K58: =[1]data!H59*(_xlfn.XLOOKUP([1]data!$C59,[2]data!$B$2:$B$218,[2]data!G$2:G$218)/100) -> 2.4407435 | L58: =[1]data!I59*(_xlfn.XLOOKUP([1]data!$C59,[2]data!$B$2:$B$218,[2]data!H$2:H$218)/100) -> 2.7214269 | M58: =[1]data!J59*(_xlfn.XLOOKUP([1]data!$C59,[2]data!$B$2:$B$218,[2]data!I$2:I$218)/100) -> 2.939455 | N58: =[1]data!K59*(_xlfn.XLOOKUP([1]data!$C59,[2]data!$B$2:$B$218,[2]data!J$2:J$218)/100) -> 3.1881919 | O58: =[1]data!L59*(_xlfn.XLOOKUP([1]data!$C59,[2]data!$B$2:$B$218,[2]data!K$2:K$218)/100) -> 3.4209246 | P58: =[1]data!M59*(_xlfn.XLOOKUP([1]data!$C59,[2]data!$B$2:$B$218,[2]data!L$2:L$218)/100) -> 3.7094185 | ... AM58: =[1]data!AJ59*(_xlfn.XLOOKUP([1]data!$C59,[2]data!$B$2:$B$218,[2]data!AI$2:AI$218)/100) -> 5.1765093
A59: IIASA-WiC POP 2023 | B59: SSP2 | C59: Fiji | D59: FJI | E59: =_xlfn.XLOOKUP(D59,[6]Feuil1!$C$2:$C$248,[6]Feuil1!$B$2:$B$248) -> FJ | F59: Population | G59: =_xlfn.XLOOKUP(C59,[3]Sheet1!$B$2:$B$172,[3]Sheet1!$D$2:$D$172) -> Oceania | H59: million | I59: =[1]data!F60*(_xlfn.XLOOKUP([1]data!$C60,[2]data!$B$2:$B$218,[2]data!E$2:E$218)/100) -> 0.074754524 | J59: =[1]data!G60*(_xlfn.XLOOKUP([1]data!$C60,[2]data!$B$2:$B$218,[2]data!F$2:F$218)/100) -> 0.091110569 | K59: =[1]data!H60*(_xlfn.XLOOKUP([1]data!$C60,[2]data!$B$2:$B$218,[2]data!G$2:G$218)/100) -> 0.11746974 | L59: =[1]data!I60*(_xlfn.XLOOKUP([1]data!$C60,[2]data!$B$2:$B$218,[2]data!H$2:H$218)/100) -> 0.15065829 | M59: =[1]data!J60*(_xlfn.XLOOKUP([1]data!$C60,[2]data!$B$2:$B$218,[2]data!I$2:I$218)/100) -> 0.18178615 | N59: =[1]data!K60*(_xlfn.XLOOKUP([1]data!$C60,[2]data!$B$2:$B$218,[2]data!J$2:J$218)/100) -> 0.20949571 | O59: =[1]data!L60*(_xlfn.XLOOKUP([1]data!$C60,[2]data!$B$2:$B$218,[2]data!K$2:K$218)/100) -> 0.24064879 | P59: =[1]data!M60*(_xlfn.XLOOKUP([1]data!$C60,[2]data!$B$2:$B$218,[2]data!L$2:L$218)/100) -> 0.27686774 | ... AM59: =[1]data!AJ60*(_xlfn.XLOOKUP([1]data!$C60,[2]data!$B$2:$B$218,[2]data!AI$2:AI$218)/100) -> 0.68379998
A60: IIASA-WiC POP 2023 | B60: SSP2 | C60: France | D60: FRA | E60: =_xlfn.XLOOKUP(D60,[6]Feuil1!$C$2:$C$248,[6]Feuil1!$B$2:$B$248) -> FR | F60: Population | G60: =_xlfn.XLOOKUP(C60,[3]Sheet1!$B$2:$B$172,[3]Sheet1!$D$2:$D$172) -> Western Europe | H60: million | I60: =[1]data!F61*(_xlfn.XLOOKUP([1]data!$C61,[2]data!$B$2:$B$218,[2]data!E$2:E$218)/100) -> 22.991681 | J60: =[1]data!G61*(_xlfn.XLOOKUP([1]data!$C61,[2]data!$B$2:$B$218,[2]data!F$2:F$218)/100) -> 25.264209 | K60: =[1]data!H61*(_xlfn.XLOOKUP([1]data!$C61,[2]data!$B$2:$B$218,[2]data!G$2:G$218)/100) -> 28.12187 | L60: =[1]data!I61*(_xlfn.XLOOKUP([1]data!$C61,[2]data!$B$2:$B$218,[2]data!H$2:H$218)/100) -> 32.150124 | M60: =[1]data!J61*(_xlfn.XLOOKUP([1]data!$C61,[2]data!$B$2:$B$218,[2]data!I$2:I$218)/100) -> 35.763335 | N60: =[1]data!K61*(_xlfn.XLOOKUP([1]data!$C61,[2]data!$B$2:$B$218,[2]data!J$2:J$218)/100) -> 38.145221 | O60: =[1]data!L61*(_xlfn.XLOOKUP([1]data!$C61,[2]data!$B$2:$B$218,[2]data!K$2:K$218)/100) -> 39.260911 | P60: =[1]data!M61*(_xlfn.XLOOKUP([1]data!$C61,[2]data!$B$2:$B$218,[2]data!L$2:L$218)/100) -> 40.519304 | ... AM60: =[1]data!AJ61*(_xlfn.XLOOKUP([1]data!$C61,[2]data!$B$2:$B$218,[2]data!AI$2:AI$218)/100) -> 69.280751
A61: IIASA-WiC POP 2023 | B61: SSP2 | C61: Micronesia | D61: #N/A | E61: =_xlfn.XLOOKUP(D61,[6]Feuil1!$C$2:$C$248,[6]Feuil1!$B$2:$B$248) -> #N/A | F61: Population | G61: Oceania | H61: million | I61: =[1]data!F62*(_xlfn.XLOOKUP([1]data!$C62,[2]data!$B$2:$B$218,[2]data!E$2:E$218)/100) -> 0.006291 | J61: =[1]data!G62*(_xlfn.XLOOKUP([1]data!$C62,[2]data!$B$2:$B$218,[2]data!F$2:F$218)/100) -> 0.007652759 | K61: =[1]data!H62*(_xlfn.XLOOKUP([1]data!$C62,[2]data!$B$2:$B$218,[2]data!G$2:G$218)/100) -> 0.009413722 | L61: =[1]data!I62*(_xlfn.XLOOKUP([1]data!$C62,[2]data!$B$2:$B$218,[2]data!H$2:H$218)/100) -> 0.011745065 | M61: =[1]data!J62*(_xlfn.XLOOKUP([1]data!$C62,[2]data!$B$2:$B$218,[2]data!I$2:I$218)/100) -> 0.014406816 | N61: =[1]data!K62*(_xlfn.XLOOKUP([1]data!$C62,[2]data!$B$2:$B$218,[2]data!J$2:J$218)/100) -> 0.017196305 | O61: =[1]data!L62*(_xlfn.XLOOKUP([1]data!$C62,[2]data!$B$2:$B$218,[2]data!K$2:K$218)/100) -> 0.01985148 | P61: =[1]data!M62*(_xlfn.XLOOKUP([1]data!$C62,[2]data!$B$2:$B$218,[2]data!L$2:L$218)/100) -> 0.022642011 | ... AM61: =[1]data!AJ62*(_xlfn.XLOOKUP([1]data!$C62,[2]data!$B$2:$B$218,[2]data!AI$2:AI$218)/100) -> 0.42187235
A62: IIASA-WiC POP 2023 | B62: SSP2 | C62: Gabon | D62: GAB | E62: =_xlfn.XLOOKUP(D62,[6]Feuil1!$C$2:$C$248,[6]Feuil1!$B$2:$B$248) -> GA | F62: Population | G62: =_xlfn.XLOOKUP(C62,[3]Sheet1!$B$2:$B$172,[3]Sheet1!$D$2:$D$172) -> Western Africa | H62: million | I62: =[1]data!F63*(_xlfn.XLOOKUP([1]data!$C63,[2]data!$B$2:$B$218,[2]data!E$2:E$218)/100) -> 0.05374815 | J62: =[1]data!G63*(_xlfn.XLOOKUP([1]data!$C63,[2]data!$B$2:$B$218,[2]data!F$2:F$218)/100) -> 0.068736936 | K62: =[1]data!H63*(_xlfn.XLOOKUP([1]data!$C63,[2]data!$B$2:$B$218,[2]data!G$2:G$218)/100) -> 0.088818474 | L62: =[1]data!I63*(_xlfn.XLOOKUP([1]data!$C63,[2]data!$B$2:$B$218,[2]data!H$2:H$218)/100) -> 0.12936585 | M62: =[1]data!J63*(_xlfn.XLOOKUP([1]data!$C63,[2]data!$B$2:$B$218,[2]data!I$2:I$218)/100) -> 0.189096 | N62: =[1]data!K63*(_xlfn.XLOOKUP([1]data!$C63,[2]data!$B$2:$B$218,[2]data!J$2:J$218)/100) -> 0.28204517 | O62: =[1]data!L63*(_xlfn.XLOOKUP([1]data!$C63,[2]data!$B$2:$B$218,[2]data!K$2:K$218)/100) -> 0.40445508 | P62: =[1]data!M63*(_xlfn.XLOOKUP([1]data!$C63,[2]data!$B$2:$B$218,[2]data!L$2:L$218)/100) -> 0.52712338 | ... AM62: =[1]data!AJ63*(_xlfn.XLOOKUP([1]data!$C63,[2]data!$B$2:$B$218,[2]data!AI$2:AI$218)/100) -> 4.0572922
A63: IIASA-WiC POP 2023 | B63: SSP2 | C63: United Kingdom | D63: GBR | E63: =_xlfn.XLOOKUP(D63,[6]Feuil1!$C$2:$C$248,[6]Feuil1!$B$2:$B$248) -> GB | F63: Population | G63: Western Europe | H63: million | I63: =[1]data!F64*(_xlfn.XLOOKUP([1]data!$C64,[2]data!$B$2:$B$218,[2]data!E$2:E$218)/100) -> 39.445523 | J63: =[1]data!G64*(_xlfn.XLOOKUP([1]data!$C64,[2]data!$B$2:$B$218,[2]data!F$2:F$218)/100) -> 40.205896 | K63: =[1]data!H64*(_xlfn.XLOOKUP([1]data!$C64,[2]data!$B$2:$B$218,[2]data!G$2:G$218)/100) -> 41.067668 | L63: =[1]data!I64*(_xlfn.XLOOKUP([1]data!$C64,[2]data!$B$2:$B$218,[2]data!H$2:H$218)/100) -> 42.054428 | M63: =[1]data!J64*(_xlfn.XLOOKUP([1]data!$C64,[2]data!$B$2:$B$218,[2]data!I$2:I$218)/100) -> 42.82047 | N63: =[1]data!K64*(_xlfn.XLOOKUP([1]data!$C64,[2]data!$B$2:$B$218,[2]data!J$2:J$218)/100) -> 43.712915 | O63: =[1]data!L64*(_xlfn.XLOOKUP([1]data!$C64,[2]data!$B$2:$B$218,[2]data!K$2:K$218)/100) -> 44.18537 | P63: =[1]data!M64*(_xlfn.XLOOKUP([1]data!$C64,[2]data!$B$2:$B$218,[2]data!L$2:L$218)/100) -> 44.380213 | ... AM63: =[1]data!AJ64*(_xlfn.XLOOKUP([1]data!$C64,[2]data!$B$2:$B$218,[2]data!AI$2:AI$218)/100) -> 74.626661
A64: IIASA-WiC POP 2023 | B64: SSP2 | C64: Georgia | D64: GEO | E64: =_xlfn.XLOOKUP(D64,[6]Feuil1!$C$2:$C$248,[6]Feuil1!$B$2:$B$248) -> GE | F64: Population | G64: =_xlfn.XLOOKUP(C64,[3]Sheet1!$B$2:$B$172,[3]Sheet1!$D$2:$D$172) -> Russia region | H64: million | I64: =[1]data!F65*(_xlfn.XLOOKUP([1]data!$C65,[2]data!$B$2:$B$218,[2]data!E$2:E$218)/100) -> 1.2906701 | J64: =[1]data!G65*(_xlfn.XLOOKUP([1]data!$C65,[2]data!$B$2:$B$218,[2]data!F$2:F$218)/100) -> 1.4887771 | K64: =[1]data!H65*(_xlfn.XLOOKUP([1]data!$C65,[2]data!$B$2:$B$218,[2]data!G$2:G$218)/100) -> 1.7303409 | L64: =[1]data!I65*(_xlfn.XLOOKUP([1]data!$C65,[2]data!$B$2:$B$218,[2]data!H$2:H$218)/100) -> 1.9953315 | M64: =[1]data!J65*(_xlfn.XLOOKUP([1]data!$C65,[2]data!$B$2:$B$218,[2]data!I$2:I$218)/100) -> 2.294399 | N64: =[1]data!K65*(_xlfn.XLOOKUP([1]data!$C65,[2]data!$B$2:$B$218,[2]data!J$2:J$218)/100) -> 2.4913389 | O64: =[1]data!L65*(_xlfn.XLOOKUP([1]data!$C65,[2]data!$B$2:$B$218,[2]data!K$2:K$218)/100) -> 2.6923318 | P64: =[1]data!M65*(_xlfn.XLOOKUP([1]data!$C65,[2]data!$B$2:$B$218,[2]data!L$2:L$218)/100) -> 2.8831197 | ... AM64: =[1]data!AJ65*(_xlfn.XLOOKUP([1]data!$C65,[2]data!$B$2:$B$218,[2]data!AI$2:AI$218)/100) -> 1.7649973
A65: IIASA-WiC POP 2023 | B65: SSP2 | C65: Ghana | D65: GHA | E65: =_xlfn.XLOOKUP(D65,[6]Feuil1!$C$2:$C$248,[6]Feuil1!$B$2:$B$248) -> GH | F65: Population | G65: =_xlfn.XLOOKUP(C65,[3]Sheet1!$B$2:$B$172,[3]Sheet1!$D$2:$D$172) -> Western Africa | H65: million | I65: =[1]data!F66*(_xlfn.XLOOKUP([1]data!$C66,[2]data!$B$2:$B$218,[2]data!E$2:E$218)/100) -> 0.77140879 | J65: =[1]data!G66*(_xlfn.XLOOKUP([1]data!$C66,[2]data!$B$2:$B$218,[2]data!F$2:F$218)/100) -> 1.1067207 | K65: =[1]data!H66*(_xlfn.XLOOKUP([1]data!$C66,[2]data!$B$2:$B$218,[2]data!G$2:G$218)/100) -> 1.5841766 | L65: =[1]data!I66*(_xlfn.XLOOKUP([1]data!$C66,[2]data!$B$2:$B$218,[2]data!H$2:H$218)/100) -> 2.0181071 | M65: =[1]data!J66*(_xlfn.XLOOKUP([1]data!$C66,[2]data!$B$2:$B$218,[2]data!I$2:I$218)/100) -> 2.534457 | N65: =[1]data!K66*(_xlfn.XLOOKUP([1]data!$C66,[2]data!$B$2:$B$218,[2]data!J$2:J$218)/100) -> 3.0185988 | O65: =[1]data!L66*(_xlfn.XLOOKUP([1]data!$C66,[2]data!$B$2:$B$218,[2]data!K$2:K$218)/100) -> 3.6490172 | P65: =[1]data!M66*(_xlfn.XLOOKUP([1]data!$C66,[2]data!$B$2:$B$218,[2]data!L$2:L$218)/100) -> 4.4400744 | ... AM65: =[1]data!AJ66*(_xlfn.XLOOKUP([1]data!$C66,[2]data!$B$2:$B$218,[2]data!AI$2:AI$218)/100) -> 55.266605
A66: IIASA-WiC POP 2023 | B66: SSP2 | C66: Guinea | D66: GIN | E66: =_xlfn.XLOOKUP(D66,[6]Feuil1!$C$2:$C$248,[6]Feuil1!$B$2:$B$248) -> GN | F66: Population | G66: =_xlfn.XLOOKUP(C66,[3]Sheet1!$B$2:$B$172,[3]Sheet1!$D$2:$D$172) -> Western Africa | H66: million | I66: =[1]data!F67*(_xlfn.XLOOKUP([1]data!$C67,[2]data!$B$2:$B$218,[2]data!E$2:E$218)/100) -> 0.19825535 | J66: =[1]data!G67*(_xlfn.XLOOKUP([1]data!$C67,[2]data!$B$2:$B$218,[2]data!F$2:F$218)/100) -> 0.26944092 | K66: =[1]data!H67*(_xlfn.XLOOKUP([1]data!$C67,[2]data!$B$2:$B$218,[2]data!G$2:G$218)/100) -> 0.36607053 | L66: =[1]data!I67*(_xlfn.XLOOKUP([1]data!$C67,[2]data!$B$2:$B$218,[2]data!H$2:H$218)/100) -> 0.49526854 | M66: =[1]data!J67*(_xlfn.XLOOKUP([1]data!$C67,[2]data!$B$2:$B$218,[2]data!I$2:I$218)/100) -> 0.66945168 | N66: =[1]data!K67*(_xlfn.XLOOKUP([1]data!$C67,[2]data!$B$2:$B$218,[2]data!J$2:J$218)/100) -> 0.88776792 | O66: =[1]data!L67*(_xlfn.XLOOKUP([1]data!$C67,[2]data!$B$2:$B$218,[2]data!K$2:K$218)/100) -> 1.1628112 | P66: =[1]data!M67*(_xlfn.XLOOKUP([1]data!$C67,[2]data!$B$2:$B$218,[2]data!L$2:L$218)/100) -> 1.4534987 | ... AM66: =[1]data!AJ67*(_xlfn.XLOOKUP([1]data!$C67,[2]data!$B$2:$B$218,[2]data!AI$2:AI$218)/100) -> 20.721331
A67: IIASA-WiC POP 2023 | B67: SSP2 | C67: Guadeloupe | D67: #N/A | E67: =_xlfn.XLOOKUP(D67,[6]Feuil1!$C$2:$C$248,[6]Feuil1!$B$2:$B$248) -> #N/A | F67: Population | G67: Central America | H67: million | I67: =[1]data!F68*(_xlfn.XLOOKUP([1]data!$C68,[2]data!$B$2:$B$218,[2]data!E$2:E$218)/100) -> 0.07676236 | J67: =[1]data!G68*(_xlfn.XLOOKUP([1]data!$C68,[2]data!$B$2:$B$218,[2]data!F$2:F$218)/100) -> 0.11374873 | K67: =[1]data!H68*(_xlfn.XLOOKUP([1]data!$C68,[2]data!$B$2:$B$218,[2]data!G$2:G$218)/100) -> 0.16228615 | L67: =[1]data!I68*(_xlfn.XLOOKUP([1]data!$C68,[2]data!$B$2:$B$218,[2]data!H$2:H$218)/100) -> 0.2121849 | M67: =[1]data!J68*(_xlfn.XLOOKUP([1]data!$C68,[2]data!$B$2:$B$218,[2]data!I$2:I$218)/100) -> 0.25203545 | N67: =[1]data!K68*(_xlfn.XLOOKUP([1]data!$C68,[2]data!$B$2:$B$218,[2]data!J$2:J$218)/100) -> 0.27889493 | O67: =[1]data!L68*(_xlfn.XLOOKUP([1]data!$C68,[2]data!$B$2:$B$218,[2]data!K$2:K$218)/100) -> 0.30375709 | P67: =[1]data!M68*(_xlfn.XLOOKUP([1]data!$C68,[2]data!$B$2:$B$218,[2]data!L$2:L$218)/100) -> 0.33415865 | ... AM67: =[1]data!AJ68*(_xlfn.XLOOKUP([1]data!$C68,[2]data!$B$2:$B$218,[2]data!AI$2:AI$218)/100) -> 0.35416119
A68: IIASA-WiC POP 2023 | B68: SSP2 | C68: Gambia | D68: GMB | E68: =_xlfn.XLOOKUP(D68,[6]Feuil1!$C$2:$C$248,[6]Feuil1!$B$2:$B$248) -> GM | F68: Population | G68: =_xlfn.XLOOKUP(C68,[3]Sheet1!$B$2:$B$172,[3]Sheet1!$D$2:$D$172) -> Western Africa | H68: million | I68: =[1]data!F69*(_xlfn.XLOOKUP([1]data!$C69,[2]data!$B$2:$B$218,[2]data!E$2:E$218)/100) -> 0.031206116 | J68: =[1]data!G69*(_xlfn.XLOOKUP([1]data!$C69,[2]data!$B$2:$B$218,[2]data!F$2:F$218)/100) -> 0.038611328 | K68: =[1]data!H69*(_xlfn.XLOOKUP([1]data!$C69,[2]data!$B$2:$B$218,[2]data!G$2:G$218)/100) -> 0.047693602 | L68: =[1]data!I69*(_xlfn.XLOOKUP([1]data!$C69,[2]data!$B$2:$B$218,[2]data!H$2:H$218)/100) -> 0.06562062 | M68: =[1]data!J69*(_xlfn.XLOOKUP([1]data!$C69,[2]data!$B$2:$B$218,[2]data!I$2:I$218)/100) -> 0.10161138 | N68: =[1]data!K69*(_xlfn.XLOOKUP([1]data!$C69,[2]data!$B$2:$B$218,[2]data!J$2:J$218)/100) -> 0.14729914 | O68: =[1]data!L69*(_xlfn.XLOOKUP([1]data!$C69,[2]data!$B$2:$B$218,[2]data!K$2:K$218)/100) -> 0.20066702 | P68: =[1]data!M69*(_xlfn.XLOOKUP([1]data!$C69,[2]data!$B$2:$B$218,[2]data!L$2:L$218)/100) -> 0.2771736 | ... AM68: =[1]data!AJ69*(_xlfn.XLOOKUP([1]data!$C69,[2]data!$B$2:$B$218,[2]data!AI$2:AI$218)/100) -> 4.7061961
A69: IIASA-WiC POP 2023 | B69: SSP2 | C69: Guinea-Bissau | D69: GNB | E69: =_xlfn.XLOOKUP(D69,[6]Feuil1!$C$2:$C$248,[6]Feuil1!$B$2:$B$248) -> GW | F69: Population | G69: =_xlfn.XLOOKUP(C69,[3]Sheet1!$B$2:$B$172,[3]Sheet1!$D$2:$D$172) -> Western Africa | H69: million | I69: =[1]data!F70*(_xlfn.XLOOKUP([1]data!$C70,[2]data!$B$2:$B$218,[2]data!E$2:E$218)/100) -> 0.0539536 | J69: =[1]data!G70*(_xlfn.XLOOKUP([1]data!$C70,[2]data!$B$2:$B$218,[2]data!F$2:F$218)/100) -> 0.065777868 | K69: =[1]data!H70*(_xlfn.XLOOKUP([1]data!$C70,[2]data!$B$2:$B$218,[2]data!G$2:G$218)/100) -> 0.078403864 | L69: =[1]data!I70*(_xlfn.XLOOKUP([1]data!$C70,[2]data!$B$2:$B$218,[2]data!H$2:H$218)/100) -> 0.08341333 | M69: =[1]data!J70*(_xlfn.XLOOKUP([1]data!$C70,[2]data!$B$2:$B$218,[2]data!I$2:I$218)/100) -> 0.088604535 | N69: =[1]data!K70*(_xlfn.XLOOKUP([1]data!$C70,[2]data!$B$2:$B$218,[2]data!J$2:J$218)/100) -> 0.10242912 | O69: =[1]data!L70*(_xlfn.XLOOKUP([1]data!$C70,[2]data!$B$2:$B$218,[2]data!K$2:K$218)/100) -> 0.14680977 | P69: =[1]data!M70*(_xlfn.XLOOKUP([1]data!$C70,[2]data!$B$2:$B$218,[2]data!L$2:L$218)/100) -> 0.21167086 | ... AM69: =[1]data!AJ70*(_xlfn.XLOOKUP([1]data!$C70,[2]data!$B$2:$B$218,[2]data!AI$2:AI$218)/100) -> 2.8371282
A70: IIASA-WiC POP 2023 | B70: SSP2 | C70: Equatorial Guinea | D70: GNQ | E70: =_xlfn.XLOOKUP(D70,[6]Feuil1!$C$2:$C$248,[6]Feuil1!$B$2:$B$248) -> GQ | F70: Population | G70: =_xlfn.XLOOKUP(C70,[3]Sheet1!$B$2:$B$172,[3]Sheet1!$D$2:$D$172) -> Western Africa | H70: million | I70: =[1]data!F71*(_xlfn.XLOOKUP([1]data!$C71,[2]data!$B$2:$B$218,[2]data!E$2:E$218)/100) -> 0.034793935 | J70: =[1]data!G71*(_xlfn.XLOOKUP([1]data!$C71,[2]data!$B$2:$B$218,[2]data!F$2:F$218)/100) -> 0.049729692 | K70: =[1]data!H71*(_xlfn.XLOOKUP([1]data!$C71,[2]data!$B$2:$B$218,[2]data!G$2:G$218)/100) -> 0.06756888 | L70: =[1]data!I71*(_xlfn.XLOOKUP([1]data!$C71,[2]data!$B$2:$B$218,[2]data!H$2:H$218)/100) -> 0.077339455 | M70: =[1]data!J71*(_xlfn.XLOOKUP([1]data!$C71,[2]data!$B$2:$B$218,[2]data!I$2:I$218)/100) -> 0.08611083 | N70: =[1]data!K71*(_xlfn.XLOOKUP([1]data!$C71,[2]data!$B$2:$B$218,[2]data!J$2:J$218)/100) -> 0.078588132 | O70: =[1]data!L71*(_xlfn.XLOOKUP([1]data!$C71,[2]data!$B$2:$B$218,[2]data!K$2:K$218)/100) -> 0.077164983 | P70: =[1]data!M71*(_xlfn.XLOOKUP([1]data!$C71,[2]data!$B$2:$B$218,[2]data!L$2:L$218)/100) -> 0.11018838 | ... AM70: =[1]data!AJ71*(_xlfn.XLOOKUP([1]data!$C71,[2]data!$B$2:$B$218,[2]data!AI$2:AI$218)/100) -> 3.3368334
A71: IIASA-WiC POP 2023 | B71: SSP2 | C71: Greece | D71: GRC | E71: =_xlfn.XLOOKUP(D71,[6]Feuil1!$C$2:$C$248,[6]Feuil1!$B$2:$B$248) -> GR | F71: Population | G71: =_xlfn.XLOOKUP(C71,[3]Sheet1!$B$2:$B$172,[3]Sheet1!$D$2:$D$172) -> Western Europe | H71: million | I71: =[1]data!F72*(_xlfn.XLOOKUP([1]data!$C72,[2]data!$B$2:$B$218,[2]data!E$2:E$218)/100) -> 3.9777747 | J71: =[1]data!G72*(_xlfn.XLOOKUP([1]data!$C72,[2]data!$B$2:$B$218,[2]data!F$2:F$218)/100) -> 4.381744 | K71: =[1]data!H72*(_xlfn.XLOOKUP([1]data!$C72,[2]data!$B$2:$B$218,[2]data!G$2:G$218)/100) -> 4.7378917 | L71: =[1]data!I72*(_xlfn.XLOOKUP([1]data!$C72,[2]data!$B$2:$B$218,[2]data!H$2:H$218)/100) -> 5.1180258 | M71: =[1]data!J72*(_xlfn.XLOOKUP([1]data!$C72,[2]data!$B$2:$B$218,[2]data!I$2:I$218)/100) -> 5.4775055 | N71: =[1]data!K72*(_xlfn.XLOOKUP([1]data!$C72,[2]data!$B$2:$B$218,[2]data!J$2:J$218)/100) -> 5.8641503 | O71: =[1]data!L72*(_xlfn.XLOOKUP([1]data!$C72,[2]data!$B$2:$B$218,[2]data!K$2:K$218)/100) -> 6.4106935 | P71: =[1]data!M72*(_xlfn.XLOOKUP([1]data!$C72,[2]data!$B$2:$B$218,[2]data!L$2:L$218)/100) -> 6.9029067 | ... AM71: =[1]data!AJ72*(_xlfn.XLOOKUP([1]data!$C72,[2]data!$B$2:$B$218,[2]data!AI$2:AI$218)/100) -> 7.8156406
A72: IIASA-WiC POP 2023 | B72: SSP2 | C72: Grenada | D72: GRD | E72: =_xlfn.XLOOKUP(D72,[6]Feuil1!$C$2:$C$248,[6]Feuil1!$B$2:$B$248) -> GD | F72: Population | G72: Central America | H72: million | I72: =[1]data!F73*(_xlfn.XLOOKUP([1]data!$C73,[2]data!$B$2:$B$218,[2]data!E$2:E$218)/100) -> 0.02195013 | J72: =[1]data!G73*(_xlfn.XLOOKUP([1]data!$C73,[2]data!$B$2:$B$218,[2]data!F$2:F$218)/100) -> 0.024035676 | K72: =[1]data!H73*(_xlfn.XLOOKUP([1]data!$C73,[2]data!$B$2:$B$218,[2]data!G$2:G$218)/100) -> 0.028168395 | L72: =[1]data!I73*(_xlfn.XLOOKUP([1]data!$C73,[2]data!$B$2:$B$218,[2]data!H$2:H$218)/100) -> 0.030658976 | M72: =[1]data!J73*(_xlfn.XLOOKUP([1]data!$C73,[2]data!$B$2:$B$218,[2]data!I$2:I$218)/100) -> 0.031847732 | N72: =[1]data!K73*(_xlfn.XLOOKUP([1]data!$C73,[2]data!$B$2:$B$218,[2]data!J$2:J$218)/100) -> 0.03173447 | O72: =[1]data!L73*(_xlfn.XLOOKUP([1]data!$C73,[2]data!$B$2:$B$218,[2]data!K$2:K$218)/100) -> 0.031236576 | P72: =[1]data!M73*(_xlfn.XLOOKUP([1]data!$C73,[2]data!$B$2:$B$218,[2]data!L$2:L$218)/100) -> 0.03327968 | ... AM72: =[1]data!AJ73*(_xlfn.XLOOKUP([1]data!$C73,[2]data!$B$2:$B$218,[2]data!AI$2:AI$218)/100) -> 0.086493214
A73: IIASA-WiC POP 2023 | B73: SSP2 | C73: Guatemala | D73: GTM | E73: =_xlfn.XLOOKUP(D73,[6]Feuil1!$C$2:$C$248,[6]Feuil1!$B$2:$B$248) -> GT | F73: Population | G73: =_xlfn.XLOOKUP(C73,[3]Sheet1!$B$2:$B$172,[3]Sheet1!$D$2:$D$172) -> Central America | H73: million | I73: =[1]data!F74*(_xlfn.XLOOKUP([1]data!$C74,[2]data!$B$2:$B$218,[2]data!E$2:E$218)/100) -> 0.76762376 | J73: =[1]data!G74*(_xlfn.XLOOKUP([1]data!$C74,[2]data!$B$2:$B$218,[2]data!F$2:F$218)/100) -> 0.983059 | K73: =[1]data!H74*(_xlfn.XLOOKUP([1]data!$C74,[2]data!$B$2:$B$218,[2]data!G$2:G$218)/100) -> 1.2559775 | L73: =[1]data!I74*(_xlfn.XLOOKUP([1]data!$C74,[2]data!$B$2:$B$218,[2]data!H$2:H$218)/100) -> 1.5897264 | M73: =[1]data!J74*(_xlfn.XLOOKUP([1]data!$C74,[2]data!$B$2:$B$218,[2]data!I$2:I$218)/100) -> 1.9099614 | N73: =[1]data!K74*(_xlfn.XLOOKUP([1]data!$C74,[2]data!$B$2:$B$218,[2]data!J$2:J$218)/100) -> 2.2723713 | O73: =[1]data!L74*(_xlfn.XLOOKUP([1]data!$C74,[2]data!$B$2:$B$218,[2]data!K$2:K$218)/100) -> 2.6699997 | P73: =[1]data!M74*(_xlfn.XLOOKUP([1]data!$C74,[2]data!$B$2:$B$218,[2]data!L$2:L$218)/100) -> 3.1533666 | ... AM73: =[1]data!AJ74*(_xlfn.XLOOKUP([1]data!$C74,[2]data!$B$2:$B$218,[2]data!AI$2:AI$218)/100) -> 19.135013
A74: IIASA-WiC POP 2023 | B74: SSP2 | C74: French Guiana | D74: #N/A | E74: =_xlfn.XLOOKUP(D74,[6]Feuil1!$C$2:$C$248,[6]Feuil1!$B$2:$B$248) -> #N/A | F74: Population | G74: Rest of South America | H74: million | I74: =[1]data!F75*(_xlfn.XLOOKUP([1]data!$C75,[2]data!$B$2:$B$218,[2]data!E$2:E$218)/100) -> 0.012484176 | J74: =[1]data!G75*(_xlfn.XLOOKUP([1]data!$C75,[2]data!$B$2:$B$218,[2]data!F$2:F$218)/100) -> 0.014634764 | K74: =[1]data!H75*(_xlfn.XLOOKUP([1]data!$C75,[2]data!$B$2:$B$218,[2]data!G$2:G$218)/100) -> 0.019286244 | L74: =[1]data!I75*(_xlfn.XLOOKUP([1]data!$C75,[2]data!$B$2:$B$218,[2]data!H$2:H$218)/100) -> 0.024992937 | M74: =[1]data!J75*(_xlfn.XLOOKUP([1]data!$C75,[2]data!$B$2:$B$218,[2]data!I$2:I$218)/100) -> 0.030887398 | N74: =[1]data!K75*(_xlfn.XLOOKUP([1]data!$C75,[2]data!$B$2:$B$218,[2]data!J$2:J$218)/100) -> 0.036783312 | O74: =[1]data!L75*(_xlfn.XLOOKUP([1]data!$C75,[2]data!$B$2:$B$218,[2]data!K$2:K$218)/100) -> 0.046368336 | P74: =[1]data!M75*(_xlfn.XLOOKUP([1]data!$C75,[2]data!$B$2:$B$218,[2]data!L$2:L$218)/100) -> 0.061360254 | ... AM74: =[1]data!AJ75*(_xlfn.XLOOKUP([1]data!$C75,[2]data!$B$2:$B$218,[2]data!AI$2:AI$218)/100) -> 0.5928642
A75: IIASA-WiC POP 2023 | B75: SSP2 | C75: Guam | D75: GUM | E75: =_xlfn.XLOOKUP(D75,[6]Feuil1!$C$2:$C$248,[6]Feuil1!$B$2:$B$248) -> GU | F75: Population | G75: Oceania | H75: million | I75: =[1]data!F76*(_xlfn.XLOOKUP([1]data!$C76,[2]data!$B$2:$B$218,[2]data!E$2:E$218)/100) -> 0.024999303 | J75: =[1]data!G76*(_xlfn.XLOOKUP([1]data!$C76,[2]data!$B$2:$B$218,[2]data!F$2:F$218)/100) -> 0.029901053 | K75: =[1]data!H76*(_xlfn.XLOOKUP([1]data!$C76,[2]data!$B$2:$B$218,[2]data!G$2:G$218)/100) -> 0.035891139 | L75: =[1]data!I76*(_xlfn.XLOOKUP([1]data!$C76,[2]data!$B$2:$B$218,[2]data!H$2:H$218)/100) -> 0.04408809 | M75: =[1]data!J76*(_xlfn.XLOOKUP([1]data!$C76,[2]data!$B$2:$B$218,[2]data!I$2:I$218)/100) -> 0.054008369 | N75: =[1]data!K76*(_xlfn.XLOOKUP([1]data!$C76,[2]data!$B$2:$B$218,[2]data!J$2:J$218)/100) -> 0.082285808 | O75: =[1]data!L76*(_xlfn.XLOOKUP([1]data!$C76,[2]data!$B$2:$B$218,[2]data!K$2:K$218)/100) -> 0.1021088 | P75: =[1]data!M76*(_xlfn.XLOOKUP([1]data!$C76,[2]data!$B$2:$B$218,[2]data!L$2:L$218)/100) -> 0.1137939 | ... AM75: =[1]data!AJ76*(_xlfn.XLOOKUP([1]data!$C76,[2]data!$B$2:$B$218,[2]data!AI$2:AI$218)/100) -> 0.16799105
A76: IIASA-WiC POP 2023 | B76: SSP2 | C76: Guyana | D76: GUY | E76: =_xlfn.XLOOKUP(D76,[6]Feuil1!$C$2:$C$248,[6]Feuil1!$B$2:$B$248) -> GY | F76: Population | G76: =_xlfn.XLOOKUP(C76,[3]Sheet1!$B$2:$B$172,[3]Sheet1!$D$2:$D$172) -> Brazil | H76: million | I76: =[1]data!F77*(_xlfn.XLOOKUP([1]data!$C77,[2]data!$B$2:$B$218,[2]data!E$2:E$218)/100) -> 0.11557056 | J76: =[1]data!G77*(_xlfn.XLOOKUP([1]data!$C77,[2]data!$B$2:$B$218,[2]data!F$2:F$218)/100) -> 0.13545879 | K76: =[1]data!H77*(_xlfn.XLOOKUP([1]data!$C77,[2]data!$B$2:$B$218,[2]data!G$2:G$218)/100) -> 0.16344052 | L76: =[1]data!I77*(_xlfn.XLOOKUP([1]data!$C77,[2]data!$B$2:$B$218,[2]data!H$2:H$218)/100) -> 0.18786521 | M76: =[1]data!J77*(_xlfn.XLOOKUP([1]data!$C77,[2]data!$B$2:$B$218,[2]data!I$2:I$218)/100) -> 0.20602138 | N76: =[1]data!K77*(_xlfn.XLOOKUP([1]data!$C77,[2]data!$B$2:$B$218,[2]data!J$2:J$218)/100) -> 0.222486 | O76: =[1]data!L77*(_xlfn.XLOOKUP([1]data!$C77,[2]data!$B$2:$B$218,[2]data!K$2:K$218)/100) -> 0.23697219 | P76: =[1]data!M77*(_xlfn.XLOOKUP([1]data!$C77,[2]data!$B$2:$B$218,[2]data!L$2:L$218)/100) -> 0.2323701 | ... AM76: =[1]data!AJ77*(_xlfn.XLOOKUP([1]data!$C77,[2]data!$B$2:$B$218,[2]data!AI$2:AI$218)/100) -> 0.42968401
A77: IIASA-WiC POP 2023 | B77: SSP2 | C77: Hong Kong | D77: #N/A | E77: =_xlfn.XLOOKUP(D77,[6]Feuil1!$C$2:$C$248,[6]Feuil1!$B$2:$B$248) -> #N/A | F77: Population | G77: =_xlfn.XLOOKUP(C77,[3]Sheet1!$B$2:$B$172,[3]Sheet1!$D$2:$D$172) -> #N/A | H77: million | I77: =[1]data!F78*(_xlfn.XLOOKUP([1]data!$C78,[2]data!$B$2:$B$218,[2]data!E$2:E$218)/100) -> #N/A | J77: =[1]data!G78*(_xlfn.XLOOKUP([1]data!$C78,[2]data!$B$2:$B$218,[2]data!F$2:F$218)/100) -> #N/A | K77: =[1]data!H78*(_xlfn.XLOOKUP([1]data!$C78,[2]data!$B$2:$B$218,[2]data!G$2:G$218)/100) -> #N/A | L77: =[1]data!I78*(_xlfn.XLOOKUP([1]data!$C78,[2]data!$B$2:$B$218,[2]data!H$2:H$218)/100) -> #N/A | M77: =[1]data!J78*(_xlfn.XLOOKUP([1]data!$C78,[2]data!$B$2:$B$218,[2]data!I$2:I$218)/100) -> #N/A | N77: =[1]data!K78*(_xlfn.XLOOKUP([1]data!$C78,[2]data!$B$2:$B$218,[2]data!J$2:J$218)/100) -> #N/A | O77: =[1]data!L78*(_xlfn.XLOOKUP([1]data!$C78,[2]data!$B$2:$B$218,[2]data!K$2:K$218)/100) -> #N/A | P77: =[1]data!M78*(_xlfn.XLOOKUP([1]data!$C78,[2]data!$B$2:$B$218,[2]data!L$2:L$218)/100) -> #N/A | ... AM77: =[1]data!AJ78*(_xlfn.XLOOKUP([1]data!$C78,[2]data!$B$2:$B$218,[2]data!AI$2:AI$218)/100) -> #N/A
A78: IIASA-WiC POP 2023 | B78: SSP2 | C78: Honduras | D78: HND | E78: =_xlfn.XLOOKUP(D78,[6]Feuil1!$C$2:$C$248,[6]Feuil1!$B$2:$B$248) -> HN | F78: Population | G78: =_xlfn.XLOOKUP(C78,[3]Sheet1!$B$2:$B$172,[3]Sheet1!$D$2:$D$172) -> Central America | H78: million | I78: =[1]data!F79*(_xlfn.XLOOKUP([1]data!$C79,[2]data!$B$2:$B$218,[2]data!E$2:E$218)/100) -> 0.27035606 | J78: =[1]data!G79*(_xlfn.XLOOKUP([1]data!$C79,[2]data!$B$2:$B$218,[2]data!F$2:F$218)/100) -> 0.3541034 | K78: =[1]data!H79*(_xlfn.XLOOKUP([1]data!$C79,[2]data!$B$2:$B$218,[2]data!G$2:G$218)/100) -> 0.46495684 | L78: =[1]data!I79*(_xlfn.XLOOKUP([1]data!$C79,[2]data!$B$2:$B$218,[2]data!H$2:H$218)/100) -> 0.60867572 | M78: =[1]data!J79*(_xlfn.XLOOKUP([1]data!$C79,[2]data!$B$2:$B$218,[2]data!I$2:I$218)/100) -> 0.79223223 | N78: =[1]data!K79*(_xlfn.XLOOKUP([1]data!$C79,[2]data!$B$2:$B$218,[2]data!J$2:J$218)/100) -> 1.0210708 | O78: =[1]data!L79*(_xlfn.XLOOKUP([1]data!$C79,[2]data!$B$2:$B$218,[2]data!K$2:K$218)/100) -> 1.2981784 | P78: =[1]data!M79*(_xlfn.XLOOKUP([1]data!$C79,[2]data!$B$2:$B$218,[2]data!L$2:L$218)/100) -> 1.6302845 | ... AM78: =[1]data!AJ79*(_xlfn.XLOOKUP([1]data!$C79,[2]data!$B$2:$B$218,[2]data!AI$2:AI$218)/100) -> 11.49949
A79: IIASA-WiC POP 2023 | B79: SSP2 | C79: Croatia | D79: HRV | E79: =_xlfn.XLOOKUP(D79,[6]Feuil1!$C$2:$C$248,[6]Feuil1!$B$2:$B$248) -> HR | F79: Population | G79: =_xlfn.XLOOKUP(C79,[3]Sheet1!$B$2:$B$172,[3]Sheet1!$D$2:$D$172) -> Central Europe | H79: million | I79: =[1]data!F80*(_xlfn.XLOOKUP([1]data!$C80,[2]data!$B$2:$B$218,[2]data!E$2:E$218)/100) -> 0.85766469 | J79: =[1]data!G80*(_xlfn.XLOOKUP([1]data!$C80,[2]data!$B$2:$B$218,[2]data!F$2:F$218)/100) -> 1.0480798 | K79: =[1]data!H80*(_xlfn.XLOOKUP([1]data!$C80,[2]data!$B$2:$B$218,[2]data!G$2:G$218)/100) -> 1.2681578 | L79: =[1]data!I80*(_xlfn.XLOOKUP([1]data!$C80,[2]data!$B$2:$B$218,[2]data!H$2:H$218)/100) -> 1.5245629 | M79: =[1]data!J80*(_xlfn.XLOOKUP([1]data!$C80,[2]data!$B$2:$B$218,[2]data!I$2:I$218)/100) -> 1.8027368 | N79: =[1]data!K80*(_xlfn.XLOOKUP([1]data!$C80,[2]data!$B$2:$B$218,[2]data!J$2:J$218)/100) -> 2.0065 | O79: =[1]data!L80*(_xlfn.XLOOKUP([1]data!$C80,[2]data!$B$2:$B$218,[2]data!K$2:K$218)/100) -> 2.2083448 | P79: =[1]data!M80*(_xlfn.XLOOKUP([1]data!$C80,[2]data!$B$2:$B$218,[2]data!L$2:L$218)/100) -> 2.3614286 | ... AM79: =[1]data!AJ80*(_xlfn.XLOOKUP([1]data!$C80,[2]data!$B$2:$B$218,[2]data!AI$2:AI$218)/100) -> 2.1744639
A80: IIASA-WiC POP 2023 | B80: SSP2 | C80: Haiti | D80: HTI | E80: =_xlfn.XLOOKUP(D80,[6]Feuil1!$C$2:$C$248,[6]Feuil1!$B$2:$B$248) -> HT | F80: Population | G80: =_xlfn.XLOOKUP(C80,[3]Sheet1!$B$2:$B$172,[3]Sheet1!$D$2:$D$172) -> Central America | H80: million | I80: =[1]data!F81*(_xlfn.XLOOKUP([1]data!$C81,[2]data!$B$2:$B$218,[2]data!E$2:E$218)/100) -> 0.39287721 | J80: =[1]data!G81*(_xlfn.XLOOKUP([1]data!$C81,[2]data!$B$2:$B$218,[2]data!F$2:F$218)/100) -> 0.48474363 | K80: =[1]data!H81*(_xlfn.XLOOKUP([1]data!$C81,[2]data!$B$2:$B$218,[2]data!G$2:G$218)/100) -> 0.60284936 | L80: =[1]data!I81*(_xlfn.XLOOKUP([1]data!$C81,[2]data!$B$2:$B$218,[2]data!H$2:H$218)/100) -> 0.74539098 | M80: =[1]data!J81*(_xlfn.XLOOKUP([1]data!$C81,[2]data!$B$2:$B$218,[2]data!I$2:I$218)/100) -> 0.91838835 | N80: =[1]data!K81*(_xlfn.XLOOKUP([1]data!$C81,[2]data!$B$2:$B$218,[2]data!J$2:J$218)/100) -> 1.0356201 | O80: =[1]data!L81*(_xlfn.XLOOKUP([1]data!$C81,[2]data!$B$2:$B$218,[2]data!K$2:K$218)/100) -> 1.1461616 | P80: =[1]data!M81*(_xlfn.XLOOKUP([1]data!$C81,[2]data!$B$2:$B$218,[2]data!L$2:L$218)/100) -> 1.4403321 | ... AM80: =[1]data!AJ81*(_xlfn.XLOOKUP([1]data!$C81,[2]data!$B$2:$B$218,[2]data!AI$2:AI$218)/100) -> 11.42827
A81: IIASA-WiC POP 2023 | B81: SSP2 | C81: Hungary | D81: HUN | E81: =_xlfn.XLOOKUP(D81,[6]Feuil1!$C$2:$C$248,[6]Feuil1!$B$2:$B$248) -> HU | F81: Population | G81: =_xlfn.XLOOKUP(C81,[3]Sheet1!$B$2:$B$172,[3]Sheet1!$D$2:$D$172) -> Central Europe | H81: million | I81: =[1]data!F82*(_xlfn.XLOOKUP([1]data!$C82,[2]data!$B$2:$B$218,[2]data!E$2:E$218)/100) -> 4.9249805 | J81: =[1]data!G82*(_xlfn.XLOOKUP([1]data!$C82,[2]data!$B$2:$B$218,[2]data!F$2:F$218)/100) -> 5.3122606 | K81: =[1]data!H82*(_xlfn.XLOOKUP([1]data!$C82,[2]data!$B$2:$B$218,[2]data!G$2:G$218)/100) -> 5.5681588 | L81: =[1]data!I82*(_xlfn.XLOOKUP([1]data!$C82,[2]data!$B$2:$B$218,[2]data!H$2:H$218)/100) -> 5.8749389 | M81: =[1]data!J82*(_xlfn.XLOOKUP([1]data!$C82,[2]data!$B$2:$B$218,[2]data!I$2:I$218)/100) -> 6.1900308 | N81: =[1]data!K82*(_xlfn.XLOOKUP([1]data!$C82,[2]data!$B$2:$B$218,[2]data!J$2:J$218)/100) -> 6.5238856 | O81: =[1]data!L82*(_xlfn.XLOOKUP([1]data!$C82,[2]data!$B$2:$B$218,[2]data!K$2:K$218)/100) -> 6.8735287 | P81: =[1]data!M82*(_xlfn.XLOOKUP([1]data!$C82,[2]data!$B$2:$B$218,[2]data!L$2:L$218)/100) -> 6.8751335 | ... AM81: =[1]data!AJ82*(_xlfn.XLOOKUP([1]data!$C82,[2]data!$B$2:$B$218,[2]data!AI$2:AI$218)/100) -> 6.1350244
A82: IIASA-WiC POP 2023 | B82: SSP2 | C82: Indonesia | D82: IDN | E82: =_xlfn.XLOOKUP(D82,[6]Feuil1!$C$2:$C$248,[6]Feuil1!$B$2:$B$248) -> ID | F82: Population | G82: =_xlfn.XLOOKUP(C82,[3]Sheet1!$B$2:$B$172,[3]Sheet1!$D$2:$D$172) -> Indonesia region | H82: million | I82: =[1]data!F83*(_xlfn.XLOOKUP([1]data!$C83,[2]data!$B$2:$B$218,[2]data!E$2:E$218)/100) -> 8.5390057 | J82: =[1]data!G83*(_xlfn.XLOOKUP([1]data!$C83,[2]data!$B$2:$B$218,[2]data!F$2:F$218)/100) -> 10.36934 | K82: =[1]data!H83*(_xlfn.XLOOKUP([1]data!$C83,[2]data!$B$2:$B$218,[2]data!G$2:G$218)/100) -> 12.729625 | L82: =[1]data!I83*(_xlfn.XLOOKUP([1]data!$C83,[2]data!$B$2:$B$218,[2]data!H$2:H$218)/100) -> 15.809278 | M82: =[1]data!J83*(_xlfn.XLOOKUP([1]data!$C83,[2]data!$B$2:$B$218,[2]data!I$2:I$218)/100) -> 19.438827 | N82: =[1]data!K83*(_xlfn.XLOOKUP([1]data!$C83,[2]data!$B$2:$B$218,[2]data!J$2:J$218)/100) -> 25.006186 | O82: =[1]data!L83*(_xlfn.XLOOKUP([1]data!$C83,[2]data!$B$2:$B$218,[2]data!K$2:K$218)/100) -> 32.36014 | P82: =[1]data!M83*(_xlfn.XLOOKUP([1]data!$C83,[2]data!$B$2:$B$218,[2]data!L$2:L$218)/100) -> 42.828942 | ... AM82: =[1]data!AJ83*(_xlfn.XLOOKUP([1]data!$C83,[2]data!$B$2:$B$218,[2]data!AI$2:AI$218)/100) -> 217.05697
A83: IIASA-WiC POP 2023 | B83: SSP2 | C83: India | D83: IND | E83: =_xlfn.XLOOKUP(D83,[6]Feuil1!$C$2:$C$248,[6]Feuil1!$B$2:$B$248) -> IN | F83: Population | G83: =_xlfn.XLOOKUP(C83,[3]Sheet1!$B$2:$B$172,[3]Sheet1!$D$2:$D$172) -> India | H83: million | I83: =[1]data!F84*(_xlfn.XLOOKUP([1]data!$C84,[2]data!$B$2:$B$218,[2]data!E$2:E$218)/100) -> 60.027727 | J83: =[1]data!G84*(_xlfn.XLOOKUP([1]data!$C84,[2]data!$B$2:$B$218,[2]data!F$2:F$218)/100) -> 69.360717 | K83: =[1]data!H84*(_xlfn.XLOOKUP([1]data!$C84,[2]data!$B$2:$B$218,[2]data!G$2:G$218)/100) -> 78.908174 | L83: =[1]data!I84*(_xlfn.XLOOKUP([1]data!$C84,[2]data!$B$2:$B$218,[2]data!H$2:H$218)/100) -> 92.999348 | M83: =[1]data!J84*(_xlfn.XLOOKUP([1]data!$C84,[2]data!$B$2:$B$218,[2]data!I$2:I$218)/100) -> 109.15854 | N83: =[1]data!K84*(_xlfn.XLOOKUP([1]data!$C84,[2]data!$B$2:$B$218,[2]data!J$2:J$218)/100) -> 131.33652 | O83: =[1]data!L84*(_xlfn.XLOOKUP([1]data!$C84,[2]data!$B$2:$B$218,[2]data!K$2:K$218)/100) -> 159.13004 | P83: =[1]data!M84*(_xlfn.XLOOKUP([1]data!$C84,[2]data!$B$2:$B$218,[2]data!L$2:L$218)/100) -> 187.47928 | ... AM83: =[1]data!AJ84*(_xlfn.XLOOKUP([1]data!$C84,[2]data!$B$2:$B$218,[2]data!AI$2:AI$218)/100) -> 987.1232
A84: IIASA-WiC POP 2023 | B84: SSP2 | C84: Ireland | D84: IRL | E84: =_xlfn.XLOOKUP(D84,[6]Feuil1!$C$2:$C$248,[6]Feuil1!$B$2:$B$248) -> IE | F84: Population | G84: =_xlfn.XLOOKUP(C84,[3]Sheet1!$B$2:$B$172,[3]Sheet1!$D$2:$D$172) -> Western Europe | H84: million | I84: =[1]data!F85*(_xlfn.XLOOKUP([1]data!$C85,[2]data!$B$2:$B$218,[2]data!E$2:E$218)/100) -> 1.1624076 | J84: =[1]data!G85*(_xlfn.XLOOKUP([1]data!$C85,[2]data!$B$2:$B$218,[2]data!F$2:F$218)/100) -> 1.2652282 | K84: =[1]data!H85*(_xlfn.XLOOKUP([1]data!$C85,[2]data!$B$2:$B$218,[2]data!G$2:G$218)/100) -> 1.27294 | L84: =[1]data!I85*(_xlfn.XLOOKUP([1]data!$C85,[2]data!$B$2:$B$218,[2]data!H$2:H$218)/100) -> 1.3142579 | M84: =[1]data!J85*(_xlfn.XLOOKUP([1]data!$C85,[2]data!$B$2:$B$218,[2]data!I$2:I$218)/100) -> 1.501373 | N84: =[1]data!K85*(_xlfn.XLOOKUP([1]data!$C85,[2]data!$B$2:$B$218,[2]data!J$2:J$218)/100) -> 1.6798111 | O84: =[1]data!L85*(_xlfn.XLOOKUP([1]data!$C85,[2]data!$B$2:$B$218,[2]data!K$2:K$218)/100) -> 1.8649001 | P84: =[1]data!M85*(_xlfn.XLOOKUP([1]data!$C85,[2]data!$B$2:$B$218,[2]data!L$2:L$218)/100) -> 1.9700868 | ... AM84: =[1]data!AJ85*(_xlfn.XLOOKUP([1]data!$C85,[2]data!$B$2:$B$218,[2]data!AI$2:AI$218)/100) -> 5.7315716
A85: IIASA-WiC POP 2023 | B85: SSP2 | C85: Iran | D85: IRN | E85: =_xlfn.XLOOKUP(D85,[6]Feuil1!$C$2:$C$248,[6]Feuil1!$B$2:$B$248) -> IR | F85: Population | G85: =_xlfn.XLOOKUP(C85,[3]Sheet1!$B$2:$B$172,[3]Sheet1!$D$2:$D$172) -> Middle East | H85: million | I85: =[1]data!F86*(_xlfn.XLOOKUP([1]data!$C86,[2]data!$B$2:$B$218,[2]data!E$2:E$218)/100) -> 4.5762052 | J85: =[1]data!G86*(_xlfn.XLOOKUP([1]data!$C86,[2]data!$B$2:$B$218,[2]data!F$2:F$218)/100) -> 5.7066699 | K85: =[1]data!H86*(_xlfn.XLOOKUP([1]data!$C86,[2]data!$B$2:$B$218,[2]data!G$2:G$218)/100) -> 7.1103414 | L85: =[1]data!I86*(_xlfn.XLOOKUP([1]data!$C86,[2]data!$B$2:$B$218,[2]data!H$2:H$218)/100) -> 9.0155204 | M85: =[1]data!J86*(_xlfn.XLOOKUP([1]data!$C86,[2]data!$B$2:$B$218,[2]data!I$2:I$218)/100) -> 11.552278 | N85: =[1]data!K86*(_xlfn.XLOOKUP([1]data!$C86,[2]data!$B$2:$B$218,[2]data!J$2:J$218)/100) -> 14.789871 | O85: =[1]data!L86*(_xlfn.XLOOKUP([1]data!$C86,[2]data!$B$2:$B$218,[2]data!K$2:K$218)/100) -> 18.808753 | P85: =[1]data!M86*(_xlfn.XLOOKUP([1]data!$C86,[2]data!$B$2:$B$218,[2]data!L$2:L$218)/100) -> 24.801708 | ... AM85: =[1]data!AJ86*(_xlfn.XLOOKUP([1]data!$C86,[2]data!$B$2:$B$218,[2]data!AI$2:AI$218)/100) -> 82.561675
A86: IIASA-WiC POP 2023 | B86: SSP2 | C86: Iraq | D86: IRQ | E86: =_xlfn.XLOOKUP(D86,[6]Feuil1!$C$2:$C$248,[6]Feuil1!$B$2:$B$248) -> IQ | F86: Population | G86: =_xlfn.XLOOKUP(C86,[3]Sheet1!$B$2:$B$172,[3]Sheet1!$D$2:$D$172) -> Middle East | H86: million | I86: =[1]data!F87*(_xlfn.XLOOKUP([1]data!$C87,[2]data!$B$2:$B$218,[2]data!E$2:E$218)/100) -> 1.964414 | J86: =[1]data!G87*(_xlfn.XLOOKUP([1]data!$C87,[2]data!$B$2:$B$218,[2]data!F$2:F$218)/100) -> 2.3818254 | K86: =[1]data!H87*(_xlfn.XLOOKUP([1]data!$C87,[2]data!$B$2:$B$218,[2]data!G$2:G$218)/100) -> 3.0048833 | L86: =[1]data!I87*(_xlfn.XLOOKUP([1]data!$C87,[2]data!$B$2:$B$218,[2]data!H$2:H$218)/100) -> 4.1223475 | M86: =[1]data!J87*(_xlfn.XLOOKUP([1]data!$C87,[2]data!$B$2:$B$218,[2]data!I$2:I$218)/100) -> 5.4180577 | N86: =[1]data!K87*(_xlfn.XLOOKUP([1]data!$C87,[2]data!$B$2:$B$218,[2]data!J$2:J$218)/100) -> 7.0172887 | O86: =[1]data!L87*(_xlfn.XLOOKUP([1]data!$C87,[2]data!$B$2:$B$218,[2]data!K$2:K$218)/100) -> 8.8008282 | P86: =[1]data!M87*(_xlfn.XLOOKUP([1]data!$C87,[2]data!$B$2:$B$218,[2]data!L$2:L$218)/100) -> 10.745042 | ... AM86: =[1]data!AJ87*(_xlfn.XLOOKUP([1]data!$C87,[2]data!$B$2:$B$218,[2]data!AI$2:AI$218)/100) -> 80.373143
A87: IIASA-WiC POP 2023 | B87: SSP2 | C87: Iceland | D87: ISL | E87: =_xlfn.XLOOKUP(D87,[6]Feuil1!$C$2:$C$248,[6]Feuil1!$B$2:$B$248) -> IS | F87: Population | G87: =_xlfn.XLOOKUP(C87,[3]Sheet1!$B$2:$B$172,[3]Sheet1!$D$2:$D$172) -> Western Europe | H87: million | I87: =[1]data!F88*(_xlfn.XLOOKUP([1]data!$C88,[2]data!$B$2:$B$218,[2]data!E$2:E$218)/100) -> 0.10267494 | J87: =[1]data!G88*(_xlfn.XLOOKUP([1]data!$C88,[2]data!$B$2:$B$218,[2]data!F$2:F$218)/100) -> 0.11982566 | K87: =[1]data!H88*(_xlfn.XLOOKUP([1]data!$C88,[2]data!$B$2:$B$218,[2]data!G$2:G$218)/100) -> 0.13960075 | L87: =[1]data!I88*(_xlfn.XLOOKUP([1]data!$C88,[2]data!$B$2:$B$218,[2]data!H$2:H$218)/100) -> 0.15773206 | M87: =[1]data!J88*(_xlfn.XLOOKUP([1]data!$C88,[2]data!$B$2:$B$218,[2]data!I$2:I$218)/100) -> 0.17320619 | N87: =[1]data!K88*(_xlfn.XLOOKUP([1]data!$C88,[2]data!$B$2:$B$218,[2]data!J$2:J$218)/100) -> 0.18794653 | O87: =[1]data!L88*(_xlfn.XLOOKUP([1]data!$C88,[2]data!$B$2:$B$218,[2]data!K$2:K$218)/100) -> 0.20050193 | P87: =[1]data!M88*(_xlfn.XLOOKUP([1]data!$C88,[2]data!$B$2:$B$218,[2]data!L$2:L$218)/100) -> 0.2157335 | ... AM87: =[1]data!AJ88*(_xlfn.XLOOKUP([1]data!$C88,[2]data!$B$2:$B$218,[2]data!AI$2:AI$218)/100) -> 0.44090464
A88: IIASA-WiC POP 2023 | B88: SSP2 | C88: Israel | D88: ISR | E88: =_xlfn.XLOOKUP(D88,[6]Feuil1!$C$2:$C$248,[6]Feuil1!$B$2:$B$248) -> IL | F88: Population | G88: =_xlfn.XLOOKUP(C88,[3]Sheet1!$B$2:$B$172,[3]Sheet1!$D$2:$D$172) -> Middle East | H88: million | I88: =[1]data!F89*(_xlfn.XLOOKUP([1]data!$C89,[2]data!$B$2:$B$218,[2]data!E$2:E$218)/100) -> 0.89315657 | J88: =[1]data!G89*(_xlfn.XLOOKUP([1]data!$C89,[2]data!$B$2:$B$218,[2]data!F$2:F$218)/100) -> 1.0901198 | K88: =[1]data!H89*(_xlfn.XLOOKUP([1]data!$C89,[2]data!$B$2:$B$218,[2]data!G$2:G$218)/100) -> 1.4305344 | L88: =[1]data!I89*(_xlfn.XLOOKUP([1]data!$C89,[2]data!$B$2:$B$218,[2]data!H$2:H$218)/100) -> 1.8674382 | M88: =[1]data!J89*(_xlfn.XLOOKUP([1]data!$C89,[2]data!$B$2:$B$218,[2]data!I$2:I$218)/100) -> 2.4005016 | N88: =[1]data!K89*(_xlfn.XLOOKUP([1]data!$C89,[2]data!$B$2:$B$218,[2]data!J$2:J$218)/100) -> 2.8987488 | O88: =[1]data!L89*(_xlfn.XLOOKUP([1]data!$C89,[2]data!$B$2:$B$218,[2]data!K$2:K$218)/100) -> 3.2866241 | P88: =[1]data!M89*(_xlfn.XLOOKUP([1]data!$C89,[2]data!$B$2:$B$218,[2]data!L$2:L$218)/100) -> 3.7066863 | ... AM88: =[1]data!AJ89*(_xlfn.XLOOKUP([1]data!$C89,[2]data!$B$2:$B$218,[2]data!AI$2:AI$218)/100) -> 18.459743
A89: IIASA-WiC POP 2023 | B89: SSP2 | C89: Italy | D89: ITA | E89: =_xlfn.XLOOKUP(D89,[6]Feuil1!$C$2:$C$248,[6]Feuil1!$B$2:$B$248) -> IT | F89: Population | G89: =_xlfn.XLOOKUP(C89,[3]Sheet1!$B$2:$B$172,[3]Sheet1!$D$2:$D$172) -> Western Europe | H89: million | I89: =[1]data!F90*(_xlfn.XLOOKUP([1]data!$C90,[2]data!$B$2:$B$218,[2]data!E$2:E$218)/100) -> 24.980745 | J89: =[1]data!G90*(_xlfn.XLOOKUP([1]data!$C90,[2]data!$B$2:$B$218,[2]data!F$2:F$218)/100) -> 27.302585 | K89: =[1]data!H90*(_xlfn.XLOOKUP([1]data!$C90,[2]data!$B$2:$B$218,[2]data!G$2:G$218)/100) -> 29.331746 | L89: =[1]data!I90*(_xlfn.XLOOKUP([1]data!$C90,[2]data!$B$2:$B$218,[2]data!H$2:H$218)/100) -> 31.666132 | M89: =[1]data!J90*(_xlfn.XLOOKUP([1]data!$C90,[2]data!$B$2:$B$218,[2]data!I$2:I$218)/100) -> 34.188709 | N89: =[1]data!K90*(_xlfn.XLOOKUP([1]data!$C90,[2]data!$B$2:$B$218,[2]data!J$2:J$218)/100) -> 36.039525 | O89: =[1]data!L90*(_xlfn.XLOOKUP([1]data!$C90,[2]data!$B$2:$B$218,[2]data!K$2:K$218)/100) -> 37.401581 | P89: =[1]data!M90*(_xlfn.XLOOKUP([1]data!$C90,[2]data!$B$2:$B$218,[2]data!L$2:L$218)/100) -> 37.830006 | ... AM89: =[1]data!AJ90*(_xlfn.XLOOKUP([1]data!$C90,[2]data!$B$2:$B$218,[2]data!AI$2:AI$218)/100) -> 41.326064
... A96: IIASA-WiC POP 2023 | B96: SSP2 | C96: Cambodia | D96: KHM | E96: =_xlfn.XLOOKUP(D96,[6]Feuil1!$C$2:$C$248,[6]Feuil1!$B$2:$B$248) -> KH | F96: Population | G96: =_xlfn.XLOOKUP(C96,[3]Sheet1!$B$2:$B$172,[3]Sheet1!$D$2:$D$172) -> Southeastern Asia | H96: million | I96: =[1]data!F97*(_xlfn.XLOOKUP([1]data!$C97,[2]data!$B$2:$B$218,[2]data!E$2:E$218)/100) -> 0.44150802 | J96: =[1]data!G97*(_xlfn.XLOOKUP([1]data!$C97,[2]data!$B$2:$B$218,[2]data!F$2:F$218)/100) -> 0.4969289 | K96: =[1]data!H97*(_xlfn.XLOOKUP([1]data!$C97,[2]data!$B$2:$B$218,[2]data!G$2:G$218)/100) -> 0.56447059 | L96: =[1]data!I97*(_xlfn.XLOOKUP([1]data!$C97,[2]data!$B$2:$B$218,[2]data!H$2:H$218)/100) -> 0.65942532 | M96: =[1]data!J97*(_xlfn.XLOOKUP([1]data!$C97,[2]data!$B$2:$B$218,[2]data!I$2:I$218)/100) -> 1.0789269 | N96: =[1]data!K97*(_xlfn.XLOOKUP([1]data!$C97,[2]data!$B$2:$B$218,[2]data!J$2:J$218)/100) -> 0.31211028 | O96: =[1]data!L97*(_xlfn.XLOOKUP([1]data!$C97,[2]data!$B$2:$B$218,[2]data!K$2:K$218)/100) -> 0.61057676 | P96: =[1]data!M97*(_xlfn.XLOOKUP([1]data!$C97,[2]data!$B$2:$B$218,[2]data!L$2:L$218)/100) -> 1.0070278 | ... AM96: =[1]data!AJ97*(_xlfn.XLOOKUP([1]data!$C97,[2]data!$B$2:$B$218,[2]data!AI$2:AI$218)/100) -> 11.069479
A97: IIASA-WiC POP 2023 | B97: SSP2 | C97: Kiribati | D97: KIR | E97: =_xlfn.XLOOKUP(D97,[6]Feuil1!$C$2:$C$248,[6]Feuil1!$B$2:$B$248) -> KI | F97: Population | G97: Oceania | H97: million | I97: =[1]data!F98*(_xlfn.XLOOKUP([1]data!$C98,[2]data!$B$2:$B$218,[2]data!E$2:E$218)/100) -> 0.00412093 | J97: =[1]data!G98*(_xlfn.XLOOKUP([1]data!$C98,[2]data!$B$2:$B$218,[2]data!F$2:F$218)/100) -> 0.0055677 | K97: =[1]data!H98*(_xlfn.XLOOKUP([1]data!$C98,[2]data!$B$2:$B$218,[2]data!G$2:G$218)/100) -> 0.007582597 | L97: =[1]data!I98*(_xlfn.XLOOKUP([1]data!$C98,[2]data!$B$2:$B$218,[2]data!H$2:H$218)/100) -> 0.01033998 | M97: =[1]data!J98*(_xlfn.XLOOKUP([1]data!$C98,[2]data!$B$2:$B$218,[2]data!I$2:I$218)/100) -> 0.013708562 | N97: =[1]data!K98*(_xlfn.XLOOKUP([1]data!$C98,[2]data!$B$2:$B$218,[2]data!J$2:J$218)/100) -> 0.018009824 | O97: =[1]data!L98*(_xlfn.XLOOKUP([1]data!$C98,[2]data!$B$2:$B$218,[2]data!K$2:K$218)/100) -> 0.019474316 | P97: =[1]data!M98*(_xlfn.XLOOKUP([1]data!$C98,[2]data!$B$2:$B$218,[2]data!L$2:L$218)/100) -> 0.022100285 | ... AM97: =[1]data!AJ98*(_xlfn.XLOOKUP([1]data!$C98,[2]data!$B$2:$B$218,[2]data!AI$2:AI$218)/100) -> 0.14136924
A98: IIASA-WiC POP 2023 | B98: SSP2 | C98: South Korea | D98: KOR | E98: =_xlfn.XLOOKUP(D98,[6]Feuil1!$C$2:$C$248,[6]Feuil1!$B$2:$B$248) -> KR | F98: Population | G98: =_xlfn.XLOOKUP(C98,[3]Sheet1!$B$2:$B$172,[3]Sheet1!$D$2:$D$172) -> Korea region | H98: million | I98: =[1]data!F99*(_xlfn.XLOOKUP([1]data!$C99,[2]data!$B$2:$B$218,[2]data!E$2:E$218)/100) -> 4.314304 | J98: =[1]data!G99*(_xlfn.XLOOKUP([1]data!$C99,[2]data!$B$2:$B$218,[2]data!F$2:F$218)/100) -> 5.3049641 | K98: =[1]data!H99*(_xlfn.XLOOKUP([1]data!$C99,[2]data!$B$2:$B$218,[2]data!G$2:G$218)/100) -> 7.0435665 | L98: =[1]data!I99*(_xlfn.XLOOKUP([1]data!$C99,[2]data!$B$2:$B$218,[2]data!H$2:H$218)/100) -> 9.3543589 | M98: =[1]data!J99*(_xlfn.XLOOKUP([1]data!$C99,[2]data!$B$2:$B$218,[2]data!I$2:I$218)/100) -> 13.128541 | N98: =[1]data!K99*(_xlfn.XLOOKUP([1]data!$C99,[2]data!$B$2:$B$218,[2]data!J$2:J$218)/100) -> 17.107989 | O98: =[1]data!L99*(_xlfn.XLOOKUP([1]data!$C99,[2]data!$B$2:$B$218,[2]data!K$2:K$218)/100) -> 21.515138 | P98: =[1]data!M99*(_xlfn.XLOOKUP([1]data!$C99,[2]data!$B$2:$B$218,[2]data!L$2:L$218)/100) -> 26.582841 | ... AM98: =[1]data!AJ99*(_xlfn.XLOOKUP([1]data!$C99,[2]data!$B$2:$B$218,[2]data!AI$2:AI$218)/100) -> 26.033014
A99: IIASA-WiC POP 2023 | B99: SSP2 | C99: Kuwait | D99: KWT | E99: =_xlfn.XLOOKUP(D99,[6]Feuil1!$C$2:$C$248,[6]Feuil1!$B$2:$B$248) -> KW | F99: Population | G99: =_xlfn.XLOOKUP(C99,[3]Sheet1!$B$2:$B$172,[3]Sheet1!$D$2:$D$172) -> Middle East | H99: million | I99: =[1]data!F100*(_xlfn.XLOOKUP([1]data!$C100,[2]data!$B$2:$B$218,[2]data!E$2:E$218)/100) -> #N/A | J99: =[1]data!G100*(_xlfn.XLOOKUP([1]data!$C100,[2]data!$B$2:$B$218,[2]data!F$2:F$218)/100) -> #N/A | K99: =[1]data!H100*(_xlfn.XLOOKUP([1]data!$C100,[2]data!$B$2:$B$218,[2]data!G$2:G$218)/100) -> #N/A | L99: =[1]data!I100*(_xlfn.XLOOKUP([1]data!$C100,[2]data!$B$2:$B$218,[2]data!H$2:H$218)/100) -> #N/A | M99: =[1]data!J100*(_xlfn.XLOOKUP([1]data!$C100,[2]data!$B$2:$B$218,[2]data!I$2:I$218)/100) -> #N/A | N99: =[1]data!K100*(_xlfn.XLOOKUP([1]data!$C100,[2]data!$B$2:$B$218,[2]data!J$2:J$218)/100) -> #N/A | O99: =[1]data!L100*(_xlfn.XLOOKUP([1]data!$C100,[2]data!$B$2:$B$218,[2]data!K$2:K$218)/100) -> #N/A | P99: =[1]data!M100*(_xlfn.XLOOKUP([1]data!$C100,[2]data!$B$2:$B$218,[2]data!L$2:L$218)/100) -> #N/A | ... AM99: =[1]data!AJ100*(_xlfn.XLOOKUP([1]data!$C100,[2]data!$B$2:$B$218,[2]data!AI$2:AI$218)/100) -> #N/A
A100: IIASA-WiC POP 2023 | B100: SSP2 | C100: Laos | D100: LAO | E100: =_xlfn.XLOOKUP(D100,[6]Feuil1!$C$2:$C$248,[6]Feuil1!$B$2:$B$248) -> LA | F100: Population | G100: =_xlfn.XLOOKUP(C100,[3]Sheet1!$B$2:$B$172,[3]Sheet1!$D$2:$D$172) -> Southeastern Asia | H100: million | I100: =[1]data!F101*(_xlfn.XLOOKUP([1]data!$C101,[2]data!$B$2:$B$218,[2]data!E$2:E$218)/100) -> 0.11982046 | J100: =[1]data!G101*(_xlfn.XLOOKUP([1]data!$C101,[2]data!$B$2:$B$218,[2]data!F$2:F$218)/100) -> 0.14224076 | K100: =[1]data!H101*(_xlfn.XLOOKUP([1]data!$C101,[2]data!$B$2:$B$218,[2]data!G$2:G$218)/100) -> 0.16578782 | L100: =[1]data!I101*(_xlfn.XLOOKUP([1]data!$C101,[2]data!$B$2:$B$218,[2]data!H$2:H$218)/100) -> 0.19521766 | M100: =[1]data!J101*(_xlfn.XLOOKUP([1]data!$C101,[2]data!$B$2:$B$218,[2]data!I$2:I$218)/100) -> 0.25373818 | N100: =[1]data!K101*(_xlfn.XLOOKUP([1]data!$C101,[2]data!$B$2:$B$218,[2]data!J$2:J$218)/100) -> 0.33091509 | O100: =[1]data!L101*(_xlfn.XLOOKUP([1]data!$C101,[2]data!$B$2:$B$218,[2]data!K$2:K$218)/100) -> 0.40463482 | P100: =[1]data!M101*(_xlfn.XLOOKUP([1]data!$C101,[2]data!$B$2:$B$218,[2]data!L$2:L$218)/100) -> 0.50914313 | ... AM100: =[1]data!AJ101*(_xlfn.XLOOKUP([1]data!$C101,[2]data!$B$2:$B$218,[2]data!AI$2:AI$218)/100) -> 6.1694324
A101: IIASA-WiC POP 2023 | B101: SSP2 | C101: Lebanon | D101: LBN | E101: =_xlfn.XLOOKUP(D101,[6]Feuil1!$C$2:$C$248,[6]Feuil1!$B$2:$B$248) -> LB | F101: Population | G101: =_xlfn.XLOOKUP(C101,[3]Sheet1!$B$2:$B$172,[3]Sheet1!$D$2:$D$172) -> Middle East | H101: million | I101: =[1]data!F102*(_xlfn.XLOOKUP([1]data!$C102,[2]data!$B$2:$B$218,[2]data!E$2:E$218)/100) -> 0.42577664 | J101: =[1]data!G102*(_xlfn.XLOOKUP([1]data!$C102,[2]data!$B$2:$B$218,[2]data!F$2:F$218)/100) -> 0.55685979 | K101: =[1]data!H102*(_xlfn.XLOOKUP([1]data!$C102,[2]data!$B$2:$B$218,[2]data!G$2:G$218)/100) -> 0.74955981 | L101: =[1]data!I102*(_xlfn.XLOOKUP([1]data!$C102,[2]data!$B$2:$B$218,[2]data!H$2:H$218)/100) -> 1.0482158 | M101: =[1]data!J102*(_xlfn.XLOOKUP([1]data!$C102,[2]data!$B$2:$B$218,[2]data!I$2:I$218)/100) -> 1.4004527 | N101: =[1]data!K102*(_xlfn.XLOOKUP([1]data!$C102,[2]data!$B$2:$B$218,[2]data!J$2:J$218)/100) -> 1.7846227 | O101: =[1]data!L102*(_xlfn.XLOOKUP([1]data!$C102,[2]data!$B$2:$B$218,[2]data!K$2:K$218)/100) -> 2.1604919 | P101: =[1]data!M102*(_xlfn.XLOOKUP([1]data!$C102,[2]data!$B$2:$B$218,[2]data!L$2:L$218)/100) -> 2.5367442 | ... AM101: =[1]data!AJ102*(_xlfn.XLOOKUP([1]data!$C102,[2]data!$B$2:$B$218,[2]data!AI$2:AI$218)/100) -> 6.8810789
A102: IIASA-WiC POP 2023 | B102: SSP2 | C102: Liberia | D102: LBR | E102: =_xlfn.XLOOKUP(D102,[6]Feuil1!$C$2:$C$248,[6]Feuil1!$B$2:$B$248) -> LR | F102: Population | G102: =_xlfn.XLOOKUP(C102,[3]Sheet1!$B$2:$B$172,[3]Sheet1!$D$2:$D$172) -> Western Africa | H102: million | I102: =[1]data!F103*(_xlfn.XLOOKUP([1]data!$C103,[2]data!$B$2:$B$218,[2]data!E$2:E$218)/100) -> 0.11796954 | J102: =[1]data!G103*(_xlfn.XLOOKUP([1]data!$C103,[2]data!$B$2:$B$218,[2]data!F$2:F$218)/100) -> 0.15640622 | K102: =[1]data!H103*(_xlfn.XLOOKUP([1]data!$C103,[2]data!$B$2:$B$218,[2]data!G$2:G$218)/100) -> 0.20893771 | L102: =[1]data!I103*(_xlfn.XLOOKUP([1]data!$C103,[2]data!$B$2:$B$218,[2]data!H$2:H$218)/100) -> 0.28087951 | M102: =[1]data!J103*(_xlfn.XLOOKUP([1]data!$C103,[2]data!$B$2:$B$218,[2]data!I$2:I$218)/100) -> 0.37556506 | N102: =[1]data!K103*(_xlfn.XLOOKUP([1]data!$C103,[2]data!$B$2:$B$218,[2]data!J$2:J$218)/100) -> 0.50114157 | O102: =[1]data!L103*(_xlfn.XLOOKUP([1]data!$C103,[2]data!$B$2:$B$218,[2]data!K$2:K$218)/100) -> 0.66999821 | P102: =[1]data!M103*(_xlfn.XLOOKUP([1]data!$C103,[2]data!$B$2:$B$218,[2]data!L$2:L$218)/100) -> 0.9357027 | ... AM102: =[1]data!AJ103*(_xlfn.XLOOKUP([1]data!$C103,[2]data!$B$2:$B$218,[2]data!AI$2:AI$218)/100) -> 8.990333
A103: IIASA-WiC POP 2023 | B103: SSP2 | C103: Libya | D103: LBY | E103: =_xlfn.XLOOKUP(D103,[6]Feuil1!$C$2:$C$248,[6]Feuil1!$B$2:$B$248) -> LY | F103: Population | G103: =_xlfn.XLOOKUP(C103,[3]Sheet1!$B$2:$B$172,[3]Sheet1!$D$2:$D$172) -> Northern Africa | H103: million | I103: =[1]data!F104*(_xlfn.XLOOKUP([1]data!$C104,[2]data!$B$2:$B$218,[2]data!E$2:E$218)/100) -> 0.21942024 | J103: =[1]data!G104*(_xlfn.XLOOKUP([1]data!$C104,[2]data!$B$2:$B$218,[2]data!F$2:F$218)/100) -> 0.28067174 | K103: =[1]data!H104*(_xlfn.XLOOKUP([1]data!$C104,[2]data!$B$2:$B$218,[2]data!G$2:G$218)/100) -> 0.38280442 | L103: =[1]data!I104*(_xlfn.XLOOKUP([1]data!$C104,[2]data!$B$2:$B$218,[2]data!H$2:H$218)/100) -> 0.56590388 | M103: =[1]data!J104*(_xlfn.XLOOKUP([1]data!$C104,[2]data!$B$2:$B$218,[2]data!I$2:I$218)/100) -> 0.93697174 | N103: =[1]data!K104*(_xlfn.XLOOKUP([1]data!$C104,[2]data!$B$2:$B$218,[2]data!J$2:J$218)/100) -> 1.4019667 | O103: =[1]data!L104*(_xlfn.XLOOKUP([1]data!$C104,[2]data!$B$2:$B$218,[2]data!K$2:K$218)/100) -> 2.0251497 | P103: =[1]data!M104*(_xlfn.XLOOKUP([1]data!$C104,[2]data!$B$2:$B$218,[2]data!L$2:L$218)/100) -> 2.7370932 | ... AM103: =[1]data!AJ104*(_xlfn.XLOOKUP([1]data!$C104,[2]data!$B$2:$B$218,[2]data!AI$2:AI$218)/100) -> 8.8896535
A104: IIASA-WiC POP 2023 | B104: SSP2 | C104: Saint Lucia | D104: LCA | E104: =_xlfn.XLOOKUP(D104,[6]Feuil1!$C$2:$C$248,[6]Feuil1!$B$2:$B$248) -> LC | F104: Population | G104: =_xlfn.XLOOKUP(C104,[3]Sheet1!$B$2:$B$172,[3]Sheet1!$D$2:$D$172) -> #N/A | H104: million | I104: =[1]data!F105*(_xlfn.XLOOKUP([1]data!$C105,[2]data!$B$2:$B$218,[2]data!E$2:E$218)/100) -> 0.016548096 | J104: =[1]data!G105*(_xlfn.XLOOKUP([1]data!$C105,[2]data!$B$2:$B$218,[2]data!F$2:F$218)/100) -> 0.017915359 | K104: =[1]data!H105*(_xlfn.XLOOKUP([1]data!$C105,[2]data!$B$2:$B$218,[2]data!G$2:G$218)/100) -> 0.01956371 | L104: =[1]data!I105*(_xlfn.XLOOKUP([1]data!$C105,[2]data!$B$2:$B$218,[2]data!H$2:H$218)/100) -> 0.02190096 | M104: =[1]data!J105*(_xlfn.XLOOKUP([1]data!$C105,[2]data!$B$2:$B$218,[2]data!I$2:I$218)/100) -> 0.024434882 | N104: =[1]data!K105*(_xlfn.XLOOKUP([1]data!$C105,[2]data!$B$2:$B$218,[2]data!J$2:J$218)/100) -> 0.027857844 | O104: =[1]data!L105*(_xlfn.XLOOKUP([1]data!$C105,[2]data!$B$2:$B$218,[2]data!K$2:K$218)/100) -> 0.031933825 | P104: =[1]data!M105*(_xlfn.XLOOKUP([1]data!$C105,[2]data!$B$2:$B$218,[2]data!L$2:L$218)/100) -> 0.036744021 | ... AM104: =[1]data!AJ105*(_xlfn.XLOOKUP([1]data!$C105,[2]data!$B$2:$B$218,[2]data!AI$2:AI$218)/100) -> 0.085206577
A105: IIASA-WiC POP 2023 | B105: SSP2 | C105: Sri Lanka | D105: LKA | E105: =_xlfn.XLOOKUP(D105,[6]Feuil1!$C$2:$C$248,[6]Feuil1!$B$2:$B$248) -> LK | F105: Population | G105: =_xlfn.XLOOKUP(C105,[3]Sheet1!$B$2:$B$172,[3]Sheet1!$D$2:$D$172) -> Rest of South Asia | H105: million | I105: =[1]data!F106*(_xlfn.XLOOKUP([1]data!$C106,[2]data!$B$2:$B$218,[2]data!E$2:E$218)/100) -> 1.2049562 | J105: =[1]data!G106*(_xlfn.XLOOKUP([1]data!$C106,[2]data!$B$2:$B$218,[2]data!F$2:F$218)/100) -> 1.3510817 | K105: =[1]data!H106*(_xlfn.XLOOKUP([1]data!$C106,[2]data!$B$2:$B$218,[2]data!G$2:G$218)/100) -> 1.585141 | L105: =[1]data!I106*(_xlfn.XLOOKUP([1]data!$C106,[2]data!$B$2:$B$218,[2]data!H$2:H$218)/100) -> 1.8645363 | M105: =[1]data!J106*(_xlfn.XLOOKUP([1]data!$C106,[2]data!$B$2:$B$218,[2]data!I$2:I$218)/100) -> 2.1567188 | N105: =[1]data!K106*(_xlfn.XLOOKUP([1]data!$C106,[2]data!$B$2:$B$218,[2]data!J$2:J$218)/100) -> 2.4507659 | O105: =[1]data!L106*(_xlfn.XLOOKUP([1]data!$C106,[2]data!$B$2:$B$218,[2]data!K$2:K$218)/100) -> 2.7554992 | P105: =[1]data!M106*(_xlfn.XLOOKUP([1]data!$C106,[2]data!$B$2:$B$218,[2]data!L$2:L$218)/100) -> 2.9724134 | ... AM105: =[1]data!AJ106*(_xlfn.XLOOKUP([1]data!$C106,[2]data!$B$2:$B$218,[2]data!AI$2:AI$218)/100) -> 12.117775
A106: IIASA-WiC POP 2023 | B106: SSP2 | C106: Lesotho | D106: LSO | E106: =_xlfn.XLOOKUP(D106,[6]Feuil1!$C$2:$C$248,[6]Feuil1!$B$2:$B$248) -> LS | F106: Population | G106: =_xlfn.XLOOKUP(C106,[3]Sheet1!$B$2:$B$172,[3]Sheet1!$D$2:$D$172) -> Rest of Southern Africa | H106: million | I106: =[1]data!F107*(_xlfn.XLOOKUP([1]data!$C107,[2]data!$B$2:$B$218,[2]data!E$2:E$218)/100) -> 0.01034019 | J106: =[1]data!G107*(_xlfn.XLOOKUP([1]data!$C107,[2]data!$B$2:$B$218,[2]data!F$2:F$218)/100) -> 0.01268088 | K106: =[1]data!H107*(_xlfn.XLOOKUP([1]data!$C107,[2]data!$B$2:$B$218,[2]data!G$2:G$218)/100) -> 0.025427465 | L106: =[1]data!I107*(_xlfn.XLOOKUP([1]data!$C107,[2]data!$B$2:$B$218,[2]data!H$2:H$218)/100) -> 0.054201792 | M106: =[1]data!J107*(_xlfn.XLOOKUP([1]data!$C107,[2]data!$B$2:$B$218,[2]data!I$2:I$218)/100) -> 0.086475838 | N106: =[1]data!K107*(_xlfn.XLOOKUP([1]data!$C107,[2]data!$B$2:$B$218,[2]data!J$2:J$218)/100) -> 0.12912815 | O106: =[1]data!L107*(_xlfn.XLOOKUP([1]data!$C107,[2]data!$B$2:$B$218,[2]data!K$2:K$218)/100) -> 0.15962575 | P106: =[1]data!M107*(_xlfn.XLOOKUP([1]data!$C107,[2]data!$B$2:$B$218,[2]data!L$2:L$218)/100) -> 0.18820575 | ... AM106: =[1]data!AJ107*(_xlfn.XLOOKUP([1]data!$C107,[2]data!$B$2:$B$218,[2]data!AI$2:AI$218)/100) -> 1.6092054
A107: IIASA-WiC POP 2023 | B107: SSP2 | C107: Lithuania | D107: LTU | E107: =_xlfn.XLOOKUP(D107,[6]Feuil1!$C$2:$C$248,[6]Feuil1!$B$2:$B$248) -> LT | F107: Population | G107: =_xlfn.XLOOKUP(C107,[3]Sheet1!$B$2:$B$172,[3]Sheet1!$D$2:$D$172) -> Central Europe | H107: million | I107: =[1]data!F108*(_xlfn.XLOOKUP([1]data!$C108,[2]data!$B$2:$B$218,[2]data!E$2:E$218)/100) -> 0.73527581 | J107: =[1]data!G108*(_xlfn.XLOOKUP([1]data!$C108,[2]data!$B$2:$B$218,[2]data!F$2:F$218)/100) -> 0.91528424 | K107: =[1]data!H108*(_xlfn.XLOOKUP([1]data!$C108,[2]data!$B$2:$B$218,[2]data!G$2:G$218)/100) -> 1.1279107 | L107: =[1]data!I108*(_xlfn.XLOOKUP([1]data!$C108,[2]data!$B$2:$B$218,[2]data!H$2:H$218)/100) -> 1.3516532 | M107: =[1]data!J108*(_xlfn.XLOOKUP([1]data!$C108,[2]data!$B$2:$B$218,[2]data!I$2:I$218)/100) -> 1.5840306 | N107: =[1]data!K108*(_xlfn.XLOOKUP([1]data!$C108,[2]data!$B$2:$B$218,[2]data!J$2:J$218)/100) -> 1.8677135 | O107: =[1]data!L108*(_xlfn.XLOOKUP([1]data!$C108,[2]data!$B$2:$B$218,[2]data!K$2:K$218)/100) -> 2.1461365 | P107: =[1]data!M108*(_xlfn.XLOOKUP([1]data!$C108,[2]data!$B$2:$B$218,[2]data!L$2:L$218)/100) -> 2.3781011 | ... AM107: =[1]data!AJ108*(_xlfn.XLOOKUP([1]data!$C108,[2]data!$B$2:$B$218,[2]data!AI$2:AI$218)/100) -> 1.3713082
A108: IIASA-WiC POP 2023 | B108: SSP2 | C108: Luxembourg | D108: LUX | E108: =_xlfn.XLOOKUP(D108,[6]Feuil1!$C$2:$C$248,[6]Feuil1!$B$2:$B$248) -> LU | F108: Population | G108: =_xlfn.XLOOKUP(C108,[3]Sheet1!$B$2:$B$172,[3]Sheet1!$D$2:$D$172) -> Western Europe | H108: million | I108: =[1]data!F109*(_xlfn.XLOOKUP([1]data!$C109,[2]data!$B$2:$B$218,[2]data!E$2:E$218)/100) -> 0.1987729 | J108: =[1]data!G109*(_xlfn.XLOOKUP([1]data!$C109,[2]data!$B$2:$B$218,[2]data!F$2:F$218)/100) -> 0.20831562 | K108: =[1]data!H109*(_xlfn.XLOOKUP([1]data!$C109,[2]data!$B$2:$B$218,[2]data!G$2:G$218)/100) -> 0.21818278 | L108: =[1]data!I109*(_xlfn.XLOOKUP([1]data!$C109,[2]data!$B$2:$B$218,[2]data!H$2:H$218)/100) -> 0.236232 | M108: =[1]data!J109*(_xlfn.XLOOKUP([1]data!$C109,[2]data!$B$2:$B$218,[2]data!I$2:I$218)/100) -> 0.25207538 | N108: =[1]data!K109*(_xlfn.XLOOKUP([1]data!$C109,[2]data!$B$2:$B$218,[2]data!J$2:J$218)/100) -> 0.27247709 | O108: =[1]data!L109*(_xlfn.XLOOKUP([1]data!$C109,[2]data!$B$2:$B$218,[2]data!K$2:K$218)/100) -> 0.2906568 | P108: =[1]data!M109*(_xlfn.XLOOKUP([1]data!$C109,[2]data!$B$2:$B$218,[2]data!L$2:L$218)/100) -> 0.29530793 | ... AM108: =[1]data!AJ109*(_xlfn.XLOOKUP([1]data!$C109,[2]data!$B$2:$B$218,[2]data!AI$2:AI$218)/100) -> 0.76037049
A109: IIASA-WiC POP 2023 | B109: SSP2 | C109: Latvia | D109: LVA | E109: =_xlfn.XLOOKUP(D109,[6]Feuil1!$C$2:$C$248,[6]Feuil1!$B$2:$B$248) -> LV | F109: Population | G109: =_xlfn.XLOOKUP(C109,[3]Sheet1!$B$2:$B$172,[3]Sheet1!$D$2:$D$172) -> Central Europe | H109: million | I109: =[1]data!F110*(_xlfn.XLOOKUP([1]data!$C110,[2]data!$B$2:$B$218,[2]data!E$2:E$218)/100) -> 0.8868265 | J109: =[1]data!G110*(_xlfn.XLOOKUP([1]data!$C110,[2]data!$B$2:$B$218,[2]data!F$2:F$218)/100) -> 1.0005673 | K109: =[1]data!H110*(_xlfn.XLOOKUP([1]data!$C110,[2]data!$B$2:$B$218,[2]data!G$2:G$218)/100) -> 1.1321124 | L109: =[1]data!I110*(_xlfn.XLOOKUP([1]data!$C110,[2]data!$B$2:$B$218,[2]data!H$2:H$218)/100) -> 1.292856 | M109: =[1]data!J110*(_xlfn.XLOOKUP([1]data!$C110,[2]data!$B$2:$B$218,[2]data!I$2:I$218)/100) -> 1.4489029 | N109: =[1]data!K110*(_xlfn.XLOOKUP([1]data!$C110,[2]data!$B$2:$B$218,[2]data!J$2:J$218)/100) -> 1.5949225 | O109: =[1]data!L110*(_xlfn.XLOOKUP([1]data!$C110,[2]data!$B$2:$B$218,[2]data!K$2:K$218)/100) -> 1.720438 | P109: =[1]data!M110*(_xlfn.XLOOKUP([1]data!$C110,[2]data!$B$2:$B$218,[2]data!L$2:L$218)/100) -> 1.8170665 | ... AM109: =[1]data!AJ110*(_xlfn.XLOOKUP([1]data!$C110,[2]data!$B$2:$B$218,[2]data!AI$2:AI$218)/100) -> 0.97432825
A110: IIASA-WiC POP 2023 | B110: SSP2 | C110: Macao | D110: #N/A | E110: =_xlfn.XLOOKUP(D110,[6]Feuil1!$C$2:$C$248,[6]Feuil1!$B$2:$B$248) -> #N/A | F110: Population | G110: =_xlfn.XLOOKUP(C110,[3]Sheet1!$B$2:$B$172,[3]Sheet1!$D$2:$D$172) -> #N/A | H110: million | I110: =[1]data!F111*(_xlfn.XLOOKUP([1]data!$C111,[2]data!$B$2:$B$218,[2]data!E$2:E$218)/100) -> #N/A | J110: =[1]data!G111*(_xlfn.XLOOKUP([1]data!$C111,[2]data!$B$2:$B$218,[2]data!F$2:F$218)/100) -> #N/A | K110: =[1]data!H111*(_xlfn.XLOOKUP([1]data!$C111,[2]data!$B$2:$B$218,[2]data!G$2:G$218)/100) -> #N/A | L110: =[1]data!I111*(_xlfn.XLOOKUP([1]data!$C111,[2]data!$B$2:$B$218,[2]data!H$2:H$218)/100) -> #N/A | M110: =[1]data!J111*(_xlfn.XLOOKUP([1]data!$C111,[2]data!$B$2:$B$218,[2]data!I$2:I$218)/100) -> #N/A | N110: =[1]data!K111*(_xlfn.XLOOKUP([1]data!$C111,[2]data!$B$2:$B$218,[2]data!J$2:J$218)/100) -> #N/A | O110: =[1]data!L111*(_xlfn.XLOOKUP([1]data!$C111,[2]data!$B$2:$B$218,[2]data!K$2:K$218)/100) -> #N/A | P110: =[1]data!M111*(_xlfn.XLOOKUP([1]data!$C111,[2]data!$B$2:$B$218,[2]data!L$2:L$218)/100) -> #N/A | ... AM110: =[1]data!AJ111*(_xlfn.XLOOKUP([1]data!$C111,[2]data!$B$2:$B$218,[2]data!AI$2:AI$218)/100) -> #N/A
...

Sheet Rural population
A1: Model | B1: Scenario | C1: Region | D1: ISO-3code | E1: ISO-2code | F1: Variable | G1: IMAGE | H1: Unit | I1: 1950 | J1: 1955 | K1: 1960 | L1: 1965 | M1: 1970 | N1: 1975 | O1: 1980 | P1: 1985 | Q1: 1990 | R1: 1995 | S1: 2000 | T1: 2005 | U1: 2010 | V1: 2015 | W1: 2020 | X1: 2025 | Y1: 2030 | Z1: 2035 | AA1: 2040 | AB1: 2045 | AC1: 2050 | AD1: 2055 | AE1: 2060 | AF1: 2065 | AG1: 2070 | AH1: 2075 | AI1: 2080 | AJ1: 2085 | AK1: 2090 | AL1: 2095 | AM1: 2100
A2: IIASA-WiC POP 2023 | B2: SSP2 | C2: Aruba | D2: =_xlfn.XLOOKUP(C2,'[5]Country Codes'!$A$2:$A$267,'[5]Country Codes'!$B$2:$B$267) -> ABW | E2: =_xlfn.XLOOKUP(D2,[6]Feuil1!$C$2:$C$248,[6]Feuil1!$B$2:$B$248) -> AW | F2: Population | G2: =_xlfn.XLOOKUP(C2,'Urban population'!C2:C200,'Urban population'!G2:G200) -> Central America | H2: million | I2: =[1]data!F2-'Urban population'!I2 -> 0.018718393 | J2: =[1]data!G2-'Urban population'!J2 -> 0.022416114 | K2: =[1]data!H2-'Urban population'!K2 -> 0.02649912 | L2: =[1]data!I2-'Urban population'!L2 -> 0.028842472 | M2: =[1]data!J2-'Urban population'!M2 -> 0.02926456 | N2: =[1]data!K2-'Urban population'!N2 -> 0.029885625 | O2: =[1]data!L2-'Urban population'!O2 -> 0.03075831 | P2: =[1]data!M2-'Urban population'!P2 -> 0.031933968 | ... AM2: =[1]data!AJ2-'Urban population'!AM2 -> 0.029215479
A3: IIASA-WiC POP 2023 | B3: SSP2 | C3: Angola | D3: =_xlfn.XLOOKUP(C3,'[5]Country Codes'!$A$2:$A$267,'[5]Country Codes'!$B$2:$B$267) -> AGO | E3: =_xlfn.XLOOKUP(D3,[6]Feuil1!$C$2:$C$248,[6]Feuil1!$B$2:$B$248) -> AO | F3: Population | G3: =_xlfn.XLOOKUP(C3,'Urban population'!C3:C202,'Urban population'!G3:G202) -> Rest of Southern Africa | H3: million | I3: =[1]data!F4-'Urban population'!I3 -> 4.0960107 | J3: =[1]data!G4-'Urban population'!J3 -> 4.4596766 | K3: =[1]data!H4-'Urban population'!K3 -> 4.7609184 | L3: =[1]data!I4-'Urban population'!L3 -> 4.994276 | M3: =[1]data!J4-'Urban population'!M3 -> 5.071695 | N3: =[1]data!K4-'Urban population'!N3 -> 5.5955262 | O3: =[1]data!L4-'Urban population'!O3 -> 6.1940117 | P3: =[1]data!M4-'Urban population'!P3 -> 6.8244392 | ... AM3: =[1]data!AJ4-'Urban population'!AM3 -> 14.703046
A4: IIASA-WiC POP 2023 | B4: SSP2 | C4: Albania | D4: =_xlfn.XLOOKUP(C4,'[5]Country Codes'!$A$2:$A$267,'[5]Country Codes'!$B$2:$B$267) -> ALB | E4: =_xlfn.XLOOKUP(D4,[6]Feuil1!$C$2:$C$248,[6]Feuil1!$B$2:$B$248) -> AL | F4: Population | G4: =_xlfn.XLOOKUP(C4,'Urban population'!C4:C203,'Urban population'!G4:G203) -> Central Europe | H4: million | I4: =[1]data!F5-'Urban population'!I4 -> 0.98140683 | J4: =[1]data!G5-'Urban population'!J4 -> 1.0458951 | K4: =[1]data!H5-'Urban population'!K4 -> 1.1660813 | L4: =[1]data!I5-'Urban population'!L4 -> 1.3618616 | M4: =[1]data!J5-'Urban population'!M4 -> 1.5656416 | N4: =[1]data!K5-'Urban population'!N4 -> 1.7618534 | O4: =[1]data!L5-'Urban population'!O4 -> 1.9301954 | P4: =[1]data!M5-'Urban population'!P4 -> 2.0461737 | ... AM4: =[1]data!AJ5-'Urban population'!AM4 -> 0.20755741
A5: IIASA-WiC POP 2023 | B5: SSP2 | C5: United Arab Emirates | D5: =_xlfn.XLOOKUP(C5,'[5]Country Codes'!$A$2:$A$267,'[5]Country Codes'!$B$2:$B$267) -> ARE | E5: =_xlfn.XLOOKUP(D5,[6]Feuil1!$C$2:$C$248,[6]Feuil1!$B$2:$B$248) -> AE | F5: Population | G5: =_xlfn.XLOOKUP(C5,'Urban population'!C5:C204,'Urban population'!G5:G204) -> Middle East | H5: million | I5: =[1]data!F6-'Urban population'!I5 -> 0.03278184 | J5: =[1]data!G6-'Urban population'!J5 -> 0.035027238 | K5: =[1]data!H6-'Urban population'!K5 -> 0.034381365 | L5: =[1]data!I6-'Urban population'!L5 -> 0.037797608 | M5: =[1]data!J6-'Urban population'!M5 -> 0.055599288 | N5: =[1]data!K6-'Urban population'!N5 -> 0.10452591 | O5: =[1]data!L6-'Urban population'!O5 -> 0.18550021 | P5: =[1]data!M6-'Urban population'!P5 -> 0.27145285 | ... AM5: =[1]data!AJ6-'Urban population'!AM5 -> 0.39987851
A6: IIASA-WiC POP 2023 | B6: SSP2 | C6: Argentina | D6: =_xlfn.XLOOKUP(C6,'[5]Country Codes'!$A$2:$A$267,'[5]Country Codes'!$B$2:$B$267) -> ARG | E6: =_xlfn.XLOOKUP(D6,[6]Feuil1!$C$2:$C$248,[6]Feuil1!$B$2:$B$248) -> AR | F6: Population | G6: =_xlfn.XLOOKUP(C6,'Urban population'!C6:C205,'Urban population'!G6:G205) -> Rest of South America | H6: million | I6: =[1]data!F7-'Urban population'!I6 -> 5.8468397 | J6: =[1]data!G7-'Urban population'!J6 -> 5.6353392 | K6: =[1]data!H7-'Urban population'!K6 -> 5.3295282 | L6: =[1]data!I7-'Urban population'!L6 -> 5.1637352 | M6: =[1]data!J7-'Urban population'!M6 -> 4.9907824 | N6: =[1]data!K7-'Urban population'!N6 -> 4.8772567 | O6: =[1]data!L7-'Urban population'!O6 -> 4.7545553 | P6: =[1]data!M7-'Urban population'!P6 -> 4.5087393 | ... AM6: =[1]data!AJ7-'Urban population'!AM6 -> 3.0275398
A7: IIASA-WiC POP 2023 | B7: SSP2 | C7: Armenia | D7: =_xlfn.XLOOKUP(C7,'[5]Country Codes'!$A$2:$A$267,'[5]Country Codes'!$B$2:$B$267) -> ARM | E7: =_xlfn.XLOOKUP(D7,[6]Feuil1!$C$2:$C$248,[6]Feuil1!$B$2:$B$248) -> AM | F7: Population | G7: =_xlfn.XLOOKUP(C7,'Urban population'!C7:C206,'Urban population'!G7:G206) -> Russia region | H7: million | I7: =[1]data!F8-'Urban population'!I7 -> 0.81555036 | J7: =[1]data!G8-'Urban population'!J7 -> 0.85257684 | K7: =[1]data!H8-'Urban population'!K7 -> 0.91106791 | L7: =[1]data!I8-'Urban population'!L7 -> 0.97809959 | M7: =[1]data!J8-'Urban population'!M7 -> 1.0048952 | N7: =[1]data!K8-'Urban population'!N7 -> 1.0186984 | O7: =[1]data!L8-'Urban population'!O7 -> 1.0573644 | P7: =[1]data!M8-'Urban population'!P7 -> 1.0814457 | ... AM7: =[1]data!AJ8-'Urban population'!AM7 -> 0.30823906
A8: IIASA-WiC POP 2023 | B8: SSP2 | C8: Antigua and Barbuda | D8: =_xlfn.XLOOKUP(C8,'[5]Country Codes'!$A$2:$A$267,'[5]Country Codes'!$B$2:$B$267) -> ATG | E8: =_xlfn.XLOOKUP(D8,[6]Feuil1!$C$2:$C$248,[6]Feuil1!$B$2:$B$248) -> AG | F8: Population | G8: =_xlfn.XLOOKUP(C8,'Urban population'!C8:C207,'Urban population'!G8:G207) -> #N/A | H8: million | I8: =[1]data!F9-'Urban population'!I8 -> 0.031418652 | J8: =[1]data!G9-'Urban population'!J8 -> 0.03240027 | K8: =[1]data!H9-'Urban population'!K8 -> 0.03305646 | L8: =[1]data!I9-'Urban population'!L8 -> 0.037508708 | M8: =[1]data!J9-'Urban population'!M8 -> 0.042563952 | N8: =[1]data!K9-'Urban population'!N8 -> 0.042178458 | O8: =[1]data!L9-'Urban population'!O8 -> 0.042367428 | P8: =[1]data!M9-'Urban population'!P8 -> 0.0423878 | ... AM8: =[1]data!AJ9-'Urban population'!AM8 -> 0.034236277
A9: IIASA-WiC POP 2023 | B9: SSP2 | C9: Australia | D9: =_xlfn.XLOOKUP(C9,'[5]Country Codes'!$A$2:$A$267,'[5]Country Codes'!$B$2:$B$267) -> AUS | E9: =_xlfn.XLOOKUP(D9,[6]Feuil1!$C$2:$C$248,[6]Feuil1!$B$2:$B$248) -> AU | F9: Population | G9: =_xlfn.XLOOKUP(C9,'Urban population'!C9:C208,'Urban population'!G9:G208) -> Oceania | H9: million | I9: =[1]data!F10-'Urban population'!I9 -> 1.851247 | J9: =[1]data!G10-'Urban population'!J9 -> 1.8745528 | K9: =[1]data!H10-'Urban population'!K9 -> 1.8821447 | L9: =[1]data!I10-'Urban population'!L9 -> 1.899562 | M9: =[1]data!J10-'Urban population'!M9 -> 1.9830266 | N9: =[1]data!K10-'Urban population'!N9 -> 2.0990046 | O9: =[1]data!L10-'Urban population'!O9 -> 2.1030453 | P9: =[1]data!M10-'Urban population'!P9 -> 2.2575956 | ... AM9: =[1]data!AJ10-'Urban population'!AM9 -> 1.3189844
A10: IIASA-WiC POP 2023 | B10: SSP2 | C10: Austria | D10: =_xlfn.XLOOKUP(C10,'[5]Country Codes'!$A$2:$A$267,'[5]Country Codes'!$B$2:$B$267) -> AUT | E10: =_xlfn.XLOOKUP(D10,[6]Feuil1!$C$2:$C$248,[6]Feuil1!$B$2:$B$248) -> AT | F10: Population | G10: =_xlfn.XLOOKUP(C10,'Urban population'!C10:C209,'Urban population'!G10:G209) -> Western Europe | H10: million | I10: =[1]data!F11-'Urban population'!I10 -> 2.5253625 | J10: =[1]data!G11-'Urban population'!J10 -> 2.4859277 | K10: =[1]data!H11-'Urban population'!K10 -> 2.4813662 | L10: =[1]data!I11-'Urban population'!L10 -> 2.5364049 | M10: =[1]data!J11-'Urban population'!M10 -> 2.5863187 | N10: =[1]data!K11-'Urban population'!N10 -> 2.6338417 | O10: =[1]data!L11-'Urban population'!O10 -> 2.6101157 | P10: =[1]data!M11-'Urban population'!P10 -> 2.6990221 | ... AM10: =[1]data!AJ11-'Urban population'!AM10 -> 1.7464895
A11: IIASA-WiC POP 2023 | B11: SSP2 | C11: Azerbaijan | D11: =_xlfn.XLOOKUP(C11,'[5]Country Codes'!$A$2:$A$267,'[5]Country Codes'!$B$2:$B$267) -> AZE | E11: =_xlfn.XLOOKUP(D11,[6]Feuil1!$C$2:$C$248,[6]Feuil1!$B$2:$B$248) -> AZ | F11: Population | G11: =_xlfn.XLOOKUP(C11,'Urban population'!C11:C210,'Urban population'!G11:G210) -> Russia region | H11: million | I11: =[1]data!F12-'Urban population'!I11 -> 1.6979512 | J11: =[1]data!G12-'Urban population'!J11 -> 1.751056 | K11: =[1]data!H12-'Urban population'!K11 -> 1.9221102 | L11: =[1]data!I12-'Urban population'!L11 -> 2.3279479 | M11: =[1]data!J12-'Urban population'!M11 -> 2.6863245 | N11: =[1]data!K12-'Urban population'!N11 -> 2.8263993 | O11: =[1]data!L12-'Urban population'!O11 -> 2.9923346 | P11: =[1]data!M12-'Urban population'!P11 -> 3.1772794 | ... AM11: =[1]data!AJ12-'Urban population'!AM11 -> 1.9683585
A12: IIASA-WiC POP 2023 | B12: SSP2 | C12: Burundi | D12: =_xlfn.XLOOKUP(C12,'[5]Country Codes'!$A$2:$A$267,'[5]Country Codes'!$B$2:$B$267) -> BDI | E12: =_xlfn.XLOOKUP(D12,[6]Feuil1!$C$2:$C$248,[6]Feuil1!$B$2:$B$248) -> BI | F12: Population | G12: =_xlfn.XLOOKUP(C12,'Urban population'!C12:C211,'Urban population'!G12:G211) -> Eastern Africa | H12: million | I12: =[1]data!F13-'Urban population'!I12 -> 2.1914235 | J12: =[1]data!G13-'Urban population'!J12 -> 2.4238489 | K12: =[1]data!H13-'Urban population'!K12 -> 2.6626186 | L12: =[1]data!I13-'Urban population'!L12 -> 3.0155603 | M12: =[1]data!J13-'Urban population'!M12 -> 3.3592417 | N12: =[1]data!K13-'Urban population'!N12 -> 3.5811835 | O12: =[1]data!L13-'Urban population'!O12 -> 3.9969354 | P12: =[1]data!M13-'Urban population'!P12 -> 4.6487304 | ... AM12: =[1]data!AJ13-'Urban population'!AM12 -> 13.871706
A13: IIASA-WiC POP 2023 | B13: SSP2 | C13: Belgium | D13: =_xlfn.XLOOKUP(C13,'[5]Country Codes'!$A$2:$A$267,'[5]Country Codes'!$B$2:$B$267) -> BEL | E13: =_xlfn.XLOOKUP(D13,[6]Feuil1!$C$2:$C$248,[6]Feuil1!$B$2:$B$248) -> BE | F13: Population | G13: =_xlfn.XLOOKUP(C13,'Urban population'!C13:C212,'Urban population'!G13:G212) -> Western Europe | H13: million | I13: =[1]data!F14-'Urban population'!I13 -> 0.73075724 | J13: =[1]data!G14-'Urban population'!J13 -> 0.70492288 | K13: =[1]data!H14-'Urban population'!K13 -> 0.68114175 | L13: =[1]data!I14-'Urban population'!L13 -> 0.64748006 | M13: =[1]data!J14-'Urban population'!M13 -> 0.59584027 | N13: =[1]data!K14-'Urban population'!N13 -> 0.536712 | O13: =[1]data!L14-'Urban population'!O13 -> 0.45181172 | P13: =[1]data!M14-'Urban population'!P13 -> 0.40498217 | ... AM13: =[1]data!AJ14-'Urban population'!AM13 -> 0.1821827
A14: IIASA-WiC POP 2023 | B14: SSP2 | C14: Benin | D14: =_xlfn.XLOOKUP(C14,'[5]Country Codes'!$A$2:$A$267,'[5]Country Codes'!$B$2:$B$267) -> BEN | E14: =_xlfn.XLOOKUP(D14,[6]Feuil1!$C$2:$C$248,[6]Feuil1!$B$2:$B$248) -> BJ | F14: Population | G14: =_xlfn.XLOOKUP(C14,'Urban population'!C14:C213,'Urban population'!G14:G213) -> Western Africa | H14: million | I14: =[1]data!F15-'Urban population'!I14 -> 2.1436152 | J14: =[1]data!G15-'Urban population'!J14 -> 2.1884767 | K14: =[1]data!H15-'Urban population'!K14 -> 2.2618176 | L14: =[1]data!I15-'Urban population'!L14 -> 2.3713174 | M14: =[1]data!J15-'Urban population'!M14 -> 2.4920861 | N14: =[1]data!K15-'Urban population'!N14 -> 2.6077863 | O14: =[1]data!L15-'Urban population'!O14 -> 2.7491905 | P14: =[1]data!M15-'Urban population'!P14 -> 3.0136884 | ... AM14: =[1]data!AJ15-'Urban population'!AM14 -> 8.6654049
... A35: IIASA-WiC POP 2023 | B35: SSP2 | C35: Cameroon | D35: =_xlfn.XLOOKUP(C35,'[5]Country Codes'!$A$2:$A$267,'[5]Country Codes'!$B$2:$B$267) -> CMR | E35: =_xlfn.XLOOKUP(D35,[6]Feuil1!$C$2:$C$248,[6]Feuil1!$B$2:$B$248) -> CM | F35: Population | G35: =_xlfn.XLOOKUP(C35,'Urban population'!C35:C234,'Urban population'!G35:G234) -> Western Africa | H35: million | I35: =[1]data!F36-'Urban population'!I35 -> 3.8847236 | J35: =[1]data!G36-'Urban population'!J35 -> 4.1023687 | K35: =[1]data!H36-'Urban population'!K35 -> 4.372022 | L35: =[1]data!I36-'Urban population'!L35 -> 4.6716676 | M35: =[1]data!J36-'Urban population'!M35 -> 5.0749158 | N35: =[1]data!K36-'Urban population'!N35 -> 5.302959 | O35: =[1]data!L36-'Urban population'!O35 -> 5.6920166 | P35: =[1]data!M36-'Urban population'!P35 -> 6.1587008 | ... AM35: =[1]data!AJ36-'Urban population'!AM35 -> 12.964739
A36: IIASA-WiC POP 2023 | B36: SSP2 | C36: Congo, Dem. Rep. | D36: =_xlfn.XLOOKUP(C36,'[5]Country Codes'!$A$2:$A$267,'[5]Country Codes'!$B$2:$B$267) -> COD | E36: =_xlfn.XLOOKUP(D36,[6]Feuil1!$C$2:$C$248,[6]Feuil1!$B$2:$B$248) -> CD | F36: Population | G36: Western Africa | H36: million | I36: =[1]data!F37-'Urban population'!I36 -> 9.8488056 | J36: =[1]data!G37-'Urban population'!J36 -> 10.698587 | K36: =[1]data!H37-'Urban population'!K36 -> 11.718333 | L36: =[1]data!I37-'Urban population'!L36 -> 13.169781 | M36: =[1]data!J37-'Urban population'!M36 -> 14.978181 | N36: =[1]data!K37-'Urban population'!N36 -> 16.87934 | O36: =[1]data!L37-'Urban population'!O36 -> 19.198159 | P36: =[1]data!M37-'Urban population'!P36 -> 21.703594 | ... AM36: =[1]data!AJ37-'Urban population'!AM36 -> 93.183824
A37: IIASA-WiC POP 2023 | B37: SSP2 | C37: Congo, Rep. | D37: =_xlfn.XLOOKUP(C37,'[5]Country Codes'!$A$2:$A$267,'[5]Country Codes'!$B$2:$B$267) -> COG | E37: =_xlfn.XLOOKUP(D37,[6]Feuil1!$C$2:$C$248,[6]Feuil1!$B$2:$B$248) -> CG | F37: Population | G37: Western Africa | H37: million | I37: =[1]data!F38-'Urban population'!I37 -> 0.62050549 | J37: =[1]data!G38-'Urban population'!J37 -> 0.66329691 | K37: =[1]data!H38-'Urban population'!K37 -> 0.71279982 | L37: =[1]data!I38-'Urban population'!L37 -> 0.77022309 | M37: =[1]data!J38-'Urban population'!M37 -> 0.83792432 | N37: =[1]data!K38-'Urban population'!N37 -> 0.90988078 | O37: =[1]data!L38-'Urban population'!O37 -> 0.94232801 | P37: =[1]data!M38-'Urban population'!P37 -> 0.97119466 | ... AM37: =[1]data!AJ38-'Urban population'!AM37 -> 1.6157859
A38: IIASA-WiC POP 2023 | B38: SSP2 | C38: Colombia | D38: =_xlfn.XLOOKUP(C38,'[5]Country Codes'!$A$2:$A$267,'[5]Country Codes'!$B$2:$B$267) -> COL | E38: =_xlfn.XLOOKUP(D38,[6]Feuil1!$C$2:$C$248,[6]Feuil1!$B$2:$B$248) -> CO | F38: Population | G38: =_xlfn.XLOOKUP(C38,'Urban population'!C38:C237,'Urban population'!G38:G237) -> Rest of South America | H38: million | I38: =[1]data!F39-'Urban population'!I38 -> 7.8284049 | J38: =[1]data!G39-'Urban population'!J38 -> 8.0969172 | K38: =[1]data!H39-'Urban population'!K38 -> 8.2936433 | L38: =[1]data!I39-'Urban population'!L38 -> 8.4989769 | M38: =[1]data!J39-'Urban population'!M38 -> 8.9620783 | N38: =[1]data!K39-'Urban population'!N38 -> 9.1901324 | O38: =[1]data!L39-'Urban population'!O38 -> 9.3914598 | P38: =[1]data!M39-'Urban population'!P38 -> 9.5741012 | ... AM38: =[1]data!AJ39-'Urban population'!AM38 -> 2.7924032
A39: IIASA-WiC POP 2023 | B39: SSP2 | C39: Comoros | D39: =_xlfn.XLOOKUP(C39,'[5]Country Codes'!$A$2:$A$267,'[5]Country Codes'!$B$2:$B$267) -> COM | E39: =_xlfn.XLOOKUP(D39,[6]Feuil1!$C$2:$C$248,[6]Feuil1!$B$2:$B$248) -> KM | F39: Population | G39: =_xlfn.XLOOKUP(C39,'Urban population'!C39:C238,'Urban population'!G39:G238) -> Eastern Africa | H39: million | I39: =[1]data!F40-'Urban population'!I39 -> 0.14940171 | J39: =[1]data!G40-'Urban population'!J39 -> 0.16014487 | K39: =[1]data!H40-'Urban population'!K39 -> 0.16869336 | L39: =[1]data!I40-'Urban population'!L39 -> 0.17658333 | M39: =[1]data!J40-'Urban population'!M39 -> 0.19270815 | N39: =[1]data!K40-'Urban population'!N39 -> 0.21735483 | O39: =[1]data!L40-'Urban population'!O39 -> 0.24829056 | P39: =[1]data!M40-'Urban population'!P39 -> 0.2760605 | ... AM39: =[1]data!AJ40-'Urban population'!AM39 -> 0.47779584
A40: IIASA-WiC POP 2023 | B40: SSP2 | C40: Cabo Verde | D40: =_xlfn.XLOOKUP(C40,'[5]Country Codes'!$A$2:$A$267,'[5]Country Codes'!$B$2:$B$267) -> CPV | E40: =_xlfn.XLOOKUP(D40,[6]Feuil1!$C$2:$C$248,[6]Feuil1!$B$2:$B$248) -> CV | F40: Population | G40: =_xlfn.XLOOKUP(C40,'Urban population'!C40:C239,'Urban population'!G40:G239) -> Western Africa | H40: million | I40: =[1]data!F41-'Urban population'!I40 -> 0.15777848 | J40: =[1]data!G41-'Urban population'!J40 -> 0.16447763 | K40: =[1]data!H41-'Urban population'!K40 -> 0.17325567 | L40: =[1]data!I41-'Urban population'!L40 -> 0.1967197 | M40: =[1]data!J41-'Urban population'!M40 -> 0.22767029 | N40: =[1]data!K41-'Urban population'!N40 -> 0.23812656 | O40: =[1]data!L41-'Urban population'!O40 -> 0.2410974 | P40: =[1]data!M41-'Urban population'!P40 -> 0.23131286 | ... AM40: =[1]data!AJ41-'Urban population'!AM40 -> 0.081999667
A41: IIASA-WiC POP 2023 | B41: SSP2 | C41: Costa Rica | D41: =_xlfn.XLOOKUP(C41,'[5]Country Codes'!$A$2:$A$267,'[5]Country Codes'!$B$2:$B$267) -> CRI | E41: =_xlfn.XLOOKUP(D41,[6]Feuil1!$C$2:$C$248,[6]Feuil1!$B$2:$B$248) -> CR | F41: Population | G41: =_xlfn.XLOOKUP(C41,'Urban population'!C41:C240,'Urban population'!G41:G240) -> Central America | H41: million | I41: =[1]data!F42-'Urban population'!I41 -> 0.62065846 | J41: =[1]data!G42-'Urban population'!J41 -> 0.7298339 | K41: =[1]data!H42-'Urban population'!K41 -> 0.86836544 | L41: =[1]data!I42-'Urban population'!L41 -> 1.0122549 | M41: =[1]data!J42-'Urban population'!M41 -> 1.1205157 | N41: =[1]data!K42-'Urban population'!N41 -> 1.223652 | O41: =[1]data!L42-'Urban population'!O41 -> 1.3550052 | P41: =[1]data!M42-'Urban population'!P41 -> 1.4924648 | ... AM41: =[1]data!AJ42-'Urban population'!AM41 -> 0.31168531
A42: IIASA-WiC POP 2023 | B42: SSP2 | C42: Cuba | D42: =_xlfn.XLOOKUP(C42,'[5]Country Codes'!$A$2:$A$267,'[5]Country Codes'!$B$2:$B$267) -> CUB | E42: =_xlfn.XLOOKUP(D42,[6]Feuil1!$C$2:$C$248,[6]Feuil1!$B$2:$B$248) -> CU | F42: Population | G42: =_xlfn.XLOOKUP(C42,'Urban population'!C42:C241,'Urban population'!G42:G241) -> Central America | H42: million | I42: =[1]data!F43-'Urban population'!I42 -> 2.5516678 | J42: =[1]data!G43-'Urban population'!J42 -> 2.7592381 | K42: =[1]data!H43-'Urban population'!K42 -> 2.99211 | L42: =[1]data!I43-'Urban population'!L42 -> 3.2501302 | M42: =[1]data!J43-'Urban population'!M42 -> 3.4894259 | N42: =[1]data!K43-'Urban population'!N42 -> 3.3892966 | O42: =[1]data!L43-'Urban population'!O42 -> 3.1243236 | P42: =[1]data!M43-'Urban population'!P42 -> 2.9410267 | ... AM42: =[1]data!AJ43-'Urban population'!AM42 -> 0.58070802
A43: IIASA-WiC POP 2023 | B43: SSP2 | C43: Curacao | D43: =_xlfn.XLOOKUP(C43,'[5]Country Codes'!$A$2:$A$267,'[5]Country Codes'!$B$2:$B$267) -> CUW | E43: =_xlfn.XLOOKUP(D43,[6]Feuil1!$C$2:$C$248,[6]Feuil1!$B$2:$B$248) -> #N/A | F43: Population | G43: =_xlfn.XLOOKUP(C43,'Urban population'!C43:C242,'Urban population'!G43:G242) -> Rest of South America | H43: million | I43: =[1]data!F44-'Urban population'!I43 -> 0.028797594 | J43: =[1]data!G44-'Urban population'!J43 -> 0.030880668 | K43: =[1]data!H44-'Urban population'!K43 -> 0.03299879 | L43: =[1]data!I44-'Urban population'!L43 -> 0.032775678 | M43: =[1]data!J44-'Urban population'!M43 -> 0.032303016 | N43: =[1]data!K44-'Urban population'!N43 -> 0.030678318 | O43: =[1]data!L44-'Urban population'!O43 -> 0.02852395 | P43: =[1]data!M44-'Urban population'!P43 -> 0.026172407 | ... AM43: =[1]data!AJ44-'Urban population'!AM43 -> 0.0073344051
A44: IIASA-WiC POP 2023 | B44: SSP2 | C44: Cyprus | D44: =_xlfn.XLOOKUP(C44,'[5]Country Codes'!$A$2:$A$267,'[5]Country Codes'!$B$2:$B$267) -> CYP | E44: =_xlfn.XLOOKUP(D44,[6]Feuil1!$C$2:$C$248,[6]Feuil1!$B$2:$B$248) -> CY | F44: Population | G44: =_xlfn.XLOOKUP(C44,'Urban population'!C44:C243,'Urban population'!G44:G243) -> Central Europe | H44: million | I44: =[1]data!F45-'Urban population'!I44 -> 0.35112282 | J44: =[1]data!G45-'Urban population'!J44 -> 0.35858794 | K44: =[1]data!H45-'Urban population'!K44 -> 0.37342404 | L44: =[1]data!I45-'Urban population'!L44 -> 0.37993342 | M44: =[1]data!J45-'Urban population'!M44 -> 0.37823235 | N44: =[1]data!K45-'Urban population'!N44 -> 0.33985018 | O44: =[1]data!L45-'Urban population'!O44 -> 0.27963671 | P44: =[1]data!M45-'Urban population'!P44 -> 0.25617951 | ... AM44: =[1]data!AJ45-'Urban population'!AM44 -> 0.16046275
A45: IIASA-WiC POP 2023 | B45: SSP2 | C45: Czechia | D45: =_xlfn.XLOOKUP(C45,'[5]Country Codes'!$A$2:$A$267,'[5]Country Codes'!$B$2:$B$267) -> CZE | E45: =_xlfn.XLOOKUP(D45,[6]Feuil1!$C$2:$C$248,[6]Feuil1!$B$2:$B$248) -> CZ | F45: Population | G45: =_xlfn.XLOOKUP(C45,'Urban population'!C45:C244,'Urban population'!G45:G244) -> Central Europe | H45: million | I45: =[1]data!F46-'Urban population'!I45 -> 4.0653248 | J45: =[1]data!G46-'Urban population'!J45 -> 3.9884046 | K45: =[1]data!H46-'Urban population'!K45 -> 3.8563602 | L45: =[1]data!I46-'Urban population'!L45 -> 3.6808362 | M45: =[1]data!J46-'Urban population'!M45 -> 3.4848409 | N45: =[1]data!K46-'Urban population'!N45 -> 3.0079547 | O45: =[1]data!L46-'Urban population'!O45 -> 2.5449257 | P45: =[1]data!M46-'Urban population'!P45 -> 2.5340792 | ... AM45: =[1]data!AJ46-'Urban population'!AM45 -> 0.92568349
A46: IIASA-WiC POP 2023 | B46: SSP2 | C46: Germany | D46: =_xlfn.XLOOKUP(C46,'[5]Country Codes'!$A$2:$A$267,'[5]Country Codes'!$B$2:$B$267) -> DEU | E46: =_xlfn.XLOOKUP(D46,[6]Feuil1!$C$2:$C$248,[6]Feuil1!$B$2:$B$248) -> DE | F46: Population | G46: =_xlfn.XLOOKUP(C46,'Urban population'!C46:C245,'Urban population'!G46:G245) -> Western Europe | H46: million | I46: =[1]data!F47-'Urban population'!I46 -> 22.816 | J46: =[1]data!G47-'Urban population'!J46 -> 21.546193 | K46: =[1]data!H47-'Urban population'!K46 -> 20.825773 | L46: =[1]data!I47-'Urban population'!L46 -> 21.208375 | M46: =[1]data!J47-'Urban population'!M46 -> 21.653959 | N46: =[1]data!K47-'Urban population'!N46 -> 21.532696 | O46: =[1]data!L47-'Urban population'!O46 -> 21.173299 | P46: =[1]data!M47-'Urban population'!P46 -> 21.18133 | ... AM46: =[1]data!AJ47-'Urban population'!AM46 -> 5.5206685
A47: IIASA-WiC POP 2023 | B47: SSP2 | C47: Djibouti | D47: =_xlfn.XLOOKUP(C47,'[5]Country Codes'!$A$2:$A$267,'[5]Country Codes'!$B$2:$B$267) -> DJI | E47: =_xlfn.XLOOKUP(D47,[6]Feuil1!$C$2:$C$248,[6]Feuil1!$B$2:$B$248) -> DJ | F47: Population | G47: =_xlfn.XLOOKUP(C47,'Urban population'!C47:C246,'Urban population'!G47:G246) -> Eastern Africa | H47: million | I47: =[1]data!F48-'Urban population'!I47 -> 0.036939322 | J47: =[1]data!G48-'Urban population'!J47 -> 0.03951145 | K47: =[1]data!H48-'Urban population'!K47 -> 0.041928908 | L47: =[1]data!I48-'Urban population'!L47 -> 0.046432591 | M47: =[1]data!J48-'Urban population'!M47 -> 0.053405892 | N47: =[1]data!K48-'Urban population'!N47 -> 0.065502584 | O47: =[1]data!L48-'Urban population'!O47 -> 0.087741594 | P47: =[1]data!M48-'Urban population'!P47 -> 0.097941706 | ... AM47: =[1]data!AJ48-'Urban population'!AM47 -> 0.10162651
A48: IIASA-WiC POP 2023 | B48: SSP2 | C48: Denmark | D48: =_xlfn.XLOOKUP(C48,'[5]Country Codes'!$A$2:$A$267,'[5]Country Codes'!$B$2:$B$267) -> DNK | E48: =_xlfn.XLOOKUP(D48,[6]Feuil1!$C$2:$C$248,[6]Feuil1!$B$2:$B$248) -> DK | F48: Population | G48: =_xlfn.XLOOKUP(C48,'Urban population'!C48:C247,'Urban population'!G48:G247) -> Western Europe | H48: million | I48: =[1]data!F49-'Urban population'!I48 -> 1.3604883 | J48: =[1]data!G49-'Urban population'!J48 -> 1.3406069 | K48: =[1]data!H49-'Urban population'!K48 -> 1.2009453 | L48: =[1]data!I49-'Urban population'!L48 -> 1.08943 | M48: =[1]data!J49-'Urban population'!M48 -> 0.99663337 | N48: =[1]data!K49-'Urban population'!N48 -> 0.90315667 | O48: =[1]data!L49-'Urban population'!O48 -> 0.83512479 | P48: =[1]data!M49-'Urban population'!P48 -> 0.79873856 | ... AM48: =[1]data!AJ49-'Urban population'!AM48 -> 0.20123843
A49: IIASA-WiC POP 2023 | B49: SSP2 | C49: Dominican Republic | D49: =_xlfn.XLOOKUP(C49,'[5]Country Codes'!$A$2:$A$267,'[5]Country Codes'!$B$2:$B$267) -> DOM | E49: =_xlfn.XLOOKUP(D49,[6]Feuil1!$C$2:$C$248,[6]Feuil1!$B$2:$B$248) -> DO | F49: Population | G49: =_xlfn.XLOOKUP(C49,'Urban population'!C49:C248,'Urban population'!G49:G248) -> Central America | H49: million | I49: =[1]data!F50-'Urban population'!I49 -> 1.7898584 | J49: =[1]data!G50-'Urban population'!J49 -> 2.0092456 | K49: =[1]data!H50-'Urban population'!K49 -> 2.263926 | L49: =[1]data!I50-'Urban population'!L49 -> 2.4734175 | M49: =[1]data!J50-'Urban population'!M49 -> 2.6352225 | N49: =[1]data!K50-'Urban population'!N49 -> 2.7379971 | O49: =[1]data!L50-'Urban population'!O49 -> 2.7714732 | P49: =[1]data!M50-'Urban population'!P49 -> 2.9273228 | ... AM49: =[1]data!AJ50-'Urban population'!AM49 -> 0.47143011
... A51: IIASA-WiC POP 2023 | B51: SSP2 | C51: Ecuador | D51: =_xlfn.XLOOKUP(C51,'[5]Country Codes'!$A$2:$A$267,'[5]Country Codes'!$B$2:$B$267) -> ECU | E51: =_xlfn.XLOOKUP(D51,[6]Feuil1!$C$2:$C$248,[6]Feuil1!$B$2:$B$248) -> EC | F51: Population | G51: =_xlfn.XLOOKUP(C51,'Urban population'!C51:C250,'Urban population'!G51:G250) -> Rest of South America | H51: million | I51: =[1]data!F52-'Urban population'!I51 -> 2.4895566 | J51: =[1]data!G52-'Urban population'!J51 -> 2.7378841 | K51: =[1]data!H52-'Urban population'!K51 -> 3.0095112 | L51: =[1]data!I52-'Urban population'!L51 -> 3.3342593 | M51: =[1]data!J52-'Urban population'!M51 -> 3.692829 | N51: =[1]data!K52-'Urban population'!N51 -> 4.0362756 | O51: =[1]data!L52-'Urban population'!O51 -> 4.2550123 | P51: =[1]data!M52-'Urban population'!P51 -> 4.459142 | ... AM51: =[1]data!AJ52-'Urban population'!AM51 -> 3.3299565
A52: IIASA-WiC POP 2023 | B52: SSP2 | C52: Egypt | D52: EGY | E52: =_xlfn.XLOOKUP(D52,[6]Feuil1!$C$2:$C$248,[6]Feuil1!$B$2:$B$248) -> EG | F52: Population | G52: =_xlfn.XLOOKUP(C52,'Urban population'!C52:C251,'Urban population'!G52:G251) -> Northern Africa | H52: million | I52: =[1]data!F53-'Urban population'!I52 -> 14.252526 | J52: =[1]data!G53-'Urban population'!J52 -> 15.347314 | K52: =[1]data!H53-'Urban population'!K52 -> 16.570716 | L52: =[1]data!I53-'Urban population'!L52 -> 18.343749 | M52: =[1]data!J53-'Urban population'!M52 -> 20.117766 | N52: =[1]data!K53-'Urban population'!N52 -> 21.74072 | O52: =[1]data!L53-'Urban population'!O52 -> 24.221736 | P52: =[1]data!M53-'Urban population'!P52 -> 27.682442 | ... AM52: =[1]data!AJ53-'Urban population'!AM52 -> 51.184186
A53: IIASA-WiC POP 2023 | B53: SSP2 | C53: Eritrea | D53: =_xlfn.XLOOKUP(C53,'[5]Country Codes'!$A$2:$A$267,'[5]Country Codes'!$B$2:$B$267) -> ERI | E53: =_xlfn.XLOOKUP(D53,[6]Feuil1!$C$2:$C$248,[6]Feuil1!$B$2:$B$248) -> ER | F53: Population | G53: =_xlfn.XLOOKUP(C53,'Urban population'!C53:C252,'Urban population'!G53:G252) -> Eastern Africa | H53: million | I53: =[1]data!F54-'Urban population'!I53 -> 0.75871802 | J53: =[1]data!G54-'Urban population'!J53 -> 0.81207888 | K53: =[1]data!H54-'Urban population'!K53 -> 0.88593628 | L53: =[1]data!I54-'Urban population'!L53 -> 0.9802968 | M53: =[1]data!J54-'Urban population'!M53 -> 1.0967473 | N53: =[1]data!K54-'Urban population'!N53 -> 1.2385191 | O53: =[1]data!L54-'Urban population'!O53 -> 1.3999734 | P53: =[1]data!M54-'Urban population'!P53 -> 1.5783736 | ... AM53: =[1]data!AJ54-'Urban population'!AM53 -> 1.4694447
A54: IIASA-WiC POP 2023 | B54: SSP2 | C54: Western Sahara | D54: =_xlfn.XLOOKUP(C54,'[5]Country Codes'!$A$2:$A$267,'[5]Country Codes'!$B$2:$B$267) -> #N/A | E54: =_xlfn.XLOOKUP(D54,[6]Feuil1!$C$2:$C$248,[6]Feuil1!$B$2:$B$248) -> #N/A | F54: Population | G54: =_xlfn.XLOOKUP(C54,'Urban population'!C54:C253,'Urban population'!G54:G253) -> Northern Africa | H54: million | I54: =[1]data!F55-'Urban population'!I54 -> 0.00853599 | J54: =[1]data!G55-'Urban population'!J54 -> 0.013588458 | K54: =[1]data!H55-'Urban population'!K54 -> 0.021672 | L54: =[1]data!I55-'Urban population'!L54 -> 0.031292624 | M54: =[1]data!J55-'Urban population'!M54 -> 0.042735411 | N54: =[1]data!K55-'Urban population'!N54 -> 0.030628125 | O54: =[1]data!L55-'Urban population'!O54 -> 0.027121716 | P54: =[1]data!M55-'Urban population'!P54 -> 0.026089269 | ... AM54: =[1]data!AJ55-'Urban population'!AM54 -> 0.031552471
A55: IIASA-WiC POP 2023 | B55: SSP2 | C55: Spain | D55: =_xlfn.XLOOKUP(C55,'[5]Country Codes'!$A$2:$A$267,'[5]Country Codes'!$B$2:$B$267) -> ESP | E55: =_xlfn.XLOOKUP(D55,[6]Feuil1!$C$2:$C$248,[6]Feuil1!$B$2:$B$248) -> ES | F55: Population | G55: =_xlfn.XLOOKUP(C55,'Urban population'!C55:C254,'Urban population'!G55:G254) -> Western Europe | H55: million | I55: =[1]data!F56-'Urban population'!I55 -> 13.475486 | J55: =[1]data!G56-'Urban population'!J55 -> 13.271413 | K55: =[1]data!H56-'Urban population'!K55 -> 13.148179 | L55: =[1]data!I56-'Urban population'!L55 -> 12.359059 | M55: =[1]data!J56-'Urban population'!M55 -> 11.437005 | N55: =[1]data!K56-'Urban population'!N55 -> 10.814369 | O55: =[1]data!L56-'Urban population'!O55 -> 10.157122 | P55: =[1]data!M56-'Urban population'!P55 -> 9.9093424 | ... AM55: =[1]data!AJ56-'Urban population'!AM55 -> 2.4193054
A56: IIASA-WiC POP 2023 | B56: SSP2 | C56: Estonia | D56: =_xlfn.XLOOKUP(C56,'[5]Country Codes'!$A$2:$A$267,'[5]Country Codes'!$B$2:$B$267) -> EST | E56: =_xlfn.XLOOKUP(D56,[6]Feuil1!$C$2:$C$248,[6]Feuil1!$B$2:$B$248) -> EE | F56: Population | G56: =_xlfn.XLOOKUP(C56,'Urban population'!C56:C255,'Urban population'!G56:G255) -> Central Europe | H56: million | I56: =[1]data!F57-'Urban population'!I56 -> 0.55069999 | J56: =[1]data!G57-'Urban population'!J56 -> 0.53922646 | K56: =[1]data!H57-'Urban population'!K56 -> 0.5144795 | L56: =[1]data!I57-'Urban population'!L56 -> 0.49729964 | M56: =[1]data!J57-'Urban population'!M56 -> 0.47589142 | N56: =[1]data!K57-'Urban population'!N56 -> 0.45955415 | O56: =[1]data!L57-'Urban population'!O56 -> 0.44627385 | P56: =[1]data!M57-'Urban population'!P56 -> 0.44417492 | ... AM56: =[1]data!AJ57-'Urban population'!AM56 -> 0.12136829
A57: IIASA-WiC POP 2023 | B57: SSP2 | C57: Ethiopia | D57: =_xlfn.XLOOKUP(C57,'[5]Country Codes'!$A$2:$A$267,'[5]Country Codes'!$B$2:$B$267) -> ETH | E57: =_xlfn.XLOOKUP(D57,[6]Feuil1!$C$2:$C$248,[6]Feuil1!$B$2:$B$248) -> ET | F57: Population | G57: =_xlfn.XLOOKUP(C57,'Urban population'!C57:C256,'Urban population'!G57:G256) -> Eastern Africa | H57: million | I57: =[1]data!F58-'Urban population'!I57 -> 16.710908 | J57: =[1]data!G58-'Urban population'!J57 -> 18.442269 | K57: =[1]data!H58-'Urban population'!K57 -> 20.102205 | L57: =[1]data!I58-'Urban population'!L57 -> 22.539229 | M57: =[1]data!J58-'Urban population'!M57 -> 25.512735 | N57: =[1]data!K58-'Urban population'!N57 -> 28.847126 | O57: =[1]data!L58-'Urban population'!O57 -> 31.266288 | P57: =[1]data!M58-'Urban population'!P57 -> 35.152228 | ... AM57: =[1]data!AJ58-'Urban population'!AM57 -> 114.87293
A58: IIASA-WiC POP 2023 | B58: SSP2 | C58: Finland | D58: =_xlfn.XLOOKUP(C58,'[5]Country Codes'!$A$2:$A$267,'[5]Country Codes'!$B$2:$B$267) -> FIN | E58: =_xlfn.XLOOKUP(D58,[6]Feuil1!$C$2:$C$248,[6]Feuil1!$B$2:$B$248) -> FI | F58: Population | G58: =_xlfn.XLOOKUP(C58,'Urban population'!C58:C257,'Urban population'!G58:G257) -> Western Europe | H58: million | I58: =[1]data!F59-'Urban population'!I58 -> 2.2723791 | J58: =[1]data!G59-'Urban population'!J58 -> 2.1437589 | K58: =[1]data!H59-'Urban population'!K58 -> 1.9728975 | L58: =[1]data!I59-'Urban population'!L58 -> 1.8370771 | M58: =[1]data!J59-'Urban population'!M58 -> 1.675074 | N58: =[1]data!K59-'Urban population'!N58 -> 1.5141561 | O58: =[1]data!L59-'Urban population'!O58 -> 1.3502394 | P58: =[1]data!M59-'Urban population'!P58 -> 1.1842735 | ... AM58: =[1]data!AJ59-'Urban population'!AM58 -> 0.27072768
A59: IIASA-WiC POP 2023 | B59: SSP2 | C59: Fiji | D59: =_xlfn.XLOOKUP(C59,'[5]Country Codes'!$A$2:$A$267,'[5]Country Codes'!$B$2:$B$267) -> FJI | E59: =_xlfn.XLOOKUP(D59,[6]Feuil1!$C$2:$C$248,[6]Feuil1!$B$2:$B$248) -> FJ | F59: Population | G59: =_xlfn.XLOOKUP(C59,'Urban population'!C59:C258,'Urban population'!G59:G258) -> Oceania | H59: million | I59: =[1]data!F60-'Urban population'!I59 -> 0.23161648 | J59: =[1]data!G60-'Urban population'!J59 -> 0.24759043 | K59: =[1]data!H60-'Urban population'!K59 -> 0.27805126 | L59: =[1]data!I60-'Urban population'!L59 -> 0.31148371 | M59: =[1]data!J60-'Urban population'!M59 -> 0.34058785 | N59: =[1]data!K60-'Urban population'!N59 -> 0.36133729 | O59: =[1]data!L60-'Urban population'!O59 -> 0.39598821 | P59: =[1]data!M60-'Urban population'!P59 -> 0.44226925 | ... AM59: =[1]data!AJ60-'Urban population'!AM59 -> 0.15875402
A60: IIASA-WiC POP 2023 | B60: SSP2 | C60: France | D60: =_xlfn.XLOOKUP(C60,'[5]Country Codes'!$A$2:$A$267,'[5]Country Codes'!$B$2:$B$267) -> FRA | E60: =_xlfn.XLOOKUP(D60,[6]Feuil1!$C$2:$C$248,[6]Feuil1!$B$2:$B$248) -> FR | F60: Population | G60: =_xlfn.XLOOKUP(C60,'Urban population'!C60:C259,'Urban population'!G60:G259) -> Western Europe | H60: million | I60: =[1]data!F61-'Urban population'!I60 -> 18.659915 | J60: =[1]data!G61-'Urban population'!J60 -> 18.145084 | K60: =[1]data!H61-'Urban population'!K60 -> 17.309261 | L60: =[1]data!I61-'Urban population'!L60 -> 15.763623 | M60: =[1]data!J61-'Urban population'!M60 -> 14.536714 | N60: =[1]data!K61-'Urban population'!N60 -> 14.180185 | O60: =[1]data!L61-'Urban population'!O60 -> 14.301041 | P60: =[1]data!M61-'Urban population'!P60 -> 14.459399 | ... AM60: =[1]data!AJ61-'Urban population'!AM60 -> 3.623333
A61: IIASA-WiC POP 2023 | B61: SSP2 | C61: Micronesia | D61: =_xlfn.XLOOKUP(C61,'[5]Country Codes'!$A$2:$A$267,'[5]Country Codes'!$B$2:$B$267) -> #N/A | E61: =_xlfn.XLOOKUP(D61,[6]Feuil1!$C$2:$C$248,[6]Feuil1!$B$2:$B$248) -> #N/A | F61: Population | G61: =_xlfn.XLOOKUP(C61,'Urban population'!C61:C260,'Urban population'!G61:G260) -> Oceania | H61: million | I61: =[1]data!F62-'Urban population'!I61 -> 0.025164 | J61: =[1]data!G62-'Urban population'!J61 -> 0.028616241 | K61: =[1]data!H62-'Urban population'!K61 -> 0.032800278 | L61: =[1]data!I62-'Urban population'!L61 -> 0.038233935 | M61: =[1]data!J62-'Urban population'!M61 -> 0.043685184 | N61: =[1]data!K62-'Urban population'!N61 -> 0.049198695 | O61: =[1]data!L62-'Urban population'!O61 -> 0.05534352 | P61: =[1]data!M62-'Urban population'!P61 -> 0.064108989 | ... AM61: =[1]data!AJ62-'Urban population'!AM61 -> 0.26729265
A62: IIASA-WiC POP 2023 | B62: SSP2 | C62: Gabon | D62: =_xlfn.XLOOKUP(C62,'[5]Country Codes'!$A$2:$A$267,'[5]Country Codes'!$B$2:$B$267) -> GAB | E62: =_xlfn.XLOOKUP(D62,[6]Feuil1!$C$2:$C$248,[6]Feuil1!$B$2:$B$248) -> GA | F62: Population | G62: =_xlfn.XLOOKUP(C62,'Urban population'!C62:C261,'Urban population'!G62:G261) -> Western Africa | H62: million | I62: =[1]data!F63-'Urban population'!I62 -> 0.41772685 | J62: =[1]data!G63-'Urban population'!J62 -> 0.41875906 | K62: =[1]data!H63-'Urban population'!K62 -> 0.42163253 | L62: =[1]data!I63-'Urban population'!L62 -> 0.41418815 | M62: =[1]data!J63-'Urban population'!M62 -> 0.401829 | N62: =[1]data!K63-'Urban population'!N62 -> 0.37387383 | O62: =[1]data!L63-'Urban population'!O62 -> 0.33495092 | P62: =[1]data!M63-'Urban population'!P62 -> 0.31762562 | ... AM62: =[1]data!AJ63-'Urban population'!AM62 -> 0.11095884
A63: IIASA-WiC POP 2023 | B63: SSP2 | C63: United Kingdom | D63: =_xlfn.XLOOKUP(C63,'[5]Country Codes'!$A$2:$A$267,'[5]Country Codes'!$B$2:$B$267) -> GBR | E63: =_xlfn.XLOOKUP(D63,[6]Feuil1!$C$2:$C$248,[6]Feuil1!$B$2:$B$248) -> GB | F63: Population | G63: =_xlfn.XLOOKUP(C63,'Urban population'!C63:C262,'Urban population'!G63:G262) -> Western Europe | H63: million | I63: =[1]data!F64-'Urban population'!I63 -> 10.485519 | J63: =[1]data!G64-'Urban population'!J63 -> 10.881647 | K63: =[1]data!H64-'Urban population'!K63 -> 11.314561 | L63: =[1]data!I64-'Urban population'!L63 -> 12.000107 | M63: =[1]data!J64-'Urban population'!M63 -> 12.718401 | N63: =[1]data!K64-'Urban population'!N63 -> 12.545663 | O63: =[1]data!L64-'Urban population'!O63 -> 12.101725 | P63: =[1]data!M64-'Urban population'!P63 -> 12.227202 | ... AM63: =[1]data!AJ64-'Urban population'!AM63 -> 3.0172421
A64: IIASA-WiC POP 2023 | B64: SSP2 | C64: Georgia | D64: =_xlfn.XLOOKUP(C64,'[5]Country Codes'!$A$2:$A$267,'[5]Country Codes'!$B$2:$B$267) -> GEO | E64: =_xlfn.XLOOKUP(D64,[6]Feuil1!$C$2:$C$248,[6]Feuil1!$B$2:$B$248) -> GE | F64: Population | G64: =_xlfn.XLOOKUP(C64,'Urban population'!C64:C263,'Urban population'!G64:G263) -> Russia region | H64: million | I64: =[1]data!F65-'Urban population'!I64 -> 2.2070809 | J64: =[1]data!G65-'Urban population'!J64 -> 2.2238839 | K64: =[1]data!H65-'Urban population'!K64 -> 2.2843711 | L64: =[1]data!I65-'Urban population'!L64 -> 2.3900125 | M64: =[1]data!J65-'Urban population'!M64 -> 2.485599 | N64: =[1]data!K65-'Urban population'!N64 -> 2.4616211 | O64: =[1]data!L65-'Urban population'!O64 -> 2.4359192 | P64: =[1]data!M65-'Urban population'!P64 -> 2.4362893 | ... AM64: =[1]data!AJ65-'Urban population'!AM64 -> 0.33419073
... A67: IIASA-WiC POP 2023 | B67: SSP2 | C67: Guadeloupe | D67: =_xlfn.XLOOKUP(C67,'[5]Country Codes'!$A$2:$A$267,'[5]Country Codes'!$B$2:$B$267) -> #N/A | E67: =_xlfn.XLOOKUP(D67,[6]Feuil1!$C$2:$C$248,[6]Feuil1!$B$2:$B$248) -> #N/A | F67: Population | G67: =_xlfn.XLOOKUP(C67,'Urban population'!C67:C266,'Urban population'!G67:G266) -> Central America | H67: million | I67: =[1]data!F68-'Urban population'!I67 -> 0.13765764 | J67: =[1]data!G68-'Urban population'!J67 -> 0.12572227 | K67: =[1]data!H68-'Urban population'!K67 -> 0.11092285 | L67: =[1]data!I68-'Urban population'!L67 -> 0.089214104 | M67: =[1]data!J68-'Urban population'!M67 -> 0.06538955 | N67: =[1]data!K68-'Urban population'!N67 -> 0.044649072 | O67: =[1]data!L68-'Urban population'!O67 -> 0.03004191 | P67: =[1]data!M68-'Urban population'!P67 -> 0.020198349 | ... AM67: =[1]data!AJ68-'Urban population'!AM67 -> 0.035360807
A68: IIASA-WiC POP 2023 | B68: SSP2 | C68: Gambia | D68: GMB | E68: =_xlfn.XLOOKUP(D68,[6]Feuil1!$C$2:$C$248,[6]Feuil1!$B$2:$B$248) -> GM | F68: Population | G68: =_xlfn.XLOOKUP(C68,'Urban population'!C68:C267,'Urban population'!G68:G267) -> Western Africa | H68: million | I68: =[1]data!F69-'Urban population'!I68 -> 0.27176588 | J68: =[1]data!G69-'Urban population'!J68 -> 0.30613267 | K68: =[1]data!H69-'Urban population'!K68 -> 0.3464684 | L68: =[1]data!I69-'Urban population'!L68 -> 0.38693538 | M68: =[1]data!J69-'Urban population'!M68 -> 0.41947262 | N68: =[1]data!K69-'Urban population'!N68 -> 0.45638586 | O68: =[1]data!L69-'Urban population'!O68 -> 0.50590698 | P68: =[1]data!M69-'Urban population'!P68 -> 0.5627464 | ... AM68: =[1]data!AJ69-'Urban population'!AM68 -> 0.8103859
A69: IIASA-WiC POP 2023 | B69: SSP2 | C69: Guinea-Bissau | D69: =_xlfn.XLOOKUP(C69,'[5]Country Codes'!$A$2:$A$267,'[5]Country Codes'!$B$2:$B$267) -> GNB | E69: =_xlfn.XLOOKUP(D69,[6]Feuil1!$C$2:$C$248,[6]Feuil1!$B$2:$B$248) -> GW | F69: Population | G69: =_xlfn.XLOOKUP(C69,'Urban population'!C69:C268,'Urban population'!G69:G268) -> Western Africa | H69: million | I69: =[1]data!F70-'Urban population'!I69 -> 0.4855824 | J69: =[1]data!G70-'Urban population'!J69 -> 0.49642613 | K69: =[1]data!H70-'Urban population'!K69 -> 0.49809514 | L69: =[1]data!I70-'Urban population'!L69 -> 0.49989667 | M69: =[1]data!J70-'Urban population'!M69 -> 0.49818047 | N69: =[1]data!K70-'Urban population'!N69 -> 0.53775288 | O69: =[1]data!L70-'Urban population'!O69 -> 0.67796423 | P69: =[1]data!M70-'Urban population'!P69 -> 0.68145514 | ... AM69: =[1]data!AJ70-'Urban population'!AM69 -> 0.78915084
A70: IIASA-WiC POP 2023 | B70: SSP2 | C70: Equatorial Guinea | D70: =_xlfn.XLOOKUP(C70,'[5]Country Codes'!$A$2:$A$267,'[5]Country Codes'!$B$2:$B$267) -> GNQ | E70: =_xlfn.XLOOKUP(D70,[6]Feuil1!$C$2:$C$248,[6]Feuil1!$B$2:$B$248) -> GQ | F70: Population | G70: =_xlfn.XLOOKUP(C70,'Urban population'!C70:C269,'Urban population'!G70:G269) -> Western Africa | H70: million | I70: =[1]data!F71-'Urban population'!I70 -> 0.18968307 | J70: =[1]data!G71-'Urban population'!J70 -> 0.19404331 | K70: =[1]data!H71-'Urban population'!K70 -> 0.19740712 | L70: =[1]data!I71-'Urban population'!L70 -> 0.21450754 | M70: =[1]data!J71-'Urban population'!M70 -> 0.23281817 | N70: =[1]data!K71-'Urban population'!N70 -> 0.20822987 | O70: =[1]data!L71-'Urban population'!O70 -> 0.19941202 | P70: =[1]data!M71-'Urban population'!P70 -> 0.25833462 | ... AM70: =[1]data!AJ71-'Urban population'!AM70 -> 0.33760764
A71: IIASA-WiC POP 2023 | B71: SSP2 | C71: Greece | D71: =_xlfn.XLOOKUP(C71,'[5]Country Codes'!$A$2:$A$267,'[5]Country Codes'!$B$2:$B$267) -> GRC | E71: =_xlfn.XLOOKUP(D71,[6]Feuil1!$C$2:$C$248,[6]Feuil1!$B$2:$B$248) -> GR | F71: Population | G71: =_xlfn.XLOOKUP(C71,'Urban population'!C71:C270,'Urban population'!G71:G270) -> Western Europe | H71: million | I71: =[1]data!F72-'Urban population'!I71 -> 3.6424833 | J71: =[1]data!G72-'Urban population'!J71 -> 3.717598 | K71: =[1]data!H72-'Urban population'!K71 -> 3.7377643 | L71: =[1]data!I72-'Urban population'!L71 -> 3.4120172 | M71: =[1]data!J72-'Urban population'!M71 -> 3.0544345 | N71: =[1]data!K72-'Urban population'!N71 -> 2.9013957 | O71: =[1]data!L72-'Urban population'!O71 -> 2.8399465 | P71: =[1]data!M72-'Urban population'!P71 -> 2.8884503 | ... AM71: =[1]data!AJ72-'Urban population'!AM71 -> 0.53850844
A72: IIASA-WiC POP 2023 | B72: SSP2 | C72: Grenada | D72: =_xlfn.XLOOKUP(C72,'[5]Country Codes'!$A$2:$A$267,'[5]Country Codes'!$B$2:$B$267) -> GRD | E72: =_xlfn.XLOOKUP(D72,[6]Feuil1!$C$2:$C$248,[6]Feuil1!$B$2:$B$248) -> GD | F72: Population | G72: =_xlfn.XLOOKUP(C72,'Urban population'!C72:C271,'Urban population'!G72:G271) -> Central America | H72: million | I72: =[1]data!F73-'Urban population'!I72 -> 0.05506787 | J72: =[1]data!G73-'Urban population'!J72 -> 0.057718324 | K72: =[1]data!H73-'Urban population'!K72 -> 0.064796605 | L72: =[1]data!I73-'Urban population'!L72 -> 0.067293024 | M72: =[1]data!J73-'Urban population'!M72 -> 0.067058268 | N72: =[1]data!K73-'Urban population'!N72 -> 0.06561053 | O72: =[1]data!L73-'Urban population'!O72 -> 0.063707424 | P72: =[1]data!M73-'Urban population'!P72 -> 0.06696032 | ... AM72: =[1]data!AJ73-'Urban population'!AM72 -> 0.034854786
A73: IIASA-WiC POP 2023 | B73: SSP2 | C73: Guatemala | D73: =_xlfn.XLOOKUP(C73,'[5]Country Codes'!$A$2:$A$267,'[5]Country Codes'!$B$2:$B$267) -> GTM | E73: =_xlfn.XLOOKUP(D73,[6]Feuil1!$C$2:$C$248,[6]Feuil1!$B$2:$B$248) -> GT | F73: Population | G73: =_xlfn.XLOOKUP(C73,'Urban population'!C73:C272,'Urban population'!G73:G272) -> Central America | H73: million | I73: =[1]data!F74-'Urban population'!I73 -> 2.2906382 | J73: =[1]data!G74-'Urban population'!J73 -> 2.527866 | K73: =[1]data!H74-'Urban population'!K73 -> 2.7825355 | L73: =[1]data!I74-'Urban population'!L73 -> 3.0859396 | M73: =[1]data!J74-'Urban population'!M73 -> 3.4702116 | N73: =[1]data!K74-'Urban population'!N73 -> 3.8526187 | O73: =[1]data!L74-'Urban population'!O73 -> 4.2292243 | P73: =[1]data!M74-'Urban population'!P73 -> 4.6713644 | ... AM73: =[1]data!AJ74-'Urban population'!AM73 -> 5.8855986
A74: IIASA-WiC POP 2023 | B74: SSP2 | C74: French Guiana | D74: =_xlfn.XLOOKUP(C74,'[5]Country Codes'!$A$2:$A$267,'[5]Country Codes'!$B$2:$B$267) -> #N/A | E74: =_xlfn.XLOOKUP(D74,[6]Feuil1!$C$2:$C$248,[6]Feuil1!$B$2:$B$248) -> #N/A | F74: Population | G74: =_xlfn.XLOOKUP(C74,'Urban population'!C74:C273,'Urban population'!G74:G273) -> Rest of South America | H74: million | I74: =[1]data!F75-'Urban population'!I74 -> 0.010763824 | J74: =[1]data!G75-'Urban population'!J74 -> 0.010339236 | K74: =[1]data!H75-'Urban population'!K74 -> 0.011181756 | L74: =[1]data!I75-'Urban population'!L74 -> 0.013048063 | M74: =[1]data!J75-'Urban population'!M74 -> 0.014939602 | N74: =[1]data!K75-'Urban population'!N74 -> 0.016448688 | O74: =[1]data!L75-'Urban population'!O74 -> 0.019123664 | P74: =[1]data!M75-'Urban population'!P74 -> 0.023041746 | ... AM74: =[1]data!AJ75-'Urban population'!AM74 -> 0.031242796
A75: IIASA-WiC POP 2023 | B75: SSP2 | C75: Guam | D75: =_xlfn.XLOOKUP(C75,'[5]Country Codes'!$A$2:$A$267,'[5]Country Codes'!$B$2:$B$267) -> GUM | E75: =_xlfn.XLOOKUP(D75,[6]Feuil1!$C$2:$C$248,[6]Feuil1!$B$2:$B$248) -> GU | F75: Population | G75: =_xlfn.XLOOKUP(C75,'Urban population'!C75:C274,'Urban population'!G75:G274) -> Oceania | H75: million | I75: =[1]data!F76-'Urban population'!I75 -> 0.035531697 | J75: =[1]data!G76-'Urban population'!J75 -> 0.035527947 | K75: =[1]data!H76-'Urban population'!K75 -> 0.035747861 | L75: =[1]data!I76-'Urban population'!L75 -> 0.03534991 | M75: =[1]data!J76-'Urban population'!M75 -> 0.033242631 | N75: =[1]data!K76-'Urban population'!N75 -> 0.016142192 | O75: =[1]data!L76-'Urban population'!O75 -> 0.006749196 | P75: =[1]data!M76-'Urban population'!P75 -> 0.009493099 | ... AM75: =[1]data!AJ76-'Urban population'!AM75 -> 0.017312953
A76: IIASA-WiC POP 2023 | B76: SSP2 | C76: Guyana | D76: =_xlfn.XLOOKUP(C76,'[5]Country Codes'!$A$2:$A$267,'[5]Country Codes'!$B$2:$B$267) -> GUY | E76: =_xlfn.XLOOKUP(D76,[6]Feuil1!$C$2:$C$248,[6]Feuil1!$B$2:$B$248) -> GY | F76: Population | G76: =_xlfn.XLOOKUP(C76,'Urban population'!C76:C275,'Urban population'!G76:G275) -> Brazil | H76: million | I76: =[1]data!F77-'Urban population'!I76 -> 0.29718144 | J76: =[1]data!G77-'Urban population'!J76 -> 0.33983521 | K76: =[1]data!H77-'Urban population'!K76 -> 0.40014748 | L76: =[1]data!I77-'Urban population'!L76 -> 0.45550879 | M76: =[1]data!J77-'Urban population'!M76 -> 0.49473162 | N76: =[1]data!K77-'Urban population'!N76 -> 0.519134 | O76: =[1]data!L77-'Urban population'!O76 -> 0.53998581 | P76: =[1]data!M77-'Urban population'!P76 -> 0.5421969 | ... AM76: =[1]data!AJ77-'Urban population'!AM76 -> 0.21829899
A77: IIASA-WiC POP 2023 | B77: SSP2 | C77: Hong Kong | D77: =_xlfn.XLOOKUP(C77,'[5]Country Codes'!$A$2:$A$267,'[5]Country Codes'!$B$2:$B$267) -> #N/A | E77: =_xlfn.XLOOKUP(D77,[6]Feuil1!$C$2:$C$248,[6]Feuil1!$B$2:$B$248) -> #N/A | F77: Population | G77: =_xlfn.XLOOKUP(C77,'Urban population'!C77:C276,'Urban population'!G77:G276) -> #N/A | H77: million | I77: =[1]data!F78-'Urban population'!I77 -> #N/A | J77: =[1]data!G78-'Urban population'!J77 -> #N/A | K77: =[1]data!H78-'Urban population'!K77 -> #N/A | L77: =[1]data!I78-'Urban population'!L77 -> #N/A | M77: =[1]data!J78-'Urban population'!M77 -> #N/A | N77: =[1]data!K78-'Urban population'!N77 -> #N/A | O77: =[1]data!L78-'Urban population'!O77 -> #N/A | P77: =[1]data!M78-'Urban population'!P77 -> #N/A | ... AM77: =[1]data!AJ78-'Urban population'!AM77 -> #N/A
A78: IIASA-WiC POP 2023 | B78: SSP2 | C78: Honduras | D78: =_xlfn.XLOOKUP(C78,'[5]Country Codes'!$A$2:$A$267,'[5]Country Codes'!$B$2:$B$267) -> HND | E78: =_xlfn.XLOOKUP(D78,[6]Feuil1!$C$2:$C$248,[6]Feuil1!$B$2:$B$248) -> HN | F78: Population | G78: =_xlfn.XLOOKUP(C78,'Urban population'!C78:C277,'Urban population'!G78:G277) -> Central America | H78: million | I78: =[1]data!F79-'Urban population'!I78 -> 1.2657579 | J78: =[1]data!G79-'Urban population'!J78 -> 1.4164136 | K78: =[1]data!H79-'Urban population'!K78 -> 1.5833112 | L78: =[1]data!I79-'Urban population'!L78 -> 1.7597123 | M78: =[1]data!J79-'Urban population'!M78 -> 1.9490558 | N78: =[1]data!K79-'Urban population'!N78 -> 2.1598352 | O78: =[1]data!L79-'Urban population'!O78 -> 2.4215306 | P78: =[1]data!M79-'Urban population'!P78 -> 2.6940775 | ... AM78: =[1]data!AJ79-'Urban population'!AM78 -> 2.5718119
A79: IIASA-WiC POP 2023 | B79: SSP2 | C79: Croatia | D79: =_xlfn.XLOOKUP(C79,'[5]Country Codes'!$A$2:$A$267,'[5]Country Codes'!$B$2:$B$267) -> HRV | E79: =_xlfn.XLOOKUP(D79,[6]Feuil1!$C$2:$C$248,[6]Feuil1!$B$2:$B$248) -> HR | F79: Population | G79: =_xlfn.XLOOKUP(C79,'Urban population'!C79:C278,'Urban population'!G79:G278) -> Central Europe | H79: million | I79: =[1]data!F80-'Urban population'!I79 -> 2.9883653 | J79: =[1]data!G80-'Urban population'!J79 -> 2.9829962 | K79: =[1]data!H80-'Urban population'!K79 -> 2.9310402 | L79: =[1]data!I80-'Urban population'!L79 -> 2.8313311 | M79: =[1]data!J80-'Urban population'!M79 -> 2.6816832 | N79: =[1]data!K80-'Urban population'!N79 -> 2.564115 | O79: =[1]data!L80-'Urban population'!O79 -> 2.4604602 | P79: =[1]data!M80-'Urban population'!P79 -> 2.4284874 | ... AM79: =[1]data!AJ80-'Urban population'!AM79 -> 0.50430505
A80: IIASA-WiC POP 2023 | B80: SSP2 | C80: Haiti | D80: =_xlfn.XLOOKUP(C80,'[5]Country Codes'!$A$2:$A$267,'[5]Country Codes'!$B$2:$B$267) -> HTI | E80: =_xlfn.XLOOKUP(D80,[6]Feuil1!$C$2:$C$248,[6]Feuil1!$B$2:$B$248) -> HT | F80: Population | G80: =_xlfn.XLOOKUP(C80,'Urban population'!C80:C279,'Urban population'!G80:G279) -> Central America | H80: million | I80: =[1]data!F81-'Urban population'!I80 -> 2.8274278 | J80: =[1]data!G81-'Urban population'!J80 -> 3.0278914 | K80: =[1]data!H81-'Urban population'!K80 -> 3.2615696 | L80: =[1]data!I81-'Urban population'!L80 -> 3.489785 | M80: =[1]data!J81-'Urban population'!M80 -> 3.7199367 | N80: =[1]data!K81-'Urban population'!N80 -> 4.0409489 | O80: =[1]data!L81-'Urban population'!O80 -> 4.4448704 | P80: =[1]data!M81-'Urban population'!P80 -> 4.7413509 | ... AM80: =[1]data!AJ81-'Urban population'!AM80 -> 3.0061025
... A84: IIASA-WiC POP 2023 | B84: SSP2 | C84: Ireland | D84: =_xlfn.XLOOKUP(C84,'[5]Country Codes'!$A$2:$A$267,'[5]Country Codes'!$B$2:$B$267) -> IRL | E84: =_xlfn.XLOOKUP(D84,[6]Feuil1!$C$2:$C$248,[6]Feuil1!$B$2:$B$248) -> IE | F84: Population | G84: =_xlfn.XLOOKUP(C84,'Urban population'!C84:C283,'Urban population'!G84:G283) -> Western Europe | H84: million | I84: =[1]data!F85-'Urban population'!I84 -> 1.7363644 | J84: =[1]data!G85-'Urban population'!J84 -> 1.6300308 | K84: =[1]data!H85-'Urban population'!K84 -> 1.543299 | L84: =[1]data!I85-'Urban population'!L84 -> 1.5304561 | M84: =[1]data!J85-'Urban population'!M84 -> 1.42528 | N84: =[1]data!K85-'Urban population'!N84 -> 1.4541649 | O84: =[1]data!L85-'Urban population'!O84 -> 1.5074329 | P84: =[1]data!M85-'Urban population'!P84 -> 1.5291792 | ... AM84: =[1]data!AJ85-'Urban population'!AM84 -> 0.94430238
A85: IIASA-WiC POP 2023 | B85: SSP2 | C85: Iran | D85: IRN | E85: =_xlfn.XLOOKUP(D85,[6]Feuil1!$C$2:$C$248,[6]Feuil1!$B$2:$B$248) -> IR | F85: Population | G85: =_xlfn.XLOOKUP(C85,'Urban population'!C85:C284,'Urban population'!G85:G284) -> Middle East | H85: million | I85: =[1]data!F86-'Urban population'!I85 -> 12.064541 | J85: =[1]data!G86-'Urban population'!J85 -> 12.942578 | K85: =[1]data!H86-'Urban population'!K85 -> 13.988595 | L85: =[1]data!I86-'Urban population'!L85 -> 15.285074 | M85: =[1]data!J86-'Urban population'!M85 -> 16.487231 | N85: =[1]data!K86-'Urban population'!N85 -> 17.573085 | O85: =[1]data!L86-'Urban population'!O85 -> 19.03582 | P85: =[1]data!M86-'Urban population'!P85 -> 21.643439 | ... AM85: =[1]data!AJ86-'Urban population'!AM85 -> 8.4936398
A86: IIASA-WiC POP 2023 | B86: SSP2 | C86: Iraq | D86: =_xlfn.XLOOKUP(C86,'[5]Country Codes'!$A$2:$A$267,'[5]Country Codes'!$B$2:$B$267) -> IRQ | E86: =_xlfn.XLOOKUP(D86,[6]Feuil1!$C$2:$C$248,[6]Feuil1!$B$2:$B$248) -> IQ | F86: Population | G86: =_xlfn.XLOOKUP(C86,'Urban population'!C86:C285,'Urban population'!G86:G285) -> Middle East | H86: million | I86: =[1]data!F87-'Urban population'!I86 -> 3.632207 | J86: =[1]data!G87-'Urban population'!J86 -> 3.9528166 | K86: =[1]data!H87-'Urban population'!K86 -> 3.9995067 | L86: =[1]data!I87-'Urban population'!L86 -> 4.0085155 | M86: =[1]data!J87-'Urban population'!M86 -> 4.2226143 | N86: =[1]data!K87-'Urban population'!N86 -> 4.4115203 | O86: =[1]data!L87-'Urban population'!O86 -> 4.6355508 | P86: =[1]data!M87-'Urban population'!P86 -> 4.8727514 | ... AM86: =[1]data!AJ87-'Urban population'!AM86 -> 12.556677
A87: IIASA-WiC POP 2023 | B87: SSP2 | C87: Iceland | D87: =_xlfn.XLOOKUP(C87,'[5]Country Codes'!$A$2:$A$267,'[5]Country Codes'!$B$2:$B$267) -> ISL | E87: =_xlfn.XLOOKUP(D87,[6]Feuil1!$C$2:$C$248,[6]Feuil1!$B$2:$B$248) -> IS | F87: Population | G87: =_xlfn.XLOOKUP(C87,'Urban population'!C87:C286,'Urban population'!G87:G286) -> Western Europe | H87: million | I87: =[1]data!F88-'Urban population'!I87 -> 0.038362064 | J87: =[1]data!G88-'Urban population'!J87 -> 0.036197336 | K87: =[1]data!H88-'Urban population'!K87 -> 0.034248253 | L87: =[1]data!I88-'Urban population'!L87 -> 0.032995944 | M87: =[1]data!J88-'Urban population'!M87 -> 0.030805812 | N87: =[1]data!K88-'Urban population'!N87 -> 0.028831474 | O87: =[1]data!L88-'Urban population'!O87 -> 0.026567073 | P87: =[1]data!M88-'Urban population'!P87 -> 0.025040496 | ... AM87: =[1]data!AJ88-'Urban population'!AM87 -> 0.0098443582
A88: IIASA-WiC POP 2023 | B88: SSP2 | C88: Israel | D88: =_xlfn.XLOOKUP(C88,'[5]Country Codes'!$A$2:$A$267,'[5]Country Codes'!$B$2:$B$267) -> ISR | E88: =_xlfn.XLOOKUP(D88,[6]Feuil1!$C$2:$C$248,[6]Feuil1!$B$2:$B$248) -> IL | F88: Population | G88: =_xlfn.XLOOKUP(C88,'Urban population'!C88:C287,'Urban population'!G88:G287) -> Middle East | H88: million | I88: =[1]data!F89-'Urban population'!I88 -> 0.36481043 | J88: =[1]data!G89-'Urban population'!J88 -> 0.4452602 | K88: =[1]data!H89-'Urban population'!K88 -> 0.4321406 | L88: =[1]data!I89-'Urban population'!L88 -> 0.44089084 | M88: =[1]data!J89-'Urban population'!M88 -> 0.45045042 | N88: =[1]data!K89-'Urban population'!N88 -> 0.44853619 | O88: =[1]data!L89-'Urban population'!O88 -> 0.42288391 | P88: =[1]data!M89-'Urban population'!P88 -> 0.42102673 | ... AM88: =[1]data!AJ89-'Urban population'!AM88 -> 0.61516582
A89: IIASA-WiC POP 2023 | B89: SSP2 | C89: Italy | D89: =_xlfn.XLOOKUP(C89,'[5]Country Codes'!$A$2:$A$267,'[5]Country Codes'!$B$2:$B$267) -> ITA | E89: =_xlfn.XLOOKUP(D89,[6]Feuil1!$C$2:$C$248,[6]Feuil1!$B$2:$B$248) -> IT | F89: Population | G89: =_xlfn.XLOOKUP(C89,'Urban population'!C89:C288,'Urban population'!G89:G288) -> Western Europe | H89: million | I89: =[1]data!F90-'Urban population'!I89 -> 21.194384 | J89: =[1]data!G90-'Urban population'!J89 -> 20.680868 | K89: =[1]data!H90-'Urban population'!K89 -> 20.048298 | L89: =[1]data!I90-'Urban population'!L89 -> 19.573563 | M89: =[1]data!J90-'Urban population'!M89 -> 18.981912 | N89: =[1]data!K90-'Urban population'!N89 -> 18.898775 | O89: =[1]data!L90-'Urban population'!O89 -> 18.756949 | P89: =[1]data!M90-'Urban population'!P89 -> 18.801739 | ... AM89: =[1]data!AJ90-'Urban population'!AM89 -> 6.4552563
A90: IIASA-WiC POP 2023 | B90: SSP2 | C90: Jamaica | D90: =_xlfn.XLOOKUP(C90,'[5]Country Codes'!$A$2:$A$267,'[5]Country Codes'!$B$2:$B$267) -> JAM | E90: =_xlfn.XLOOKUP(D90,[6]Feuil1!$C$2:$C$248,[6]Feuil1!$B$2:$B$248) -> JM | F90: Population | G90: =_xlfn.XLOOKUP(C90,'Urban population'!C90:C289,'Urban population'!G90:G289) -> Central America | H90: million | I90: =[1]data!F91-'Urban population'!I90 -> 1.0514602 | J90: =[1]data!G91-'Urban population'!J90 -> 1.1007608 | K90: =[1]data!H91-'Urban population'!K90 -> 1.0798491 | L90: =[1]data!I91-'Urban population'!L90 -> 1.0850694 | M90: =[1]data!J91-'Urban population'!M90 -> 1.0837247 | N90: =[1]data!K91-'Urban population'!N90 -> 1.1140657 | O90: =[1]data!L91-'Urban population'!O90 -> 1.1302643 | P90: =[1]data!M91-'Urban population'!P90 -> 1.1759883 | ... AM90: =[1]data!AJ91-'Urban population'!AM90 -> 0.39979296
A91: IIASA-WiC POP 2023 | B91: SSP2 | C91: Jordan | D91: =_xlfn.XLOOKUP(C91,'[5]Country Codes'!$A$2:$A$267,'[5]Country Codes'!$B$2:$B$267) -> JOR | E91: =_xlfn.XLOOKUP(D91,[6]Feuil1!$C$2:$C$248,[6]Feuil1!$B$2:$B$248) -> JO | F91: Population | G91: =_xlfn.XLOOKUP(C91,'Urban population'!C91:C290,'Urban population'!G91:G290) -> Middle East | H91: million | I91: =[1]data!F92-'Urban population'!I91 -> 0.26676594 | J91: =[1]data!G92-'Urban population'!J91 -> 0.34132313 | K91: =[1]data!H92-'Urban population'!K91 -> 0.40534554 | L91: =[1]data!I92-'Urban population'!L91 -> 0.48329395 | M91: =[1]data!J92-'Urban population'!M91 -> 0.66651288 | N91: =[1]data!K92-'Urban population'!N91 -> 0.78560575 | O91: =[1]data!L92-'Urban population'!O91 -> 0.86982 | P91: =[1]data!M92-'Urban population'!P91 -> 0.88735383 | ... AM91: =[1]data!AJ92-'Urban population'!AM91 -> 0.98853252
A92: IIASA-WiC POP 2023 | B92: SSP2 | C92: Japan | D92: =_xlfn.XLOOKUP(C92,'[5]Country Codes'!$A$2:$A$267,'[5]Country Codes'!$B$2:$B$267) -> JPN | E92: =_xlfn.XLOOKUP(D92,[6]Feuil1!$C$2:$C$248,[6]Feuil1!$B$2:$B$248) -> JP | F92: Population | G92: =_xlfn.XLOOKUP(C92,'Urban population'!C92:C291,'Urban population'!G92:G291) -> Japan | H92: million | I92: =[1]data!F93-'Urban population'!I92 -> 38.983819 | J92: =[1]data!G93-'Urban population'!J92 -> 37.272839 | K92: =[1]data!H93-'Urban population'!K92 -> 34.506801 | L92: =[1]data!I93-'Urban population'!L92 -> 31.739136 | M92: =[1]data!J93-'Urban population'!M92 -> 29.434516 | N92: =[1]data!K93-'Urban population'!N92 -> 27.164415 | O92: =[1]data!L93-'Urban population'!O92 -> 27.898559 | P92: =[1]data!M93-'Urban population'!P92 -> 28.147878 | ... AM92: =[1]data!AJ93-'Urban population'!AM92 -> 1.0190554
A93: IIASA-WiC POP 2023 | B93: SSP2 | C93: Kazakhstan | D93: =_xlfn.XLOOKUP(C93,'[5]Country Codes'!$A$2:$A$267,'[5]Country Codes'!$B$2:$B$267) -> KAZ | E93: =_xlfn.XLOOKUP(D93,[6]Feuil1!$C$2:$C$248,[6]Feuil1!$B$2:$B$248) -> KZ | F93: Population | G93: =_xlfn.XLOOKUP(C93,'Urban population'!C93:C292,'Urban population'!G93:G292) -> Central Asia | H93: million | I93: =[1]data!F94-'Urban population'!I93 -> 4.1599685 | J93: =[1]data!G94-'Urban population'!J93 -> 4.6070997 | K93: =[1]data!H94-'Urban population'!K93 -> 5.1111048 | L93: =[1]data!I94-'Urban population'!L93 -> 5.6950588 | M93: =[1]data!J94-'Urban population'!M93 -> 6.0589021 | N93: =[1]data!K94-'Urban population'!N93 -> 6.1925649 | O93: =[1]data!L94-'Urban population'!O93 -> 6.4549647 | P93: =[1]data!M94-'Urban population'!P93 -> 6.7228216 | ... AM93: =[1]data!AJ94-'Urban population'!AM93 -> 4.8466992
A94: IIASA-WiC POP 2023 | B94: SSP2 | C94: Kenya | D94: =_xlfn.XLOOKUP(C94,'[5]Country Codes'!$A$2:$A$267,'[5]Country Codes'!$B$2:$B$267) -> KEN | E94: =_xlfn.XLOOKUP(D94,[6]Feuil1!$C$2:$C$248,[6]Feuil1!$B$2:$B$248) -> KE | F94: Population | G94: =_xlfn.XLOOKUP(C94,'Urban population'!C94:C293,'Urban population'!G94:G293) -> Eastern Africa | H94: million | I94: =[1]data!F95-'Urban population'!I94 -> 5.3918203 | J94: =[1]data!G95-'Urban population'!J94 -> 6.0473275 | K94: =[1]data!H95-'Urban population'!K94 -> 7.0457368 | L94: =[1]data!I95-'Urban population'!L94 -> 8.4331782 | M94: =[1]data!J95-'Urban population'!M94 -> 10.096645 | N94: =[1]data!K95-'Urban population'!N94 -> 11.694167 | O94: =[1]data!L95-'Urban population'!O94 -> 13.414718 | P94: =[1]data!M95-'Urban population'!P94 -> 16.02366 | ... AM94: =[1]data!AJ95-'Urban population'!AM94 -> 32.190132
A95: IIASA-WiC POP 2023 | B95: SSP2 | C95: Kyrgyzstan | D95: KGZ | E95: =_xlfn.XLOOKUP(D95,[6]Feuil1!$C$2:$C$248,[6]Feuil1!$B$2:$B$248) -> KG | F95: Population | G95: =_xlfn.XLOOKUP(C95,'Urban population'!C95:C294,'Urban population'!G95:G294) -> Central Asia | H95: million | I95: =[1]data!F96-'Urban population'!I95 -> 1.2738035 | J95: =[1]data!G96-'Urban population'!J95 -> 1.3347175 | K95: =[1]data!H96-'Urban population'!K95 -> 1.4353395 | L95: =[1]data!I96-'Urban population'!L95 -> 1.6498404 | M95: =[1]data!J96-'Urban population'!M95 -> 1.8616006 | N95: =[1]data!K96-'Urban population'!N95 -> 2.0531103 | O95: =[1]data!L96-'Urban population'!O95 -> 2.2442283 | P95: =[1]data!M96-'Urban population'!P95 -> 2.4832174 | ... AM95: =[1]data!AJ96-'Urban population'!AM95 -> 2.7951933
A96: IIASA-WiC POP 2023 | B96: SSP2 | C96: Cambodia | D96: =_xlfn.XLOOKUP(C96,'[5]Country Codes'!$A$2:$A$267,'[5]Country Codes'!$B$2:$B$267) -> KHM | E96: =_xlfn.XLOOKUP(D96,[6]Feuil1!$C$2:$C$248,[6]Feuil1!$B$2:$B$248) -> KH | F96: Population | G96: =_xlfn.XLOOKUP(C96,'Urban population'!C96:C295,'Urban population'!G96:G295) -> Southeastern Asia | H96: million | I96: =[1]data!F97-'Urban population'!I96 -> 3.887002 | J96: =[1]data!G97-'Urban population'!J96 -> 4.3749231 | K96: =[1]data!H97-'Urban population'!K96 -> 4.9158264 | L96: =[1]data!I97-'Urban population'!L96 -> 5.4463647 | M96: =[1]data!J97-'Urban population'!M96 -> 5.6643661 | N96: =[1]data!K97-'Urban population'!N96 -> 6.6236737 | O96: =[1]data!L97-'Urban population'!O96 -> 5.5568652 | P96: =[1]data!M97-'Urban population'!P96 -> 6.2377762 | ... AM96: =[1]data!AJ97-'Urban population'!AM96 -> 7.4494071
A97: IIASA-WiC POP 2023 | B97: SSP2 | C97: Kiribati | D97: =_xlfn.XLOOKUP(C97,'[5]Country Codes'!$A$2:$A$267,'[5]Country Codes'!$B$2:$B$267) -> KIR | E97: =_xlfn.XLOOKUP(D97,[6]Feuil1!$C$2:$C$248,[6]Feuil1!$B$2:$B$248) -> KI | F97: Population | G97: =_xlfn.XLOOKUP(C97,'Urban population'!C97:C296,'Urban population'!G97:G296) -> Oceania | H97: million | I97: =[1]data!F98-'Urban population'!I97 -> 0.03334207 | J97: =[1]data!G98-'Urban population'!J97 -> 0.0359823 | K97: =[1]data!H98-'Urban population'!K97 -> 0.038936403 | L97: =[1]data!I98-'Urban population'!L97 -> 0.04241502 | M97: =[1]data!J98-'Urban population'!M97 -> 0.043173438 | N97: =[1]data!K98-'Urban population'!N97 -> 0.042834176 | O97: =[1]data!L98-'Urban population'!O97 -> 0.040817684 | P97: =[1]data!M98-'Urban population'!P97 -> 0.043870715 | ... AM97: =[1]data!AJ98-'Urban population'!AM97 -> 0.033963755
A98: IIASA-WiC POP 2023 | B98: SSP2 | C98: South Korea | D98: KOR | E98: =_xlfn.XLOOKUP(D98,[6]Feuil1!$C$2:$C$248,[6]Feuil1!$B$2:$B$248) -> KR | F98: Population | G98: =_xlfn.XLOOKUP(C98,'Urban population'!C98:C297,'Urban population'!G98:G297) -> Korea region | H98: million | I98: =[1]data!F99-'Urban population'!I98 -> 15.845995 | J98: =[1]data!G99-'Urban population'!J98 -> 16.436692 | K98: =[1]data!H99-'Urban population'!K98 -> 18.384471 | L98: =[1]data!I99-'Urban population'!L98 -> 19.517119 | M98: =[1]data!J99-'Urban population'!M98 -> 19.128316 | N98: =[1]data!K99-'Urban population'!N98 -> 18.533654 | O98: =[1]data!L99-'Urban population'!O98 -> 16.430431 | P98: =[1]data!M99-'Urban population'!P98 -> 14.376852 | ... AM98: =[1]data!AJ99-'Urban population'!AM98 -> 1.4746879
A99: IIASA-WiC POP 2023 | B99: SSP2 | C99: Kuwait | D99: =_xlfn.XLOOKUP(C99,'[5]Country Codes'!$A$2:$A$267,'[5]Country Codes'!$B$2:$B$267) -> KWT | E99: =_xlfn.XLOOKUP(D99,[6]Feuil1!$C$2:$C$248,[6]Feuil1!$B$2:$B$248) -> KW | F99: Population | G99: =_xlfn.XLOOKUP(C99,'Urban population'!C99:C298,'Urban population'!G99:G298) -> Middle East | H99: million | I99: =[1]data!F100-'Urban population'!I99 -> #N/A | J99: =[1]data!G100-'Urban population'!J99 -> #N/A | K99: =[1]data!H100-'Urban population'!K99 -> #N/A | L99: =[1]data!I100-'Urban population'!L99 -> #N/A | M99: =[1]data!J100-'Urban population'!M99 -> #N/A | N99: =[1]data!K100-'Urban population'!N99 -> #N/A | O99: =[1]data!L100-'Urban population'!O99 -> #N/A | P99: =[1]data!M100-'Urban population'!P99 -> #N/A | ... AM99: =[1]data!AJ100-'Urban population'!AM99 -> #N/A
A100: IIASA-WiC POP 2023 | B100: SSP2 | C100: Laos | D100: LAO | E100: =_xlfn.XLOOKUP(D100,[6]Feuil1!$C$2:$C$248,[6]Feuil1!$B$2:$B$248) -> LA | F100: Population | G100: =_xlfn.XLOOKUP(C100,'Urban population'!C100:C299,'Urban population'!G100:G299) -> Southeastern Asia | H100: million | I100: =[1]data!F101-'Urban population'!I100 -> 1.5443525 | J100: =[1]data!G101-'Urban population'!J100 -> 1.7293482 | K100: =[1]data!H101-'Urban population'!K100 -> 1.9327922 | L100: =[1]data!I101-'Urban population'!L100 -> 2.1568023 | M100: =[1]data!J101-'Urban population'!M100 -> 2.3893678 | N100: =[1]data!K101-'Urban population'!N100 -> 2.6503019 | O100: =[1]data!L101-'Urban population'!O100 -> 2.8585492 | P100: =[1]data!M101-'Urban population'!P100 -> 3.1802999 | ... AM100: =[1]data!AJ101-'Urban population'!AM100 -> 2.4299186
A101: IIASA-WiC POP 2023 | B101: SSP2 | C101: Lebanon | D101: =_xlfn.XLOOKUP(C101,'[5]Country Codes'!$A$2:$A$267,'[5]Country Codes'!$B$2:$B$267) -> LBN | E101: =_xlfn.XLOOKUP(D101,[6]Feuil1!$C$2:$C$248,[6]Feuil1!$B$2:$B$248) -> LB | F101: Population | G101: =_xlfn.XLOOKUP(C101,'Urban population'!C101:C300,'Urban population'!G101:G300) -> Middle East | H101: million | I101: =[1]data!F102-'Urban population'!I101 -> 0.90477536 | J101: =[1]data!G102-'Urban population'!J101 -> 0.97718921 | K101: =[1]data!H102-'Urban population'!K101 -> 1.0224492 | L101: =[1]data!I102-'Urban population'!L101 -> 1.0111472 | M101: =[1]data!J102-'Urban population'!M101 -> 0.95324931 | N101: =[1]data!K102-'Urban population'!N101 -> 0.87899328 | O101: =[1]data!L102-'Urban population'!O101 -> 0.77097608 | P101: =[1]data!M102-'Urban population'!P101 -> 0.65814775 | ... AM101: =[1]data!AJ102-'Urban population'!AM101 -> 0.22123714
A102: IIASA-WiC POP 2023 | B102: SSP2 | C102: Liberia | D102: =_xlfn.XLOOKUP(C102,'[5]Country Codes'!$A$2:$A$267,'[5]Country Codes'!$B$2:$B$267) -> LBR | E102: =_xlfn.XLOOKUP(D102,[6]Feuil1!$C$2:$C$248,[6]Feuil1!$B$2:$B$248) -> LR | F102: Population | G102: =_xlfn.XLOOKUP(C102,'Urban population'!C102:C301,'Urban population'!G102:G301) -> Western Africa | H102: million | I102: =[1]data!F103-'Urban population'!I102 -> 0.78948846 | J102: =[1]data!G103-'Urban population'!J102 -> 0.84619778 | K102: =[1]data!H103-'Urban population'!K102 -> 0.91438329 | L102: =[1]data!I103-'Urban population'!L102 -> 0.99006849 | M102: =[1]data!J103-'Urban population'!M102 -> 1.0689159 | N102: =[1]data!K103-'Urban population'!N102 -> 1.1473504 | O102: =[1]data!L103-'Urban population'!O102 -> 1.2334058 | P102: =[1]data!M103-'Urban population'!P102 -> 1.2711433 | ... AM102: =[1]data!AJ103-'Urban population'!AM102 -> 2.407148
A103: IIASA-WiC POP 2023 | B103: SSP2 | C103: Libya | D103: =_xlfn.XLOOKUP(C103,'[5]Country Codes'!$A$2:$A$267,'[5]Country Codes'!$B$2:$B$267) -> LBY | E103: =_xlfn.XLOOKUP(D103,[6]Feuil1!$C$2:$C$248,[6]Feuil1!$B$2:$B$248) -> LY | F103: Population | G103: =_xlfn.XLOOKUP(C103,'Urban population'!C103:C302,'Urban population'!G103:G302) -> Northern Africa | H103: million | I103: =[1]data!F104-'Urban population'!I103 -> 0.90581176 | J103: =[1]data!G104-'Urban population'!J103 -> 0.92912026 | K103: =[1]data!H104-'Urban population'!K103 -> 1.0194096 | L103: =[1]data!I104-'Urban population'!L103 -> 1.1133361 | M103: =[1]data!J104-'Urban population'!M103 -> 0.94828326 | N103: =[1]data!K104-'Urban population'!N103 -> 0.83046433 | O103: =[1]data!L104-'Urban population'!O103 -> 0.86379426 | P103: =[1]data!M104-'Urban population'!P103 -> 0.88819581 | ... AM103: =[1]data!AJ104-'Urban population'!AM103 -> 0.64072751
A104: IIASA-WiC POP 2023 | B104: SSP2 | C104: Saint Lucia | D104: LCA | E104: =_xlfn.XLOOKUP(D104,[6]Feuil1!$C$2:$C$248,[6]Feuil1!$B$2:$B$248) -> LC | F104: Population | G104: =_xlfn.XLOOKUP(C104,'Urban population'!C104:C303,'Urban population'!G104:G303) -> #N/A | H104: million | I104: =[1]data!F105-'Urban population'!I104 -> 0.069639904 | J104: =[1]data!G105-'Urban population'!J104 -> 0.070337641 | K104: =[1]data!H105-'Urban population'!K104 -> 0.07143029 | L104: =[1]data!I105-'Urban population'!L104 -> 0.07457904 | M104: =[1]data!J105-'Urban population'!M104 -> 0.077803118 | N104: =[1]data!K105-'Urban population'!N104 -> 0.082689156 | O104: =[1]data!L105-'Urban population'!O104 -> 0.088571175 | P104: =[1]data!M105-'Urban population'!P104 -> 0.094954979 | ... AM104: =[1]data!AJ105-'Urban population'!AM104 -> 0.060520423
A105: IIASA-WiC POP 2023 | B105: SSP2 | C105: Sri Lanka | D105: =_xlfn.XLOOKUP(C105,'[5]Country Codes'!$A$2:$A$267,'[5]Country Codes'!$B$2:$B$267) -> LKA | E105: =_xlfn.XLOOKUP(D105,[6]Feuil1!$C$2:$C$248,[6]Feuil1!$B$2:$B$248) -> LK | F105: Population | G105: =_xlfn.XLOOKUP(C105,'Urban population'!C105:C304,'Urban population'!G105:G304) -> Rest of South Asia | H105: million | I105: =[1]data!F106-'Urban population'!I105 -> 6.6705748 | J105: =[1]data!G106-'Urban population'!J105 -> 7.3096983 | K105: =[1]data!H106-'Urban population'!K105 -> 8.080353 | L105: =[1]data!I106-'Urban population'!L105 -> 9.0391847 | M105: =[1]data!J106-'Urban population'!M105 -> 10.097365 | N105: =[1]data!K106-'Urban population'!N105 -> 11.089377 | O105: =[1]data!L106-'Urban population'!O105 -> 12.059013 | P105: =[1]data!M106-'Urban population'!P105 -> 13.008304 | ... AM105: =[1]data!AJ106-'Urban population'!AM105 -> 8.1169624
A106: IIASA-WiC POP 2023 | B106: SSP2 | C106: Lesotho | D106: =_xlfn.XLOOKUP(C106,'[5]Country Codes'!$A$2:$A$267,'[5]Country Codes'!$B$2:$B$267) -> LSO | E106: =_xlfn.XLOOKUP(D106,[6]Feuil1!$C$2:$C$248,[6]Feuil1!$B$2:$B$248) -> LS | F106: Population | G106: =_xlfn.XLOOKUP(C106,'Urban population'!C106:C305,'Urban population'!G106:G305) -> Rest of Southern Africa | H106: million | I106: =[1]data!F107-'Urban population'!I106 -> 0.56411481 | J106: =[1]data!G107-'Urban population'!J106 -> 0.62136312 | K106: =[1]data!H107-'Urban population'!K106 -> 0.70107153 | L106: =[1]data!I107-'Urban population'!L106 -> 0.79270121 | M106: =[1]data!J107-'Urban population'!M106 -> 0.91905716 | N106: =[1]data!K107-'Urban population'!N106 -> 1.0665029 | O106: =[1]data!L107-'Urban population'!O106 -> 1.2284242 | P106: =[1]data!M107-'Urban population'!P106 -> 1.4067582 | ... AM106: =[1]data!AJ107-'Urban population'!AM106 -> 0.75421459
A107: IIASA-WiC POP 2023 | B107: SSP2 | C107: Lithuania | D107: =_xlfn.XLOOKUP(C107,'[5]Country Codes'!$A$2:$A$267,'[5]Country Codes'!$B$2:$B$267) -> LTU | E107: =_xlfn.XLOOKUP(D107,[6]Feuil1!$C$2:$C$248,[6]Feuil1!$B$2:$B$248) -> LT | F107: Population | G107: =_xlfn.XLOOKUP(C107,'Urban population'!C107:C306,'Urban population'!G107:G306) -> Central Europe | H107: million | I107: =[1]data!F108-'Urban population'!I107 -> 1.8177652 | J107: =[1]data!G108-'Urban population'!J107 -> 1.7688338 | K107: =[1]data!H108-'Urban population'!K107 -> 1.7275593 | L107: =[1]data!I108-'Urban population'!L107 -> 1.6857698 | M107: =[1]data!J108-'Urban population'!M107 -> 1.6095794 | N107: =[1]data!K108-'Urban population'!N107 -> 1.4854525 | O107: =[1]data!L108-'Urban population'!O107 -> 1.3606225 | P107: =[1]data!M108-'Urban population'!P107 -> 1.280516 | ... AM107: =[1]data!AJ108-'Urban population'!AM107 -> 0.18962178
A108: IIASA-WiC POP 2023 | B108: SSP2 | C108: Luxembourg | D108: =_xlfn.XLOOKUP(C108,'[5]Country Codes'!$A$2:$A$267,'[5]Country Codes'!$B$2:$B$267) -> LUX | E108: =_xlfn.XLOOKUP(D108,[6]Feuil1!$C$2:$C$248,[6]Feuil1!$B$2:$B$248) -> LU | F108: Population | G108: =_xlfn.XLOOKUP(C108,'Urban population'!C108:C307,'Urban population'!G108:G307) -> Western Europe | H108: million | I108: =[1]data!F109-'Urban population'!I108 -> 0.097020104 | J108: =[1]data!G109-'Urban population'!J108 -> 0.09623938 | K108: =[1]data!H109-'Urban population'!K108 -> 0.095298224 | L108: =[1]data!I109-'Urban population'!L108 -> 0.091868 | M108: =[1]data!J109-'Urban population'!M108 -> 0.086735616 | N108: =[1]data!K109-'Urban population'!N108 -> 0.080015911 | O108: =[1]data!L109-'Urban population'!O108 -> 0.0726642 | P108: =[1]data!M109-'Urban population'!P108 -> 0.070625069 | ... AM108: =[1]data!AJ109-'Urban population'!AM108 -> 0.036087512
A109: IIASA-WiC POP 2023 | B109: SSP2 | C109: Latvia | D109: =_xlfn.XLOOKUP(C109,'[5]Country Codes'!$A$2:$A$267,'[5]Country Codes'!$B$2:$B$267) -> LVA | E109: =_xlfn.XLOOKUP(D109,[6]Feuil1!$C$2:$C$248,[6]Feuil1!$B$2:$B$248) -> LV | F109: Population | G109: =_xlfn.XLOOKUP(C109,'Urban population'!C109:C308,'Urban population'!G109:G308) -> Central Europe | H109: million | I109: =[1]data!F110-'Urban population'!I109 -> 1.0244375 | J109: =[1]data!G110-'Urban population'!J109 -> 1.0207807 | K109: =[1]data!H110-'Urban population'!K109 -> 1.0079866 | L109: =[1]data!I110-'Urban population'!L109 -> 0.98329896 | M109: =[1]data!J110-'Urban population'!M109 -> 0.93808707 | N109: =[1]data!K110-'Urban population'!N109 -> 0.88938047 | O109: =[1]data!L110-'Urban population'!O109 -> 0.84355304 | P109: =[1]data!M110-'Urban population'!P109 -> 0.83171849 | ... AM109: =[1]data!AJ110-'Urban population'!AM109 -> 0.12911375
A110: IIASA-WiC POP 2023 | B110: SSP2 | C110: Macao | D110: =_xlfn.XLOOKUP(C110,'[5]Country Codes'!$A$2:$A$267,'[5]Country Codes'!$B$2:$B$267) -> #N/A | E110: =_xlfn.XLOOKUP(D110,[6]Feuil1!$C$2:$C$248,[6]Feuil1!$B$2:$B$248) -> #N/A | F110: Population | G110: =_xlfn.XLOOKUP(C110,'Urban population'!C110:C309,'Urban population'!G110:G309) -> #N/A | H110: million | I110: =[1]data!F111-'Urban population'!I110 -> #N/A | J110: =[1]data!G111-'Urban population'!J110 -> #N/A | K110: =[1]data!H111-'Urban population'!K110 -> #N/A | L110: =[1]data!I111-'Urban population'!L110 -> #N/A | M110: =[1]data!J111-'Urban population'!M110 -> #N/A | N110: =[1]data!K111-'Urban population'!N110 -> #N/A | O110: =[1]data!L111-'Urban population'!O110 -> #N/A | P110: =[1]data!M111-'Urban population'!P110 -> #N/A | ... AM110: =[1]data!AJ111-'Urban population'!AM110 -> #N/A
A111: IIASA-WiC POP 2023 | B111: SSP2 | C111: Morocco | D111: =_xlfn.XLOOKUP(C111,'[5]Country Codes'!$A$2:$A$267,'[5]Country Codes'!$B$2:$B$267) -> MAR | E111: =_xlfn.XLOOKUP(D111,[6]Feuil1!$C$2:$C$248,[6]Feuil1!$B$2:$B$248) -> MA | F111: Population | G111: =_xlfn.XLOOKUP(C111,'Urban population'!C111:C310,'Urban population'!G111:G310) -> Northern Africa | H111: million | I111: =[1]data!F112-'Urban population'!I111 -> 6.5140596 | J111: =[1]data!G112-'Urban population'!J111 -> 7.302394 | K111: =[1]data!H112-'Urban population'!K111 -> 8.1989164 | L111: =[1]data!I112-'Urban population'!L111 -> 8.9943606 | M111: =[1]data!J112-'Urban population'!M111 -> 9.8724868 | N111: =[1]data!K112-'Urban population'!N111 -> 10.659741 | O111: =[1]data!L112-'Urban population'!O111 -> 11.416507 | P111: =[1]data!M112-'Urban population'!P111 -> 12.186974 | ... AM111: =[1]data!AJ112-'Urban population'!AM111 -> 7.9357911
A112: IIASA-WiC POP 2023 | B112: SSP2 | C112: Moldova | D112: =_xlfn.XLOOKUP(C112,'[5]Country Codes'!$A$2:$A$267,'[5]Country Codes'!$B$2:$B$267) -> MDA | E112: =_xlfn.XLOOKUP(D112,[6]Feuil1!$C$2:$C$248,[6]Feuil1!$B$2:$B$248) -> MD | F112: Population | G112: =_xlfn.XLOOKUP(C112,'Urban population'!C112:C311,'Urban population'!G112:G311) -> Ukraine region | H112: million | I112: =[1]data!F113-'Urban population'!I112 -> 1.9079215 | J112: =[1]data!G113-'Urban population'!J112 -> 2.1212131 | K112: =[1]data!H113-'Urban population'!K112 -> 2.3684015 | L112: =[1]data!I113-'Urban population'!L112 -> 2.4973562 | M112: =[1]data!J113-'Urban population'!M112 -> 2.5060281 | N112: =[1]data!K113-'Urban population'!N112 -> 2.4836364 | O112: =[1]data!L113-'Urban population'!O112 -> 2.4348442 | P112: =[1]data!M113-'Urban population'!P112 -> 2.3887796 | ... AM112: =[1]data!AJ113-'Urban population'!AM112 -> 0.42510736
A113: IIASA-WiC POP 2023 | B113: SSP2 | C113: Madagascar | D113: =_xlfn.XLOOKUP(C113,'[5]Country Codes'!$A$2:$A$267,'[5]Country Codes'!$B$2:$B$267) -> MDG | E113: =_xlfn.XLOOKUP(D113,[6]Feuil1!$C$2:$C$248,[6]Feuil1!$B$2:$B$248) -> MG | F113: Population | G113: =_xlfn.XLOOKUP(C113,'Urban population'!C113:C312,'Urban population'!G113:G312) -> Eastern Africa | H113: million | I113: =[1]data!F114-'Urban population'!I113 -> 3.6013551 | J113: =[1]data!G114-'Urban population'!J113 -> 4.010388 | K113: =[1]data!H114-'Urban population'!K113 -> 4.4770027 | L113: =[1]data!I114-'Urban population'!L113 -> 4.9968328 | M113: =[1]data!J114-'Urban population'!M113 -> 5.6199998 | N113: =[1]data!K114-'Urban population'!N113 -> 6.3654068 | O113: =[1]data!L114-'Urban population'!O113 -> 7.1877458 | P113: =[1]data!M114-'Urban population'!P113 -> 8.0319896 | ... AM113: =[1]data!AJ114-'Urban population'!AM113 -> 19.177262
A114: IIASA-WiC POP 2023 | B114: SSP2 | C114: Maldives | D114: =_xlfn.XLOOKUP(C114,'[5]Country Codes'!$A$2:$A$267,'[5]Country Codes'!$B$2:$B$267) -> MDV | E114: =_xlfn.XLOOKUP(D114,[6]Feuil1!$C$2:$C$248,[6]Feuil1!$B$2:$B$248) -> MV | F114: Population | G114: =_xlfn.XLOOKUP(C114,'Urban population'!C114:C313,'Urban population'!G114:G313) -> Rest of South Asia | H114: million | I114: =[1]data!F115-'Urban population'!I114 -> 0.066012066 | J114: =[1]data!G115-'Urban population'!J114 -> 0.072159417 | K114: =[1]data!H115-'Urban population'!K114 -> 0.080379096 | L114: =[1]data!I115-'Urban population'!L114 -> 0.09068949 | M114: =[1]data!J115-'Urban population'!M114 -> 0.10692433 | N114: =[1]data!K115-'Urban population'!N114 -> 0.1165855 | O114: =[1]data!L115-'Urban population'!O114 -> 0.12628426 | P114: =[1]data!M115-'Urban population'!P114 -> 0.13936044 | ... AM114: =[1]data!AJ115-'Urban population'!AM114 -> 0.1659691
A115: IIASA-WiC POP 2023 | B115: SSP2 | C115: Mexico | D115: =_xlfn.XLOOKUP(C115,'[5]Country Codes'!$A$2:$A$267,'[5]Country Codes'!$B$2:$B$267) -> MEX | E115: =_xlfn.XLOOKUP(D115,[6]Feuil1!$C$2:$C$248,[6]Feuil1!$B$2:$B$248) -> MX | F115: Population | G115: =_xlfn.XLOOKUP(C115,'Urban population'!C115:C314,'Urban population'!G115:G314) -> Mexico | H115: million | I115: =[1]data!F116-'Urban population'!I115 -> 15.603684 | J115: =[1]data!G116-'Urban population'!J115 -> 16.536651 | K115: =[1]data!H116-'Urban population'!K115 -> 17.56662 | L115: =[1]data!I116-'Urban population'!L115 -> 18.952395 | M115: =[1]data!J116-'Urban population'!M115 -> 20.292581 | N115: =[1]data!K116-'Urban population'!N115 -> 21.505837 | O115: =[1]data!L116-'Urban population'!O115 -> 22.541973 | P115: =[1]data!M116-'Urban population'!P115 -> 22.997337 | ... AM115: =[1]data!AJ116-'Urban population'!AM115 -> 7.7298811
A116: IIASA-WiC POP 2023 | B116: SSP2 | C116: North Macedonia | D116: =_xlfn.XLOOKUP(C116,'[5]Country Codes'!$A$2:$A$267,'[5]Country Codes'!$B$2:$B$267) -> MKD | E116: =_xlfn.XLOOKUP(D116,[6]Feuil1!$C$2:$C$248,[6]Feuil1!$B$2:$B$248) -> MK | F116: Population | G116: =_xlfn.XLOOKUP(C116,'Urban population'!C116:C315,'Urban population'!G116:G315) -> Central Europe | H116: million | I116: =[1]data!F117-'Urban population'!I116 -> 0.94555883 | J116: =[1]data!G117-'Urban population'!J116 -> 0.98173696 | K116: =[1]data!H117-'Urban population'!K116 -> 0.9595938 | L116: =[1]data!I117-'Urban population'!L116 -> 0.91698355 | M116: =[1]data!J117-'Urban population'!M116 -> 0.87031768 | N116: =[1]data!K117-'Urban population'!N116 -> 0.87019483 | O116: =[1]data!L117-'Urban population'!O116 -> 0.88032917 | P116: =[1]data!M117-'Urban population'!P116 -> 0.88400517 | ... AM116: =[1]data!AJ117-'Urban population'!AM116 -> 0.27468492
... A145: IIASA-WiC POP 2023 | B145: SSP2 | C145: Puerto Rico | D145: =_xlfn.XLOOKUP(C145,'[5]Country Codes'!$A$2:$A$267,'[5]Country Codes'!$B$2:$B$267) -> PRI | E145: =_xlfn.XLOOKUP(D145,[6]Feuil1!$C$2:$C$248,[6]Feuil1!$B$2:$B$248) -> PR | F145: Population | G145: =_xlfn.XLOOKUP(C145,'Urban population'!C145:C344,'Urban population'!G145:G344) -> USA | H145: million | I145: =[1]data!F146-'Urban population'!I145 -> 1.3183212 | J145: =[1]data!G146-'Urban population'!J145 -> 1.3271593 | K145: =[1]data!H146-'Urban population'!K145 -> 1.3027809 | L145: =[1]data!I146-'Urban population'!L145 -> 1.2345646 | M145: =[1]data!J146-'Urban population'!M145 -> 1.1328572 | N145: =[1]data!K146-'Urban population'!N145 -> 1.0967442 | O145: =[1]data!L146-'Urban population'!O145 -> 1.0275674 | P145: =[1]data!M146-'Urban population'!P145 -> 0.53243661 | ... AM145: =[1]data!AJ146-'Urban population'!AM145 -> 0.036840254
A146: IIASA-WiC POP 2023 | B146: SSP2 | C146: North Korea | D146: PRK | E146: =_xlfn.XLOOKUP(D146,[6]Feuil1!$C$2:$C$248,[6]Feuil1!$B$2:$B$248) -> KP | F146: Population | G146: =_xlfn.XLOOKUP(C146,'Urban population'!C146:C345,'Urban population'!G146:G345) -> Korea region | H146: million | I146: =[1]data!F147-'Urban population'!I146 -> 7.8623727 | J146: =[1]data!G147-'Urban population'!J146 -> 6.6238211 | K146: =[1]data!H147-'Urban population'!K146 -> 6.8889199 | L146: =[1]data!I147-'Urban population'!L146 -> 7.1062313 | M146: =[1]data!J147-'Urban population'!M146 -> 6.778863 | N146: =[1]data!K147-'Urban population'!N146 -> 7.1808642 | O146: =[1]data!L147-'Urban population'!O146 -> 7.6912446 | P146: =[1]data!M147-'Urban population'!P146 -> 8.1338193 | ... AM146: =[1]data!AJ147-'Urban population'!AM146 -> 3.4038173
