Workbook

Sheet Sheet1
A1: years | B1: Canada | C1: USA | D1: Mexico | E1: Central America | F1: Brazil | G1: Rest of South America | H1: Northern Africa | I1: Western Africa | J1: Eastern Africa | K1: South Africa | L1: Western Europe | M1: Central Europe | N1: Turkey | O1: Ukraine region | P1: Central Asia | Q1: Russia Region | R1: Middle East | S1: India | T1: Korea | U1: China | V1: South Eastern Asia | W1: Indonesia Region | X1: Japan | Y1: Oceania | Z1: Rest of South Asia | AA1: Rest of Southern Africa
A2: 1971 | B2: 2.6821277e+11 | C2: 2.3750478e+12 | D2: 4.5003121e+10 | E2: 2.8255574e+10 | F2: 1.1962264e+11 | G2: 1.0294483e+11 | H2: 1.4789052e+10 | I2: 7.951347e+09 | J2: 5.4981983e+09 | K2: 2.8856992e+10 | L2: 1.5848755e+12 | M2: 1.9325191e+11 | N2: 3.408507e+10 | O2: 4.256072e+10 | P2: 1.819912e+10 | Q2: 1.0900599e+11 | R2: 3.5759544e+10 | S2: 3.2444165e+10 | T2: 1.5444468e+10 | U2: 3.7401154e+10 | V2: 4.8761643e+10 | W2: 1.4975725e+10 | X2: 3.0107699e+11 | Y2: 1.4279746e+11 | Z2: 9.8703842e+09 | AA2: 5.1378127e+09
A3: 1972 | B3: 2.7722337e+11 | C3: 2.4204238e+12 | D3: 4.7783808e+10 | E3: 2.8314964e+10 | F3: 1.321256e+11 | G3: 1.0825164e+11 | H3: 1.7435106e+10 | I3: 8.7636699e+09 | J3: 5.6970602e+09 | K3: 3.1137963e+10 | L3: 1.6592526e+12 | M3: 1.9826704e+11 | N3: 3.8390913e+10 | O3: 4.5985582e+10 | P3: 1.9799163e+10 | Q3: 1.1829012e+11 | R3: 3.9640701e+10 | S3: 3.4587066e+10 | T3: 1.5401573e+10 | U3: 4.3483122e+10 | V3: 5.0457755e+10 | W3: 1.5995776e+10 | X3: 3.1905535e+11 | Y3: 1.4896599e+11 | Z3: 1.0669803e+10 | AA3: 6.4007202e+09
A4: 1973 | B4: 2.9127609e+11 | C4: 2.4320913e+12 | D4: 5.2020284e+10 | E4: 3.0020079e+10 | F4: 1.5114795e+11 | G4: 1.1371796e+11 | H4: 1.847083e+10 | I4: 9.6687527e+09 | J4: 6.1891482e+09 | K4: 3.4235556e+10 | L4: 1.7268195e+12 | M4: 2.0814361e+11 | N4: 4.4385589e+10 | O4: 4.8780664e+10 | P4: 2.1166881e+10 | Q4: 1.2619637e+11 | R4: 4.5526729e+10 | S4: 3.6006334e+10 | T4: 1.6199725e+10 | U4: 5.0791829e+10 | V4: 5.3519298e+10 | W4: 1.697263e+10 | X4: 3.4466196e+11 | Y4: 1.5329566e+11 | Z4: 1.0899315e+10 | AA4: 6.1169761e+09
A5: 1974 | B5: 2.9293016e+11 | C5: 2.2879171e+12 | D5: 5.2645335e+10 | E5: 2.875101e+10 | F5: 1.5593258e+11 | G5: 1.1725492e+11 | H5: 2.0808475e+10 | I5: 1.0388742e+10 | J5: 6.1938837e+09 | K5: 3.2753251e+10 | L5: 1.6238491e+12 | M5: 2.0359935e+11 | N5: 4.677984e+10 | O5: 5.2391927e+10 | P5: 2.2886147e+10 | Q5: 1.3625316e+11 | R5: 5.0693386e+10 | S5: 4.1007872e+10 | T5: 1.4883062e+10 | U5: 5.9630975e+10 | V5: 5.1273714e+10 | W5: 1.9320064e+10 | X5: 3.3628579e+11 | Y5: 1.5393085e+11 | Z5: 1.082383e+10 | AA5: 5.4285207e+09
A6: 1975 | B6: 2.9186858e+11 | C6: 2.261334e+12 | D6: 5.3557911e+10 | E6: 2.9977628e+10 | F6: 1.6316245e+11 | G6: 1.2077499e+11 | H6: 2.2238899e+10 | I6: 1.2081633e+10 | J6: 5.8176164e+09 | K6: 3.5293737e+10 | L6: 1.6532148e+12 | M6: 2.1384054e+11 | N6: 5.7206117e+10 | O6: 5.7047856e+10 | P6: 2.5179817e+10 | Q6: 1.4967305e+11 | R6: 6.0692463e+10 | S6: 4.287748e+10 | T6: 1.5426976e+10 | U6: 6.5119053e+10 | V6: 5.3486924e+10 | W6: 2.1149892e+10 | X6: 3.4733262e+11 | Y6: 1.5517186e+11 | Z6: 1.1748168e+10 | AA6: 5.4307221e+09
A7: 1976 | B7: 2.9363863e+11 | C7: 2.3120823e+12 | D7: 5.7458746e+10 | E7: 3.1113875e+10 | F7: 1.6990689e+11 | G7: 1.2755862e+11 | H7: 2.5389792e+10 | I7: 1.4403128e+10 | J7: 5.7138966e+09 | K7: 3.4877576e+10 | L7: 1.6767081e+12 | M7: 2.1697637e+11 | N7: 6.2398304e+10 | O7: 6.1288005e+10 | P7: 2.7335483e+10 | Q7: 1.6224473e+11 | R7: 7.3280815e+10 | S7: 4.4944439e+10 | T7: 1.4838182e+10 | U7: 6.8271712e+10 | V7: 5.4581802e+10 | W7: 2.2160665e+10 | X7: 3.587574e+11 | Y7: 1.5361069e+11 | Z7: 1.2524919e+10 | AA7: 5.3072394e+09
A8: 1977 | B8: 2.8202194e+11 | C8: 2.3376098e+12 | D8: 6.1024651e+10 | E8: 3.2757541e+10 | F8: 1.6533358e+11 | G8: 1.3729362e+11 | H8: 2.9096267e+10 | I8: 1.8259727e+10 | J8: 6.3051285e+09 | K8: 3.2916257e+10 | L8: 1.6731806e+12 | M8: 2.185335e+11 | N8: 7.4816555e+10 | O8: 6.2394512e+10 | P8: 2.8160285e+10 | Q8: 1.6688125e+11 | R8: 8.8566009e+10 | S8: 4.8732143e+10 | T8: 1.7134178e+10 | U8: 7.5473539e+10 | V8: 5.7023714e+10 | W8: 2.4551263e+10 | X8: 3.6132101e+11 | Y8: 1.5384516e+11 | Z8: 1.3334044e+10 | AA8: 4.7915959e+09
A9: 1978 | B9: 2.7817679e+11 | C9: 2.3950716e+12 | D9: 6.6590817e+10 | E9: 3.4675001e+10 | F9: 1.768517e+11 | G9: 1.4993816e+11 | H9: 3.2816694e+10 | I9: 2.1805078e+10 | J9: 6.9365753e+09 | K9: 3.3477829e+10 | L9: 1.6912797e+12 | M9: 2.2051398e+11 | N9: 7.9366736e+10 | O9: 6.4427162e+10 | P9: 2.941517e+10 | Q9: 1.7404541e+11 | R9: 1.1038492e+11 | S9: 5.3997632e+10 | T9: 2.18374e+10 | U9: 8.5861061e+10 | V9: 6.0454695e+10 | W9: 2.7440887e+10 | X9: 3.7021893e+11 | Y9: 1.5193374e+11 | Z9: 1.5888739e+10 | AA9: 5.5682851e+09
A10: 1979 | B10: 2.7858543e+11 | C10: 2.3016514e+12 | D10: 7.814256e+10 | E10: 3.4489437e+10 | F10: 1.8248528e+11 | G10: 1.6297541e+11 | H10: 3.6551001e+10 | I10: 2.2363426e+10 | J10: 7.3019052e+09 | K10: 2.7679973e+10 | L10: 1.6643587e+12 | M10: 2.1610752e+11 | N10: 6.7083374e+10 | O10: 6.77753e+10 | P10: 3.1343234e+10 | Q10: 1.8514433e+11 | R10: 1.2826461e+11 | S10: 6.2890342e+10 | T10: 2.7031283e+10 | U10: 9.9167952e+10 | V10: 6.641009e+10 | W10: 3.0485723e+10 | X10: 3.7115644e+11 | Y10: 1.5018907e+11 | Z10: 1.8913677e+10 | AA10: 5.0345592e+09
A11: 1980 | B11: 2.7090728e+11 | C11: 2.165927e+12 | D11: 9.0661166e+10 | E11: 3.5151708e+10 | F11: 1.7168707e+11 | G11: 1.7457904e+11 | H11: 4.1945492e+10 | I11: 2.5565439e+10 | J11: 8.1436555e+09 | K11: 2.7507458e+10 | L11: 1.6052072e+12 | M11: 1.9982067e+11 | N11: 6.2537676e+10 | O11: 7.4051072e+10 | P11: 3.4669771e+10 | Q11: 2.044304e+11 | R11: 1.4022834e+11 | S11: 6.7676183e+10 | T11: 2.5706884e+10 | U11: 1.0050173e+11 | V11: 7.0129873e+10 | W11: 3.5461574e+10 | X11: 3.5893894e+11 | Y11: 1.4636354e+11 | Z11: 2.083343e+10 | AA11: 5.7789949e+09
A12: 1981 | B12: 2.6265652e+11 | C12: 2.2025879e+12 | D12: 1.0390993e+11 | E12: 3.5334997e+10 | F12: 1.6725161e+11 | G12: 1.8313673e+11 | H12: 4.7496678e+10 | I12: 2.7027645e+10 | J12: 8.0415485e+09 | K12: 2.9061382e+10 | L12: 1.5820513e+12 | M12: 1.8912862e+11 | N12: 6.0936007e+10 | O12: 7.5197734e+10 | P12: 3.5324153e+10 | Q12: 2.0800197e+11 | R12: 1.6284993e+11 | S12: 7.2002565e+10 | T12: 3.5573853e+10 | U12: 9.9145779e+10 | V12: 7.1994654e+10 | W12: 3.9981291e+10 | X12: 3.5777377e+11 | Y12: 1.4781379e+11 | Z12: 2.2265145e+10 | AA12: 5.9445424e+09
A13: 1982 | B13: 2.3280519e+11 | C13: 2.2374776e+12 | D13: 1.0744161e+11 | E13: 3.5170393e+10 | F13: 1.7362789e+11 | G13: 1.8836009e+11 | H13: 5.1331332e+10 | I13: 2.8890174e+10 | J13: 8.4274854e+09 | K13: 2.9907564e+10 | L13: 1.6007525e+12 | M13: 1.8403047e+11 | N13: 6.4649895e+10 | O13: 7.6159366e+10 | P13: 3.5887929e+10 | Q13: 2.1106211e+11 | R13: 1.9071169e+11 | S13: 5.502644e+10 | T13: 3.8412328e+10 | U13: 1.0829953e+11 | V13: 7.368484e+10 | W13: 4.3457762e+10 | X13: 3.4310888e+11 | Y13: 1.5331782e+11 | Z13: 2.5165879e+10 | AA13: 5.4286249e+09
... A131: 2100 | B131: 5.9339549e+11 | C131: 5.1143528e+12 | D131: 9.7968327e+11 | E131: 6.9046988e+11 | F131: 1.694777e+12 | G131: 1.6531745e+12 | H131: 2.2739359e+12 | I131: 6.037944e+12 | J131: 2.6036031e+12 | K131: 3.9537268e+11 | L131: 4.3086736e+12 | M131: 7.2334322e+11 | N131: 6.4350415e+11 | O131: 2.1432617e+11 | P131: 5.4221264e+11 | Q131: 8.6560731e+11 | R131: 3.2411781e+12 | S131: 6.1948338e+12 | T131: 3.9072318e+11 | U131: 5.1114901e+12 | V131: 2.5212416e+12 | W131: 1.6627326e+12 | X131: 7.3930828e+11 | Y131: 5.4648346e+11 | Z131: 3.2354942e+12 | AA131: 1.6739365e+12

Sheet Sheet2
A1: years | B1: Canada | C1: USA | D1: Mexico | E1: Central America | F1: Brazil | G1: Rest of South America | H1: Northern Africa | I1: Western Africa | J1: Eastern Africa | K1: South Africa | L1: Western Europe | M1: Central Europe | N1: Turkey | O1: Ukraine region | P1: Central Asia | Q1: Russia Region | R1: Middle East | S1: India | T1: Korea | U1: China | V1: South Eastern Asia | W1: Indonesia Region | X1: Japan | Y1: Oceania | Z1: Rest of South Asia | AA1: Rest of Southern Africa
A2: 1971 | B2: 2.6821277e+11 | C2: 2.3750478e+12 | D2: 4.5003121e+10 | E2: 2.8255574e+10 | F2: 1.1962264e+11 | G2: 1.0294483e+11 | H2: 1.4789052e+10 | I2: 7.951347e+09 | J2: 5.4981983e+09 | K2: 2.8856992e+10 | L2: 1.5848755e+12 | M2: 1.9325191e+11 | N2: 3.408507e+10 | O2: 4.256072e+10 | P2: 1.819912e+10 | Q2: 1.0900599e+11 | R2: 3.5759544e+10 | S2: 3.2444165e+10 | T2: 1.5444468e+10 | U2: 3.7401154e+10 | V2: 4.8761643e+10 | W2: 1.4975725e+10 | X2: 3.0107699e+11 | Y2: 1.4279746e+11 | Z2: 9.8703842e+09 | AA2: 5.1378127e+09
A3: 1972 | B3: 2.7722337e+11 | C3: 2.4204238e+12 | D3: 4.7783808e+10 | E3: 2.8314964e+10 | F3: 1.321256e+11 | G3: 1.0825164e+11 | H3: 1.7435106e+10 | I3: 8.7636699e+09 | J3: 5.6970602e+09 | K3: 3.1137963e+10 | L3: 1.6592526e+12 | M3: 1.9826704e+11 | N3: 3.8390913e+10 | O3: 4.5985582e+10 | P3: 1.9799163e+10 | Q3: 1.1829012e+11 | R3: 3.9640701e+10 | S3: 3.4587066e+10 | T3: 1.5401573e+10 | U3: 4.3483122e+10 | V3: 5.0457755e+10 | W3: 1.5995776e+10 | X3: 3.1905535e+11 | Y3: 1.4896599e+11 | Z3: 1.0669803e+10 | AA3: 6.4007202e+09
A4: 1973 | B4: 2.9127609e+11 | C4: 2.4320913e+12 | D4: 5.2020284e+10 | E4: 3.0020079e+10 | F4: 1.5114795e+11 | G4: 1.1371796e+11 | H4: 1.847083e+10 | I4: 9.6687527e+09 | J4: 6.1891482e+09 | K4: 3.4235556e+10 | L4: 1.7268195e+12 | M4: 2.0814361e+11 | N4: 4.4385589e+10 | O4: 4.8780664e+10 | P4: 2.1166881e+10 | Q4: 1.2619637e+11 | R4: 4.5526729e+10 | S4: 3.6006334e+10 | T4: 1.6199725e+10 | U4: 5.0791829e+10 | V4: 5.3519298e+10 | W4: 1.697263e+10 | X4: 3.4466196e+11 | Y4: 1.5329566e+11 | Z4: 1.0899315e+10 | AA4: 6.1169761e+09
A5: 1974 | B5: 2.9293016e+11 | C5: 2.2879171e+12 | D5: 5.2645335e+10 | E5: 2.875101e+10 | F5: 1.5593258e+11 | G5: 1.1725492e+11 | H5: 2.0808475e+10 | I5: 1.0388742e+10 | J5: 6.1938837e+09 | K5: 3.2753251e+10 | L5: 1.6238491e+12 | M5: 2.0359935e+11 | N5: 4.677984e+10 | O5: 5.2391927e+10 | P5: 2.2886147e+10 | Q5: 1.3625316e+11 | R5: 5.0693386e+10 | S5: 4.1007872e+10 | T5: 1.4883062e+10 | U5: 5.9630975e+10 | V5: 5.1273714e+10 | W5: 1.9320064e+10 | X5: 3.3628579e+11 | Y5: 1.5393085e+11 | Z5: 1.082383e+10 | AA5: 5.4285207e+09
A6: 1975 | B6: 2.9186858e+11 | C6: 2.261334e+12 | D6: 5.3557911e+10 | E6: 2.9977628e+10 | F6: 1.6316245e+11 | G6: 1.2077499e+11 | H6: 2.2238899e+10 | I6: 1.2081633e+10 | J6: 5.8176164e+09 | K6: 3.5293737e+10 | L6: 1.6532148e+12 | M6: 2.1384054e+11 | N6: 5.7206117e+10 | O6: 5.7047856e+10 | P6: 2.5179817e+10 | Q6: 1.4967305e+11 | R6: 6.0692463e+10 | S6: 4.287748e+10 | T6: 1.5426976e+10 | U6: 6.5119053e+10 | V6: 5.3486924e+10 | W6: 2.1149892e+10 | X6: 3.4733262e+11 | Y6: 1.5517186e+11 | Z6: 1.1748168e+10 | AA6: 5.4307221e+09
A7: 1976 | B7: 2.9363863e+11 | C7: 2.3120823e+12 | D7: 5.7458746e+10 | E7: 3.1113875e+10 | F7: 1.6990689e+11 | G7: 1.2755862e+11 | H7: 2.5389792e+10 | I7: 1.4403128e+10 | J7: 5.7138966e+09 | K7: 3.4877576e+10 | L7: 1.6767081e+12 | M7: 2.1697637e+11 | N7: 6.2398304e+10 | O7: 6.1288005e+10 | P7: 2.7335483e+10 | Q7: 1.6224473e+11 | R7: 7.3280815e+10 | S7: 4.4944439e+10 | T7: 1.4838182e+10 | U7: 6.8271712e+10 | V7: 5.4581802e+10 | W7: 2.2160665e+10 | X7: 3.587574e+11 | Y7: 1.5361069e+11 | Z7: 1.2524919e+10 | AA7: 5.3072394e+09
A8: 1977 | B8: 2.8202194e+11 | C8: 2.3376098e+12 | D8: 6.1024651e+10 | E8: 3.2757541e+10 | F8: 1.6533358e+11 | G8: 1.3729362e+11 | H8: 2.9096267e+10 | I8: 1.8259727e+10 | J8: 6.3051285e+09 | K8: 3.2916257e+10 | L8: 1.6731806e+12 | M8: 2.185335e+11 | N8: 7.4816555e+10 | O8: 6.2394512e+10 | P8: 2.8160285e+10 | Q8: 1.6688125e+11 | R8: 8.8566009e+10 | S8: 4.8732143e+10 | T8: 1.7134178e+10 | U8: 7.5473539e+10 | V8: 5.7023714e+10 | W8: 2.4551263e+10 | X8: 3.6132101e+11 | Y8: 1.5384516e+11 | Z8: 1.3334044e+10 | AA8: 4.7915959e+09
A9: 1978 | B9: 2.7817679e+11 | C9: 2.3950716e+12 | D9: 6.6590817e+10 | E9: 3.4675001e+10 | F9: 1.768517e+11 | G9: 1.4993816e+11 | H9: 3.2816694e+10 | I9: 2.1805078e+10 | J9: 6.9365753e+09 | K9: 3.3477829e+10 | L9: 1.6912797e+12 | M9: 2.2051398e+11 | N9: 7.9366736e+10 | O9: 6.4427162e+10 | P9: 2.941517e+10 | Q9: 1.7404541e+11 | R9: 1.1038492e+11 | S9: 5.3997632e+10 | T9: 2.18374e+10 | U9: 8.5861061e+10 | V9: 6.0454695e+10 | W9: 2.7440887e+10 | X9: 3.7021893e+11 | Y9: 1.5193374e+11 | Z9: 1.5888739e+10 | AA9: 5.5682851e+09
A10: 1979 | B10: 2.7858543e+11 | C10: 2.3016514e+12 | D10: 7.814256e+10 | E10: 3.4489437e+10 | F10: 1.8248528e+11 | G10: 1.6297541e+11 | H10: 3.6551001e+10 | I10: 2.2363426e+10 | J10: 7.3019052e+09 | K10: 2.7679973e+10 | L10: 1.6643587e+12 | M10: 2.1610752e+11 | N10: 6.7083374e+10 | O10: 6.77753e+10 | P10: 3.1343234e+10 | Q10: 1.8514433e+11 | R10: 1.2826461e+11 | S10: 6.2890342e+10 | T10: 2.7031283e+10 | U10: 9.9167952e+10 | V10: 6.641009e+10 | W10: 3.0485723e+10 | X10: 3.7115644e+11 | Y10: 1.5018907e+11 | Z10: 1.8913677e+10 | AA10: 5.0345592e+09
A11: 1980 | B11: 2.7090728e+11 | C11: 2.165927e+12 | D11: 9.0661166e+10 | E11: 3.5151708e+10 | F11: 1.7168707e+11 | G11: 1.7457904e+11 | H11: 4.1945492e+10 | I11: 2.5565439e+10 | J11: 8.1436555e+09 | K11: 2.7507458e+10 | L11: 1.6052072e+12 | M11: 1.9982067e+11 | N11: 6.2537676e+10 | O11: 7.4051072e+10 | P11: 3.4669771e+10 | Q11: 2.044304e+11 | R11: 1.4022834e+11 | S11: 6.7676183e+10 | T11: 2.5706884e+10 | U11: 1.0050173e+11 | V11: 7.0129873e+10 | W11: 3.5461574e+10 | X11: 3.5893894e+11 | Y11: 1.4636354e+11 | Z11: 2.083343e+10 | AA11: 5.7789949e+09
A12: 1981 | B12: 2.6265652e+11 | C12: 2.2025879e+12 | D12: 1.0390993e+11 | E12: 3.5334997e+10 | F12: 1.6725161e+11 | G12: 1.8313673e+11 | H12: 4.7496678e+10 | I12: 2.7027645e+10 | J12: 8.0415485e+09 | K12: 2.9061382e+10 | L12: 1.5820513e+12 | M12: 1.8912862e+11 | N12: 6.0936007e+10 | O12: 7.5197734e+10 | P12: 3.5324153e+10 | Q12: 2.0800197e+11 | R12: 1.6284993e+11 | S12: 7.2002565e+10 | T12: 3.5573853e+10 | U12: 9.9145779e+10 | V12: 7.1994654e+10 | W12: 3.9981291e+10 | X12: 3.5777377e+11 | Y12: 1.4781379e+11 | Z12: 2.2265145e+10 | AA12: 5.9445424e+09
A13: 1982 | B13: 2.3280519e+11 | C13: 2.2374776e+12 | D13: 1.0744161e+11 | E13: 3.5170393e+10 | F13: 1.7362789e+11 | G13: 1.8836009e+11 | H13: 5.1331332e+10 | I13: 2.8890174e+10 | J13: 8.4274854e+09 | K13: 2.9907564e+10 | L13: 1.6007525e+12 | M13: 1.8403047e+11 | N13: 6.4649895e+10 | O13: 7.6159366e+10 | P13: 3.5887929e+10 | Q13: 2.1106211e+11 | R13: 1.9071169e+11 | S13: 5.502644e+10 | T13: 3.8412328e+10 | U13: 1.0829953e+11 | V13: 7.368484e+10 | W13: 4.3457762e+10 | X13: 3.4310888e+11 | Y13: 1.5331782e+11 | Z13: 2.5165879e+10 | AA13: 5.4286249e+09
... A55: 2024 | B55: 6.6847455e+11 | C55: 5.8404357e+12 | D55: 4.8329411e+11 | E55: 1.6561579e+11 | F55: 8.6735195e+11 | G55: 6.558646e+11 | H55: 4.4067961e+11 | I55: 2.2684547e+11 | J55: 8.2816089e+10 | K55: 1.0824722e+11 | L55: 3.3709097e+12 | M55: 6.9924753e+11 | N55: 3.6304955e+11 | O55: 9.866717e+10 | P55: 1.0463972e+11 | Q55: 5.1013551e+11 | R55: 1.2767041e+12 | S55: 8.7443468e+11 | T55: 3.8126399e+11 | U55: 2.5003494e+12 | V55: 7.4519698e+11 | W55: 4.4575415e+11 | X55: 6.5593641e+11 | Y55: 4.2433045e+11 | Z55: 2.4489335e+11 | AA55: 6.8604666e+10
A56: 2025 | B56: =Sheet1!B56*Sheet3!B56 -> 6.6666898e+11 | C56: =Sheet1!C56*Sheet3!C56 -> 5.846638e+12 | D56: =Sheet1!D56*Sheet3!D56 -> 4.8449908e+11 | E56: =Sheet1!E56*Sheet3!E56 -> 1.6706889e+11 | F56: =Sheet1!F56*Sheet3!F56 -> 8.7049833e+11 | G56: =Sheet1!G56*Sheet3!G56 -> 6.597045e+11 | H56: =Sheet1!H56*Sheet3!H56 -> 4.4753302e+11 | I56: =Sheet1!I56*Sheet3!I56 -> 2.3002775e+11 | ... AA56: =Sheet1!AA56*Sheet3!AA56 -> 6.9508447e+10
A57: 2026 | B57: =Sheet1!B57*Sheet3!B57 -> 6.7384323e+11 | C57: =Sheet1!C57*Sheet3!C57 -> 5.9234141e+12 | D57: =Sheet1!D57*Sheet3!D57 -> 4.9789033e+11 | E57: =Sheet1!E57*Sheet3!E57 -> 1.7387637e+11 | F57: =Sheet1!F57*Sheet3!F57 -> 8.8802802e+11 | G57: =Sheet1!G57*Sheet3!G57 -> 6.795577e+11 | H57: =Sheet1!H57*Sheet3!H57 -> 4.667768e+11 | I57: =Sheet1!I57*Sheet3!I57 -> 2.4234247e+11 | ... AA57: =Sheet1!AA57*Sheet3!AA57 -> 7.3206001e+10
A58: 2027 | B58: =Sheet1!B58*Sheet3!B58 -> 6.795194e+11 | C58: =Sheet1!C58*Sheet3!C58 -> 5.9263049e+12 | D58: =Sheet1!D58*Sheet3!D58 -> 4.9968413e+11 | E58: =Sheet1!E58*Sheet3!E58 -> 1.7776159e+11 | F58: =Sheet1!F58*Sheet3!F58 -> 9.0123175e+11 | G58: =Sheet1!G58*Sheet3!G58 -> 6.9258025e+11 | H58: =Sheet1!H58*Sheet3!H58 -> 4.7744567e+11 | I58: =Sheet1!I58*Sheet3!I58 -> 2.5127303e+11 | ... AA58: =Sheet1!AA58*Sheet3!AA58 -> 7.5994397e+10
A59: 2028 | B59: =Sheet1!B59*Sheet3!B59 -> 6.8539943e+11 | C59: =Sheet1!C59*Sheet3!C59 -> 5.9235047e+12 | D59: =Sheet1!D59*Sheet3!D59 -> 5.0454608e+11 | E59: =Sheet1!E59*Sheet3!E59 -> 1.8248169e+11 | F59: =Sheet1!F59*Sheet3!F59 -> 9.1515698e+11 | G59: =Sheet1!G59*Sheet3!G59 -> 7.0652711e+11 | H59: =Sheet1!H59*Sheet3!H59 -> 4.9059765e+11 | I59: =Sheet1!I59*Sheet3!I59 -> 2.616616e+11 | ... AA59: =Sheet1!AA59*Sheet3!AA59 -> 7.9695482e+10
A60: 2029 | B60: =Sheet1!B60*Sheet3!B60 -> 6.9015663e+11 | C60: =Sheet1!C60*Sheet3!C60 -> 5.9107813e+12 | D60: =Sheet1!D60*Sheet3!D60 -> 5.0823646e+11 | E60: =Sheet1!E60*Sheet3!E60 -> 1.8653667e+11 | F60: =Sheet1!F60*Sheet3!F60 -> 9.2829949e+11 | G60: =Sheet1!G60*Sheet3!G60 -> 7.2185001e+11 | H60: =Sheet1!H60*Sheet3!H60 -> 5.0690961e+11 | I60: =Sheet1!I60*Sheet3!I60 -> 2.7502125e+11 | ... AA60: =Sheet1!AA60*Sheet3!AA60 -> 8.3672458e+10
A61: 2030 | B61: =Sheet1!B61*Sheet3!B61 -> 6.93453e+11 | C61: =Sheet1!C61*Sheet3!C61 -> 5.8752289e+12 | D61: =Sheet1!D61*Sheet3!D61 -> 5.1135953e+11 | E61: =Sheet1!E61*Sheet3!E61 -> 1.9033377e+11 | F61: =Sheet1!F61*Sheet3!F61 -> 9.4015698e+11 | G61: =Sheet1!G61*Sheet3!G61 -> 7.3530895e+11 | H61: =Sheet1!H61*Sheet3!H61 -> 5.2150156e+11 | I61: =Sheet1!I61*Sheet3!I61 -> 2.8732695e+11 | ... AA61: =Sheet1!AA61*Sheet3!AA61 -> 8.7519511e+10
A62: 2031 | B62: =Sheet1!B62*Sheet3!B62 -> 6.9421824e+11 | C62: =Sheet1!C62*Sheet3!C62 -> 5.8231408e+12 | D62: =Sheet1!D62*Sheet3!D62 -> 5.09935e+11 | E62: =Sheet1!E62*Sheet3!E62 -> 1.9179257e+11 | F62: =Sheet1!F62*Sheet3!F62 -> 9.4692518e+11 | G62: =Sheet1!G62*Sheet3!G62 -> 7.4247035e+11 | H62: =Sheet1!H62*Sheet3!H62 -> 5.3053495e+11 | I62: =Sheet1!I62*Sheet3!I62 -> 2.9761496e+11 | ... AA62: =Sheet1!AA62*Sheet3!AA62 -> 9.0570002e+10
A63: 2032 | B63: =Sheet1!B63*Sheet3!B63 -> 6.9494964e+11 | C63: =Sheet1!C63*Sheet3!C63 -> 5.7919375e+12 | D63: =Sheet1!D63*Sheet3!D63 -> 5.1586265e+11 | E63: =Sheet1!E63*Sheet3!E63 -> 1.9467904e+11 | F63: =Sheet1!F63*Sheet3!F63 -> 9.5570499e+11 | G63: =Sheet1!G63*Sheet3!G63 -> 7.5169479e+11 | H63: =Sheet1!H63*Sheet3!H63 -> 5.4231792e+11 | I63: =Sheet1!I63*Sheet3!I63 -> 3.0844703e+11 | ... AA63: =Sheet1!AA63*Sheet3!AA63 -> 9.3783784e+10
A64: 2033 | B64: =Sheet1!B64*Sheet3!B64 -> 6.9548673e+11 | C64: =Sheet1!C64*Sheet3!C64 -> 5.7638095e+12 | D64: =Sheet1!D64*Sheet3!D64 -> 5.1868402e+11 | E64: =Sheet1!E64*Sheet3!E64 -> 1.9694312e+11 | F64: =Sheet1!F64*Sheet3!F64 -> 9.6436926e+11 | G64: =Sheet1!G64*Sheet3!G64 -> 7.6023964e+11 | H64: =Sheet1!H64*Sheet3!H64 -> 5.5369105e+11 | I64: =Sheet1!I64*Sheet3!I64 -> 3.1898314e+11 | ... AA64: =Sheet1!AA64*Sheet3!AA64 -> 9.6859835e+10
A65: 2034 | B65: =Sheet1!B65*Sheet3!B65 -> 6.9698214e+11 | C65: =Sheet1!C65*Sheet3!C65 -> 5.764764e+12 | D65: =Sheet1!D65*Sheet3!D65 -> 5.2271918e+11 | E65: =Sheet1!E65*Sheet3!E65 -> 2.0026056e+11 | F65: =Sheet1!F65*Sheet3!F65 -> 9.7480954e+11 | G65: =Sheet1!G65*Sheet3!G65 -> 7.7143602e+11 | H65: =Sheet1!H65*Sheet3!H65 -> 5.6677708e+11 | I65: =Sheet1!I65*Sheet3!I65 -> 3.3044055e+11 | ... AA65: =Sheet1!AA65*Sheet3!AA65 -> 1.0032648e+11
A66: 2035 | B66: =Sheet1!B66*Sheet3!B66 -> 6.9938215e+11 | C66: =Sheet1!C66*Sheet3!C66 -> 5.7587373e+12 | D66: =Sheet1!D66*Sheet3!D66 -> 5.2634469e+11 | E66: =Sheet1!E66*Sheet3!E66 -> 2.0417827e+11 | F66: =Sheet1!F66*Sheet3!F66 -> 9.8709797e+11 | G66: =Sheet1!G66*Sheet3!G66 -> 7.8435716e+11 | H66: =Sheet1!H66*Sheet3!H66 -> 5.8115102e+11 | I66: =Sheet1!I66*Sheet3!I66 -> 3.4316197e+11 | ... AA66: =Sheet1!AA66*Sheet3!AA66 -> 1.041682e+11
A67: 2036 | B67: =Sheet1!B67*Sheet3!B67 -> 7.0224285e+11 | C67: =Sheet1!C67*Sheet3!C67 -> 5.7294679e+12 | D67: =Sheet1!D67*Sheet3!D67 -> 5.3070484e+11 | E67: =Sheet1!E67*Sheet3!E67 -> 2.0939733e+11 | F67: =Sheet1!F67*Sheet3!F67 -> 1.0046085e+12 | G67: =Sheet1!G67*Sheet3!G67 -> 8.0232614e+11 | H67: =Sheet1!H67*Sheet3!H67 -> 6.0047395e+11 | I67: =Sheet1!I67*Sheet3!I67 -> 3.6207888e+11 | ... AA67: =Sheet1!AA67*Sheet3!AA67 -> 1.0981947e+11
... A131: 2100 | B131: =Sheet1!B131*Sheet3!B131 -> 5.3405594e+11 | C131: =Sheet1!C131*Sheet3!C131 -> 4.6029175e+12 | D131: =Sheet1!D131*Sheet3!D131 -> 8.8171494e+11 | E131: =Sheet1!E131*Sheet3!E131 -> 6.2142289e+11 | F131: =Sheet1!F131*Sheet3!F131 -> 1.5252993e+12 | G131: =Sheet1!G131*Sheet3!G131 -> 1.487857e+12 | H131: =Sheet1!H131*Sheet3!H131 -> 2.0465423e+12 | I131: =Sheet1!I131*Sheet3!I131 -> 5.4341496e+12 | ... AA131: =Sheet1!AA131*Sheet3!AA131 -> 1.5065428e+12

Sheet Sheet3
A1: years | B1: Canada | C1: USA | D1: Mexico | E1: Central America | F1: Brazil | G1: Rest of South America | H1: Northern Africa | I1: Western Africa | J1: Eastern Africa | K1: South Africa | L1: Western Europe | M1: Central Europe | N1: Turkey | O1: Ukraine region | P1: Central Asia | Q1: Russia Region | R1: Middle East | S1: India | T1: Korea | U1: China | V1: South Eastern Asia | W1: Indonesia Region | X1: Japan | Y1: Oceania | Z1: Rest of South Asia | AA1: Rest of Southern Africa
A2: 1971 | B2: 2.6821277e+11 | C2: 2.3750478e+12 | D2: 4.5003121e+10 | E2: 2.8255574e+10 | F2: 1.1962264e+11 | G2: 1.0294483e+11 | H2: 1.4789052e+10 | I2: 7.951347e+09 | J2: 5.4981983e+09 | K2: 2.8856992e+10 | L2: 1.5848755e+12 | M2: 1.9325191e+11 | N2: 3.408507e+10 | O2: 4.256072e+10 | P2: 1.819912e+10 | Q2: 1.0900599e+11 | R2: 3.5759544e+10 | S2: 3.2444165e+10 | T2: 1.5444468e+10 | U2: 3.7401154e+10 | V2: 4.8761643e+10 | W2: 1.4975725e+10 | X2: 3.0107699e+11 | Y2: 1.4279746e+11 | Z2: 9.8703842e+09 | AA2: 5.1378127e+09
A3: 1972 | B3: 2.7722337e+11 | C3: 2.4204238e+12 | D3: 4.7783808e+10 | E3: 2.8314964e+10 | F3: 1.321256e+11 | G3: 1.0825164e+11 | H3: 1.7435106e+10 | I3: 8.7636699e+09 | J3: 5.6970602e+09 | K3: 3.1137963e+10 | L3: 1.6592526e+12 | M3: 1.9826704e+11 | N3: 3.8390913e+10 | O3: 4.5985582e+10 | P3: 1.9799163e+10 | Q3: 1.1829012e+11 | R3: 3.9640701e+10 | S3: 3.4587066e+10 | T3: 1.5401573e+10 | U3: 4.3483122e+10 | V3: 5.0457755e+10 | W3: 1.5995776e+10 | X3: 3.1905535e+11 | Y3: 1.4896599e+11 | Z3: 1.0669803e+10 | AA3: 6.4007202e+09
A4: 1973 | B4: 2.9127609e+11 | C4: 2.4320913e+12 | D4: 5.2020284e+10 | E4: 3.0020079e+10 | F4: 1.5114795e+11 | G4: 1.1371796e+11 | H4: 1.847083e+10 | I4: 9.6687527e+09 | J4: 6.1891482e+09 | K4: 3.4235556e+10 | L4: 1.7268195e+12 | M4: 2.0814361e+11 | N4: 4.4385589e+10 | O4: 4.8780664e+10 | P4: 2.1166881e+10 | Q4: 1.2619637e+11 | R4: 4.5526729e+10 | S4: 3.6006334e+10 | T4: 1.6199725e+10 | U4: 5.0791829e+10 | V4: 5.3519298e+10 | W4: 1.697263e+10 | X4: 3.4466196e+11 | Y4: 1.5329566e+11 | Z4: 1.0899315e+10 | AA4: 6.1169761e+09
A5: 1974 | B5: 2.9293016e+11 | C5: 2.2879171e+12 | D5: 5.2645335e+10 | E5: 2.875101e+10 | F5: 1.5593258e+11 | G5: 1.1725492e+11 | H5: 2.0808475e+10 | I5: 1.0388742e+10 | J5: 6.1938837e+09 | K5: 3.2753251e+10 | L5: 1.6238491e+12 | M5: 2.0359935e+11 | N5: 4.677984e+10 | O5: 5.2391927e+10 | P5: 2.2886147e+10 | Q5: 1.3625316e+11 | R5: 5.0693386e+10 | S5: 4.1007872e+10 | T5: 1.4883062e+10 | U5: 5.9630975e+10 | V5: 5.1273714e+10 | W5: 1.9320064e+10 | X5: 3.3628579e+11 | Y5: 1.5393085e+11 | Z5: 1.082383e+10 | AA5: 5.4285207e+09
A6: 1975 | B6: 2.9186858e+11 | C6: 2.261334e+12 | D6: 5.3557911e+10 | E6: 2.9977628e+10 | F6: 1.6316245e+11 | G6: 1.2077499e+11 | H6: 2.2238899e+10 | I6: 1.2081633e+10 | J6: 5.8176164e+09 | K6: 3.5293737e+10 | L6: 1.6532148e+12 | M6: 2.1384054e+11 | N6: 5.7206117e+10 | O6: 5.7047856e+10 | P6: 2.5179817e+10 | Q6: 1.4967305e+11 | R6: 6.0692463e+10 | S6: 4.287748e+10 | T6: 1.5426976e+10 | U6: 6.5119053e+10 | V6: 5.3486924e+10 | W6: 2.1149892e+10 | X6: 3.4733262e+11 | Y6: 1.5517186e+11 | Z6: 1.1748168e+10 | AA6: 5.4307221e+09
A7: 1976 | B7: 2.9363863e+11 | C7: 2.3120823e+12 | D7: 5.7458746e+10 | E7: 3.1113875e+10 | F7: 1.6990689e+11 | G7: 1.2755862e+11 | H7: 2.5389792e+10 | I7: 1.4403128e+10 | J7: 5.7138966e+09 | K7: 3.4877576e+10 | L7: 1.6767081e+12 | M7: 2.1697637e+11 | N7: 6.2398304e+10 | O7: 6.1288005e+10 | P7: 2.7335483e+10 | Q7: 1.6224473e+11 | R7: 7.3280815e+10 | S7: 4.4944439e+10 | T7: 1.4838182e+10 | U7: 6.8271712e+10 | V7: 5.4581802e+10 | W7: 2.2160665e+10 | X7: 3.587574e+11 | Y7: 1.5361069e+11 | Z7: 1.2524919e+10 | AA7: 5.3072394e+09
A8: 1977 | B8: 2.8202194e+11 | C8: 2.3376098e+12 | D8: 6.1024651e+10 | E8: 3.2757541e+10 | F8: 1.6533358e+11 | G8: 1.3729362e+11 | H8: 2.9096267e+10 | I8: 1.8259727e+10 | J8: 6.3051285e+09 | K8: 3.2916257e+10 | L8: 1.6731806e+12 | M8: 2.185335e+11 | N8: 7.4816555e+10 | O8: 6.2394512e+10 | P8: 2.8160285e+10 | Q8: 1.6688125e+11 | R8: 8.8566009e+10 | S8: 4.8732143e+10 | T8: 1.7134178e+10 | U8: 7.5473539e+10 | V8: 5.7023714e+10 | W8: 2.4551263e+10 | X8: 3.6132101e+11 | Y8: 1.5384516e+11 | Z8: 1.3334044e+10 | AA8: 4.7915959e+09
A9: 1978 | B9: 2.7817679e+11 | C9: 2.3950716e+12 | D9: 6.6590817e+10 | E9: 3.4675001e+10 | F9: 1.768517e+11 | G9: 1.4993816e+11 | H9: 3.2816694e+10 | I9: 2.1805078e+10 | J9: 6.9365753e+09 | K9: 3.3477829e+10 | L9: 1.6912797e+12 | M9: 2.2051398e+11 | N9: 7.9366736e+10 | O9: 6.4427162e+10 | P9: 2.941517e+10 | Q9: 1.7404541e+11 | R9: 1.1038492e+11 | S9: 5.3997632e+10 | T9: 2.18374e+10 | U9: 8.5861061e+10 | V9: 6.0454695e+10 | W9: 2.7440887e+10 | X9: 3.7021893e+11 | Y9: 1.5193374e+11 | Z9: 1.5888739e+10 | AA9: 5.5682851e+09
A10: 1979 | B10: 2.7858543e+11 | C10: 2.3016514e+12 | D10: 7.814256e+10 | E10: 3.4489437e+10 | F10: 1.8248528e+11 | G10: 1.6297541e+11 | H10: 3.6551001e+10 | I10: 2.2363426e+10 | J10: 7.3019052e+09 | K10: 2.7679973e+10 | L10: 1.6643587e+12 | M10: 2.1610752e+11 | N10: 6.7083374e+10 | O10: 6.77753e+10 | P10: 3.1343234e+10 | Q10: 1.8514433e+11 | R10: 1.2826461e+11 | S10: 6.2890342e+10 | T10: 2.7031283e+10 | U10: 9.9167952e+10 | V10: 6.641009e+10 | W10: 3.0485723e+10 | X10: 3.7115644e+11 | Y10: 1.5018907e+11 | Z10: 1.8913677e+10 | AA10: 5.0345592e+09
A11: 1980 | B11: 2.7090728e+11 | C11: 2.165927e+12 | D11: 9.0661166e+10 | E11: 3.5151708e+10 | F11: 1.7168707e+11 | G11: 1.7457904e+11 | H11: 4.1945492e+10 | I11: 2.5565439e+10 | J11: 8.1436555e+09 | K11: 2.7507458e+10 | L11: 1.6052072e+12 | M11: 1.9982067e+11 | N11: 6.2537676e+10 | O11: 7.4051072e+10 | P11: 3.4669771e+10 | Q11: 2.044304e+11 | R11: 1.4022834e+11 | S11: 6.7676183e+10 | T11: 2.5706884e+10 | U11: 1.0050173e+11 | V11: 7.0129873e+10 | W11: 3.5461574e+10 | X11: 3.5893894e+11 | Y11: 1.4636354e+11 | Z11: 2.083343e+10 | AA11: 5.7789949e+09
A12: 1981 | B12: 2.6265652e+11 | C12: 2.2025879e+12 | D12: 1.0390993e+11 | E12: 3.5334997e+10 | F12: 1.6725161e+11 | G12: 1.8313673e+11 | H12: 4.7496678e+10 | I12: 2.7027645e+10 | J12: 8.0415485e+09 | K12: 2.9061382e+10 | L12: 1.5820513e+12 | M12: 1.8912862e+11 | N12: 6.0936007e+10 | O12: 7.5197734e+10 | P12: 3.5324153e+10 | Q12: 2.0800197e+11 | R12: 1.6284993e+11 | S12: 7.2002565e+10 | T12: 3.5573853e+10 | U12: 9.9145779e+10 | V12: 7.1994654e+10 | W12: 3.9981291e+10 | X12: 3.5777377e+11 | Y12: 1.4781379e+11 | Z12: 2.2265145e+10 | AA12: 5.9445424e+09
A13: 1982 | B13: 2.3280519e+11 | C13: 2.2374776e+12 | D13: 1.0744161e+11 | E13: 3.5170393e+10 | F13: 1.7362789e+11 | G13: 1.8836009e+11 | H13: 5.1331332e+10 | I13: 2.8890174e+10 | J13: 8.4274854e+09 | K13: 2.9907564e+10 | L13: 1.6007525e+12 | M13: 1.8403047e+11 | N13: 6.4649895e+10 | O13: 7.6159366e+10 | P13: 3.5887929e+10 | Q13: 2.1106211e+11 | R13: 1.9071169e+11 | S13: 5.502644e+10 | T13: 3.8412328e+10 | U13: 1.0829953e+11 | V13: 7.368484e+10 | W13: 4.3457762e+10 | X13: 3.4310888e+11 | Y13: 1.5331782e+11 | Z13: 2.5165879e+10 | AA13: 5.4286249e+09
... A55: 2024 | B55: 1 | C55: 1 | D55: 1 | E55: 1 | F55: 1 | G55: 1 | H55: 1 | I55: 1 | J55: 1 | K55: 1 | L55: 1 | M55: 1 | N55: 1 | O55: 1 | P55: 1 | Q55: 1 | R55: 1 | S55: 1 | T55: 1 | U55: 1 | V55: 1 | W55: 1 | X55: 1 | Y55: 1 | Z55: 1 | AA55: 1
A56: 2025 | B56: =(B$101-B$55)/44+B55 -> 0.99772727 | C56: =(C$101-C$55)/44+C55 -> 0.99772727 | D56: =(D$101-D$55)/44+D55 -> 0.99772727 | E56: =(E$101-E$55)/44+E55 -> 0.99772727 | F56: =(F$101-F$55)/44+F55 -> 0.99772727 | G56: =(G$101-G$55)/44+G55 -> 0.99772727 | H56: =(H$101-H$55)/44+H55 -> 0.99772727 | I56: =(I$101-I$55)/44+I55 -> 0.99772727 | ... AA56: =(AA$101-AA$55)/44+AA55 -> 0.99772727
A57: 2026 | B57: =(B$101-B$55)/44+B56 -> 0.99545455 | C57: =(C$101-C$55)/44+C56 -> 0.99545455 | D57: =(D$101-D$55)/44+D56 -> 0.99545455 | E57: =(E$101-E$55)/44+E56 -> 0.99545455 | F57: =(F$101-F$55)/44+F56 -> 0.99545455 | G57: =(G$101-G$55)/44+G56 -> 0.99545455 | H57: =(H$101-H$55)/44+H56 -> 0.99545455 | I57: =(I$101-I$55)/44+I56 -> 0.99545455 | ... AA57: =(AA$101-AA$55)/44+AA56 -> 0.99545455
A58: 2027 | B58: =(B$101-B$55)/44+B57 -> 0.99318182 | C58: =(C$101-C$55)/44+C57 -> 0.99318182 | D58: =(D$101-D$55)/44+D57 -> 0.99318182 | E58: =(E$101-E$55)/44+E57 -> 0.99318182 | F58: =(F$101-F$55)/44+F57 -> 0.99318182 | G58: =(G$101-G$55)/44+G57 -> 0.99318182 | H58: =(H$101-H$55)/44+H57 -> 0.99318182 | I58: =(I$101-I$55)/44+I57 -> 0.99318182 | ... AA58: =(AA$101-AA$55)/44+AA57 -> 0.99318182
A59: 2028 | B59: =(B$101-B$55)/44+B58 -> 0.99090909 | C59: =(C$101-C$55)/44+C58 -> 0.99090909 | D59: =(D$101-D$55)/44+D58 -> 0.99090909 | E59: =(E$101-E$55)/44+E58 -> 0.99090909 | F59: =(F$101-F$55)/44+F58 -> 0.99090909 | G59: =(G$101-G$55)/44+G58 -> 0.99090909 | H59: =(H$101-H$55)/44+H58 -> 0.99090909 | I59: =(I$101-I$55)/44+I58 -> 0.99090909 | ... AA59: =(AA$101-AA$55)/44+AA58 -> 0.99090909
A60: 2029 | B60: =(B$101-B$55)/44+B59 -> 0.98863636 | C60: =(C$101-C$55)/44+C59 -> 0.98863636 | D60: =(D$101-D$55)/44+D59 -> 0.98863636 | E60: =(E$101-E$55)/44+E59 -> 0.98863636 | F60: =(F$101-F$55)/44+F59 -> 0.98863636 | G60: =(G$101-G$55)/44+G59 -> 0.98863636 | H60: =(H$101-H$55)/44+H59 -> 0.98863636 | I60: =(I$101-I$55)/44+I59 -> 0.98863636 | ... AA60: =(AA$101-AA$55)/44+AA59 -> 0.98863636
A61: 2030 | B61: =(B$101-B$55)/44+B60 -> 0.98636364 | C61: =(C$101-C$55)/44+C60 -> 0.98636364 | D61: =(D$101-D$55)/44+D60 -> 0.98636364 | E61: =(E$101-E$55)/44+E60 -> 0.98636364 | F61: =(F$101-F$55)/44+F60 -> 0.98636364 | G61: =(G$101-G$55)/44+G60 -> 0.98636364 | H61: =(H$101-H$55)/44+H60 -> 0.98636364 | I61: =(I$101-I$55)/44+I60 -> 0.98636364 | ... AA61: =(AA$101-AA$55)/44+AA60 -> 0.98636364
A62: 2031 | B62: =(B$101-B$55)/44+B61 -> 0.98409091 | C62: =(C$101-C$55)/44+C61 -> 0.98409091 | D62: =(D$101-D$55)/44+D61 -> 0.98409091 | E62: =(E$101-E$55)/44+E61 -> 0.98409091 | F62: =(F$101-F$55)/44+F61 -> 0.98409091 | G62: =(G$101-G$55)/44+G61 -> 0.98409091 | H62: =(H$101-H$55)/44+H61 -> 0.98409091 | I62: =(I$101-I$55)/44+I61 -> 0.98409091 | ... AA62: =(AA$101-AA$55)/44+AA61 -> 0.98409091
A63: 2032 | B63: =(B$101-B$55)/44+B62 -> 0.98181818 | C63: =(C$101-C$55)/44+C62 -> 0.98181818 | D63: =(D$101-D$55)/44+D62 -> 0.98181818 | E63: =(E$101-E$55)/44+E62 -> 0.98181818 | F63: =(F$101-F$55)/44+F62 -> 0.98181818 | G63: =(G$101-G$55)/44+G62 -> 0.98181818 | H63: =(H$101-H$55)/44+H62 -> 0.98181818 | I63: =(I$101-I$55)/44+I62 -> 0.98181818 | ... AA63: =(AA$101-AA$55)/44+AA62 -> 0.98181818
A64: 2033 | B64: =(B$101-B$55)/44+B63 -> 0.97954545 | C64: =(C$101-C$55)/44+C63 -> 0.97954545 | D64: =(D$101-D$55)/44+D63 -> 0.97954545 | E64: =(E$101-E$55)/44+E63 -> 0.97954545 | F64: =(F$101-F$55)/44+F63 -> 0.97954545 | G64: =(G$101-G$55)/44+G63 -> 0.97954545 | H64: =(H$101-H$55)/44+H63 -> 0.97954545 | I64: =(I$101-I$55)/44+I63 -> 0.97954545 | ... AA64: =(AA$101-AA$55)/44+AA63 -> 0.97954545
A65: 2034 | B65: =(B$101-B$55)/44+B64 -> 0.97727273 | C65: =(C$101-C$55)/44+C64 -> 0.97727273 | D65: =(D$101-D$55)/44+D64 -> 0.97727273 | E65: =(E$101-E$55)/44+E64 -> 0.97727273 | F65: =(F$101-F$55)/44+F64 -> 0.97727273 | G65: =(G$101-G$55)/44+G64 -> 0.97727273 | H65: =(H$101-H$55)/44+H64 -> 0.97727273 | I65: =(I$101-I$55)/44+I64 -> 0.97727273 | ... AA65: =(AA$101-AA$55)/44+AA64 -> 0.97727273
A66: 2035 | B66: =(B$101-B$55)/44+B65 -> 0.975 | C66: =(C$101-C$55)/44+C65 -> 0.975 | D66: =(D$101-D$55)/44+D65 -> 0.975 | E66: =(E$101-E$55)/44+E65 -> 0.975 | F66: =(F$101-F$55)/44+F65 -> 0.975 | G66: =(G$101-G$55)/44+G65 -> 0.975 | H66: =(H$101-H$55)/44+H65 -> 0.975 | I66: =(I$101-I$55)/44+I65 -> 0.975 | ... AA66: =(AA$101-AA$55)/44+AA65 -> 0.975
A67: 2036 | B67: =(B$101-B$55)/44+B66 -> 0.97272727 | C67: =(C$101-C$55)/44+C66 -> 0.97272727 | D67: =(D$101-D$55)/44+D66 -> 0.97272727 | E67: =(E$101-E$55)/44+E66 -> 0.97272727 | F67: =(F$101-F$55)/44+F66 -> 0.97272727 | G67: =(G$101-G$55)/44+G66 -> 0.97272727 | H67: =(H$101-H$55)/44+H66 -> 0.97272727 | I67: =(I$101-I$55)/44+I66 -> 0.97272727 | ... AA67: =(AA$101-AA$55)/44+AA66 -> 0.97272727
... A100: 2069 | B100: =(B$101-B$55)/44+B99 -> 0.89772727 | C100: =(C$101-C$55)/44+C99 -> 0.89772727 | D100: =(D$101-D$55)/44+D99 -> 0.89772727 | E100: =(E$101-E$55)/44+E99 -> 0.89772727 | F100: =(F$101-F$55)/44+F99 -> 0.89772727 | G100: =(G$101-G$55)/44+G99 -> 0.89772727 | H100: =(H$101-H$55)/44+H99 -> 0.89772727 | I100: =(I$101-I$55)/44+I99 -> 0.89772727 | ... AA100: =(AA$101-AA$55)/44+AA99 -> 0.89772727
A101: 2070 | B101: 0.9 | C101: 0.9 | D101: 0.9 | E101: 0.9 | F101: 0.9 | G101: 0.9 | H101: 0.9 | I101: 0.9 | J101: 0.9 | K101: 0.9 | L101: 0.9 | M101: 0.9 | N101: 0.9 | O101: 0.9 | P101: 0.9 | Q101: 0.9 | R101: 0.9 | S101: 0.9 | T101: 0.9 | U101: 0.9 | V101: 0.9 | W101: 0.9 | X101: 0.9 | Y101: 0.9 | Z101: 0.9 | AA101: 0.9
A102: 2071 | B102: 0.9 | C102: 0.9 | D102: 0.9 | E102: 0.9 | F102: 0.9 | G102: 0.9 | H102: 0.9 | I102: 0.9 | J102: 0.9 | K102: 0.9 | L102: 0.9 | M102: 0.9 | N102: 0.9 | O102: 0.9 | P102: 0.9 | Q102: 0.9 | R102: 0.9 | S102: 0.9 | T102: 0.9 | U102: 0.9 | V102: 0.9 | W102: 0.9 | X102: 0.9 | Y102: 0.9 | Z102: 0.9 | AA102: 0.9
A103: 2072 | B103: 0.9 | C103: 0.9 | D103: 0.9 | E103: 0.9 | F103: 0.9 | G103: 0.9 | H103: 0.9 | I103: 0.9 | J103: 0.9 | K103: 0.9 | L103: 0.9 | M103: 0.9 | N103: 0.9 | O103: 0.9 | P103: 0.9 | Q103: 0.9 | R103: 0.9 | S103: 0.9 | T103: 0.9 | U103: 0.9 | V103: 0.9 | W103: 0.9 | X103: 0.9 | Y103: 0.9 | Z103: 0.9 | AA103: 0.9
A104: 2073 | B104: 0.9 | C104: 0.9 | D104: 0.9 | E104: 0.9 | F104: 0.9 | G104: 0.9 | H104: 0.9 | I104: 0.9 | J104: 0.9 | K104: 0.9 | L104: 0.9 | M104: 0.9 | N104: 0.9 | O104: 0.9 | P104: 0.9 | Q104: 0.9 | R104: 0.9 | S104: 0.9 | T104: 0.9 | U104: 0.9 | V104: 0.9 | W104: 0.9 | X104: 0.9 | Y104: 0.9 | Z104: 0.9 | AA104: 0.9
A105: 2074 | B105: 0.9 | C105: 0.9 | D105: 0.9 | E105: 0.9 | F105: 0.9 | G105: 0.9 | H105: 0.9 | I105: 0.9 | J105: 0.9 | K105: 0.9 | L105: 0.9 | M105: 0.9 | N105: 0.9 | O105: 0.9 | P105: 0.9 | Q105: 0.9 | R105: 0.9 | S105: 0.9 | T105: 0.9 | U105: 0.9 | V105: 0.9 | W105: 0.9 | X105: 0.9 | Y105: 0.9 | Z105: 0.9 | AA105: 0.9
A106: 2075 | B106: 0.9 | C106: 0.9 | D106: 0.9 | E106: 0.9 | F106: 0.9 | G106: 0.9 | H106: 0.9 | I106: 0.9 | J106: 0.9 | K106: 0.9 | L106: 0.9 | M106: 0.9 | N106: 0.9 | O106: 0.9 | P106: 0.9 | Q106: 0.9 | R106: 0.9 | S106: 0.9 | T106: 0.9 | U106: 0.9 | V106: 0.9 | W106: 0.9 | X106: 0.9 | Y106: 0.9 | Z106: 0.9 | AA106: 0.9
A107: 2076 | B107: 0.9 | C107: 0.9 | D107: 0.9 | E107: 0.9 | F107: 0.9 | G107: 0.9 | H107: 0.9 | I107: 0.9 | J107: 0.9 | K107: 0.9 | L107: 0.9 | M107: 0.9 | N107: 0.9 | O107: 0.9 | P107: 0.9 | Q107: 0.9 | R107: 0.9 | S107: 0.9 | T107: 0.9 | U107: 0.9 | V107: 0.9 | W107: 0.9 | X107: 0.9 | Y107: 0.9 | Z107: 0.9 | AA107: 0.9
A108: 2077 | B108: 0.9 | C108: 0.9 | D108: 0.9 | E108: 0.9 | F108: 0.9 | G108: 0.9 | H108: 0.9 | I108: 0.9 | J108: 0.9 | K108: 0.9 | L108: 0.9 | M108: 0.9 | N108: 0.9 | O108: 0.9 | P108: 0.9 | Q108: 0.9 | R108: 0.9 | S108: 0.9 | T108: 0.9 | U108: 0.9 | V108: 0.9 | W108: 0.9 | X108: 0.9 | Y108: 0.9 | Z108: 0.9 | AA108: 0.9
A109: 2078 | B109: 0.9 | C109: 0.9 | D109: 0.9 | E109: 0.9 | F109: 0.9 | G109: 0.9 | H109: 0.9 | I109: 0.9 | J109: 0.9 | K109: 0.9 | L109: 0.9 | M109: 0.9 | N109: 0.9 | O109: 0.9 | P109: 0.9 | Q109: 0.9 | R109: 0.9 | S109: 0.9 | T109: 0.9 | U109: 0.9 | V109: 0.9 | W109: 0.9 | X109: 0.9 | Y109: 0.9 | Z109: 0.9 | AA109: 0.9
A110: 2079 | B110: 0.9 | C110: 0.9 | D110: 0.9 | E110: 0.9 | F110: 0.9 | G110: 0.9 | H110: 0.9 | I110: 0.9 | J110: 0.9 | K110: 0.9 | L110: 0.9 | M110: 0.9 | N110: 0.9 | O110: 0.9 | P110: 0.9 | Q110: 0.9 | R110: 0.9 | S110: 0.9 | T110: 0.9 | U110: 0.9 | V110: 0.9 | W110: 0.9 | X110: 0.9 | Y110: 0.9 | Z110: 0.9 | AA110: 0.9
A111: 2080 | B111: 0.9 | C111: 0.9 | D111: 0.9 | E111: 0.9 | F111: 0.9 | G111: 0.9 | H111: 0.9 | I111: 0.9 | J111: 0.9 | K111: 0.9 | L111: 0.9 | M111: 0.9 | N111: 0.9 | O111: 0.9 | P111: 0.9 | Q111: 0.9 | R111: 0.9 | S111: 0.9 | T111: 0.9 | U111: 0.9 | V111: 0.9 | W111: 0.9 | X111: 0.9 | Y111: 0.9 | Z111: 0.9 | AA111: 0.9
A112: 2081 | B112: 0.9 | C112: 0.9 | D112: 0.9 | E112: 0.9 | F112: 0.9 | G112: 0.9 | H112: 0.9 | I112: 0.9 | J112: 0.9 | K112: 0.9 | L112: 0.9 | M112: 0.9 | N112: 0.9 | O112: 0.9 | P112: 0.9 | Q112: 0.9 | R112: 0.9 | S112: 0.9 | T112: 0.9 | U112: 0.9 | V112: 0.9 | W112: 0.9 | X112: 0.9 | Y112: 0.9 | Z112: 0.9 | AA112: 0.9
... A131: 2100 | B131: 0.9 | C131: 0.9 | D131: 0.9 | E131: 0.9 | F131: 0.9 | G131: 0.9 | H131: 0.9 | I131: 0.9 | J131: 0.9 | K131: 0.9 | L131: 0.9 | M131: 0.9 | N131: 0.9 | O131: 0.9 | P131: 0.9 | Q131: 0.9 | R131: 0.9 | S131: 0.9 | T131: 0.9 | U131: 0.9 | V131: 0.9 | W131: 0.9 | X131: 0.9 | Y131: 0.9 | Z131: 0.9 | AA131: 0.9
