Workbook

Sheet template_IRP_newest_CP_7reg
A1: model | B1: scenario | C1: region | D1: variable | E1: unit | F1: 2005 | G1: 2010 | H1: 2015 | I1: 2020 | J1: 2025 | K1: 2030 | L1: 2035 | M1: 2040 | N1: 2045 | O1: 2050 | P1: 2055 | Q1: 2060
A2: IMAGE | B2: SSP2_CP_RE | C2: North America | D2: Stock Addition|Transportation|Vehicles|Road|Passenger Cars | E2: thousand/yr | F2: 17158.933 | G2: 14575.792 | H2: 19916.75 | I2: 16617.956 | J2: 18354.73 | K2: 11117.182 | L2: 14730.5 | M2: 13007.512 | N2: 11992.839 | O2: 11451.338 | P2: 11036.857 | Q2: 10840.275
A3: IMAGE | B3: SSP2_CP_RE | C3: North America | D3: Stock Addition|Transportation|Vehicles|Road|Buses | E3: thousand/yr | F3: 24.117812 | G3: 23.642208 | H3: 25.217767 | I3: 22.158699 | J3: 42.455465 | K3: 31.090656 | L3: 34.350753 | M3: 33.6051 | N3: 36.601044 | O3: 38.847617 | P3: 40.61806 | Q3: 41.442674
A4: IMAGE | B4: SSP2_CP_RE | C4: North America | D4: Stock Addition|Transportation|Vehicles|Road|Bicycles | E4: thousand/yr | F4: 1204.266 | G4: 1431.7168 | H4: 1785.0889 | I4: 1446.5822 | J4: 2674.687 | K4: 1986.0955 | L4: 2116.3901 | M4: 2094.7063 | N4: 2452.2993 | O4: 2546.9259 | P4: 2812.8763 | Q4: 2988.5301
A5: IMAGE | B5: SSP2_CP_RE | C5: North America | D5: Stock Addition|Transportation|Vehicles|Road|Trucks | E5: thousand/yr | F5: 1684.2476 | G5: 1779.0502 | H5: 2347.8368 | I5: 2231.059 | J5: 1484.3736 | K5: 2863.8285 | L5: 2500.3939 | M5: 2320.3934 | N5: 2595.1161 | O5: 2652.664 | P5: 2391.8419 | Q5: 2533.5177
A6: IMAGE | B6: SSP2_CP_RE | C6: North America | D6: Stock Addition|Transportation|Vehicles|Rail|Trains | E6: thousand/yr | F6: 0.012282182 | G6: 0.023715814 | H6: 0.053994702 | I6: 0.030022869 | J6: 0.08688115 | K6: 0.046322051 | L6: 0.061691074 | M6: 0.083075841 | N6: 0.13335643 | O6: 0.19364848 | P6: 0.23693426 | Q6: 0.23058542
A7: IMAGE | B7: SSP2_CP_RE | C7: North America | D7: Stock Addition|Transportation|Vehicles|Rail|Cargo | E7: thousand/yr | F7: 0.73975731 | G7: 0.57435468 | H7: 0.70454718 | I7: 0.8104578 | J7: 0.92456556 | K7: 1.0154932 | L7: 1.1323625 | M7: 1.1864164 | N7: 1.0060919 | O7: 0.88097655 | P7: 0.93659496 | Q7: 0.95744548
A8: IMAGE | B8: SSP2_CP_RE | C8: North America | D8: Stock Addition|Transportation|Air|Planes | E8: thousand/yr | F8: 0.28560152 | G8: 0.16635477 | H8: 0.3253114 | I8: 0.7281161 | J8: 0.19775958 | K8: 0.00090527844 | L8: 0.084274588 | M8: 0.18391999 | N8: 0.20914016 | O8: 0.10636349 | P8: 0.067582463 | Q8: 0.095053127
A9: IMAGE | B9: SSP2_CP_RE | C9: North America | D9: Stock Addition|Transportation|Air|Cargo | E9: thousand/yr | F9: 0.064210424 | G9: 0.029537352 | H9: 0.080717453 | I9: 0.12331871 | J9: 0.064654945 | K9: 0.036357235 | L9: 0.052061476 | M9: 0.065990302 | N9: 0.070950464 | O9: 0.05604199 | P9: 0.048330141 | Q9: 0.051329842
A10: IMAGE | B10: SSP2_CP_RE | C10: North America | D10: Stock Addition|Transportation|Ships | E10: thousand/yr | F10: 1.3088772 | G10: 0.58576168 | H10: 1.2715574 | I10: 2.1257802 | J10: 1.3279813 | K10: 1.2823672 | L10: 1.2098236 | M10: 1.2662519 | N10: 1.3793221 | O10: 1.3600613 | P10: 1.3395608 | Q10: 1.3142955
A11: IMAGE | B11: SSP2_CP_RE | C11: North America | D11: Stock Addition|Buildings|Residential|Single-Family Houses | E11: m^2/yr | F11: 2.4388334e+08 | G11: 1.5088493e+08 | H11: 2.4379431e+08 | I11: 1.4382031e+08 | J11: 14005449 | K11: 7503102.2 | L11: 6689682.7 | M11: 5836470.3 | N11: 4853798.4 | O11: 66230447 | P11: 1.642835e+08 | Q11: 1.6845516e+08
A12: IMAGE | B12: SSP2_CP_RE | C12: North America | D12: Stock Addition|Buildings|Residential|Multi-Family Houses | E12: m^2/yr | F12: 54638311 | G12: 39465742 | H12: 58204934 | I12: 37471267 | J12: 11109428 | K12: 10374443 | L12: 9930625.9 | M12: 8868452.8 | N12: 7101521.1 | O12: 33228972 | P12: 77938255 | Q12: 81071981
... A1894: IMAGE | B1894: SSP2_CP_RE | C1894: World | D1894: Services|Transportation|Ships | E1894: Gtkm/yr | F1894: 57752.196 | G1894: 57773.87 | H1894: 61017.051 | I1894: 71857.319 | J1894: 78545.884 | K1894: 84647.541 | L1894: 91373.18 | M1894: 98737.244 | N1894: 106935.97 | O1894: 123114.09 | P1894: 133390.88 | Q1894: 138529.35
A1895: IMAGE | B1895: SSP2_CP_RE | C1895: World | D1895: Services|People Housed|Single-Family Houses | E1895: Million people | F1895: 4010.1255 | G1895: 4210.9265 | H1895: 4397.3634 | I1895: 4543.3728 | J1895: 4656.4434 | K1895: 4729.4722 | L1895: 4763.6929 | M1895: 4761.675 | N1895: 4726.2438 | O1895: 4658.3676 | P1895: 4563.354 | Q1895: 4470.3312 | S1895: Single-Family Houses
A1896: IMAGE | B1896: SSP2_CP_RE | C1896: World | D1896: Services|People Housed|Multi-Family Houses | E1896: Million people | F1896: 1676.165 | G1896: 1812.4931 | H1896: 1957.7762 | I1896: 2101.2516 | J1896: 2243.8314 | K1896: 2387.583 | L1896: 2532.5337 | M1896: 2676.797 | N1896: 2817.4311 | O1896: 2951.7001 | P1896: 3076.0658 | Q1896: 3171.3267 | S1896: Multi-Family Houses
A1897: IMAGE | B1897: SSP2_CP_RE | C1897: World | D1897: Services|People Housed|Residential Towers | E1897: Million people | F1897: 856.32657 | G1897: 934.68844 | H1897: 1021.4407 | I1897: 1110.6954 | J1897: 1203.5668 | K1897: 1303.1745 | L1897: 1408.8262 | M1897: 1518.202 | N1897: 1628.4004 | O1897: 1736.8412 | P1897: 1838.9374 | Q1897: 1918.4252 | S1897: Residential Towers
A1898: IMAGE | B1898: SSP2_CP_RE | C1898: World | D1898: Total flows|Virgin input|Steel | E1898: Mt/yr | F1898: 296.85801 | G1898: 282.55449 | H1898: 346.05437 | I1898: 322.09418 | J1898: 311.0204 | K1898: 290.56829 | L1898: 284.22559 | M1898: 267.61512 | N1898: 267.38222 | O1898: 265.39787 | P1898: 267.64262 | Q1898: 253.60451
A1899: IMAGE | B1899: SSP2_CP_RE | C1899: World | D1899: Total flows|Virgin input|Concrete | E1899: Mt/yr | F1899: 5407.3939 | G1899: 5832.5779 | H1899: 6235.416 | I1899: 5746.4627 | J1899: 5643.8407 | K1899: 5597.7412 | L1899: 5162.5024 | M1899: 4619.6334 | N1899: 4163.2194 | O1899: 3780.5154 | P1899: 3786.3807 | Q1899: 3791.1276
A1900: IMAGE | B1900: SSP2_CP_RE | C1900: World | D1900: Total flows|Virgin input|Non-Ferrous Metals|Aluminium | E1900: Mt/yr | F1900: 20.013841 | G1900: 19.614811 | H1900: 26.581076 | I1900: 23.734476 | J1900: 24.378899 | K1900: 17.254849 | L1900: 16.956571 | M1900: 15.867982 | N1900: 19.645439 | O1900: 21.713448 | P1900: 22.548262 | Q1900: 19.757507
A1901: IMAGE | B1901: SSP2_CP_RE | C1901: World | D1901: Total flows|Virgin input|Non-Ferrous Metals|Copper | E1901: Mt/yr | F1901: 8.7733509 | G1901: 9.449183 | H1901: 12.347827 | I1901: 12.250575 | J1901: 13.039949 | K1901: 10.119264 | L1901: 9.2605277 | M1901: 8.3874756 | N1901: 10.685016 | O1901: 12.295152 | P1901: 13.18651 | Q1901: 11.907449
A1902: IMAGE | B1902: SSP2_CP_RE | C1902: World | D1902: Total flows|Virgin input|Glass | E1902: Mt/yr | F1902: 21.956727 | G1902: 21.845997 | H1902: 25.128447 | I1902: 22.25706 | J1902: 22.042047 | K1902: 20.591912 | L1902: 18.372555 | M1902: 16.304601 | N1902: 15.053001 | O1902: 14.798024 | P1902: 15.181835 | Q1902: 14.837
A1903: IMAGE | B1903: SSP2_CP_RE | C1903: World | D1903: Total flows|Virgin input|Construction Wood | E1903: Mt/yr | F1903: 192.99885 | G1903: 195.52527 | H1903: 189.00556 | I1903: 166.15261 | J1903: 192.74303 | K1903: 239.07971 | L1903: 252.68933 | M1903: 269.48021 | N1903: 284.5326 | O1903: 302.86908 | P1903: 316.35298 | Q1903: 318.0684
A1904: IMAGE | B1904: SSP2_CP_RE | C1904: World | D1904: Total flows|Recycled|Steel | E1904: Mt/yr | F1904: 151.08227 | G1904: 179.68484 | H1904: 200.20344 | I1904: 226.95068 | J1904: 242.77568 | K1904: 261.30147 | L1904: 275.77642 | M1904: 288.17383 | N1904: 294.85462 | O1904: 295.76009 | P1904: 297.64631 | Q1904: 301.85248
A1905: IMAGE | B1905: SSP2_CP_RE | C1905: World | D1905: Total flows|Recycled|Concrete | E1905: Mt/yr | F1905: 0 | G1905: 0 | H1905: 0 | I1905: 24.410574 | J1905: 207.55941 | K1905: 425.62893 | L1905: 646.23561 | M1905: 858.5458 | N1905: 1049.6869 | O1905: 1190.3187 | P1905: 1195.2872 | Q1905: 1186.8615
A1906: IMAGE | B1906: SSP2_CP_RE | C1906: World | D1906: Total flows|Recycled|Non-Ferrous Metals|Aluminium | E1906: Mt/yr | F1906: 14.739969 | G1906: 16.853424 | H1906: 18.767983 | I1906: 21.13593 | J1906: 21.569829 | K1906: 22.759593 | L1906: 23.464022 | M1906: 23.47456 | N1906: 23.05777 | O1906: 22.715263 | P1906: 22.992112 | Q1906: 23.35834
A1907: IMAGE | B1907: SSP2_CP_RE | C1907: World | D1907: Total flows|Recycled|Non-Ferrous Metals|Copper | E1907: Mt/yr | F1907: 3.502363 | G1907: 4.1681866 | H1907: 4.6512264 | I1907: 5.9981289 | J1907: 5.82214 | K1907: 6.7445411 | L1907: 7.5935654 | M1907: 8.2239909 | N1907: 8.4820925 | O1907: 8.6257173 | P1907: 8.7948266 | Q1907: 8.9991654
A1908: IMAGE | B1908: SSP2_CP_RE | C1908: World | D1908: Total flows|Recycled|Glass | E1908: Mt/yr | F1908: 4.5252766 | G1908: 5.2828797 | H1908: 5.7039041 | I1908: 6.929968 | J1908: 7.309288 | K1908: 8.1785933 | L1908: 8.564231 | M1908: 8.3881032 | N1908: 7.6740732 | O1908: 6.6515974 | P1908: 6.4989717 | Q1908: 6.5304662
A1909: IMAGE | B1909: SSP2_CP_RE | C1909: World | D1909: Total flows|Recycled|Construction Wood | E1909: Mt/yr | F1909: 20.849467 | G1909: 23.467521 | H1909: 26.235094 | I1909: 28.61149 | J1909: 28.81153 | K1909: 29.914259 | L1909: 30.987007 | M1909: 31.65375 | N1909: 31.903614 | O1909: 31.703211 | P1909: 32.153051 | Q1909: 32.959177
... A1921: IMAGE | B1921: SSP2_CP_RE | C1921: World | D1921: Total flows|Losses|Construction Wood | E1921: Mt/yr | F1921: 61.461903 | G1921: 69.624505 | H1921: 78.389122 | I1921: 84.440498 | J1921: 81.554693 | K1921: 81.343178 | L1921: 81.023977 | M1921: 79.677956 | N1921: 78.066448 | O1921: 75.274297 | P1921: 75.023785 | Q1921: 76.904747

Sheet indicators
A1: Indicator | B1: region | C1: building type | D1: unit | E1: =template_IRP_newest_CP_7reg!I1 -> 2020 | F1: =template_IRP_newest_CP_7reg!J1 -> 2025 | G1: =template_IRP_newest_CP_7reg!K1 -> 2030 | H1: =template_IRP_newest_CP_7reg!L1 -> 2035 | I1: =template_IRP_newest_CP_7reg!M1 -> 2040 | J1: =template_IRP_newest_CP_7reg!N1 -> 2045 | K1: =template_IRP_newest_CP_7reg!O1 -> 2050 | L1: =template_IRP_newest_CP_7reg!P1 -> 2055 | M1: =template_IRP_newest_CP_7reg!Q1 -> 2060 | Q1: ResEff | U1: ResEff
A2: Per capita floorspace | B2: North America | C2: Single-Family Houses | D2: m2/cap | E2: =template_IRP_newest_CP_7reg!I147/(template_IRP_newest_CP_7reg!I215*1000000) -> 59.429951 | F2: =template_IRP_newest_CP_7reg!J147/(template_IRP_newest_CP_7reg!J215*1000000) -> 55.463603 | G2: =template_IRP_newest_CP_7reg!K147/(template_IRP_newest_CP_7reg!K215*1000000) -> 51.065593 | H2: =template_IRP_newest_CP_7reg!L147/(template_IRP_newest_CP_7reg!L215*1000000) -> 46.714215 | I2: =template_IRP_newest_CP_7reg!M147/(template_IRP_newest_CP_7reg!M215*1000000) -> 42.397503 | J2: =template_IRP_newest_CP_7reg!N147/(template_IRP_newest_CP_7reg!N215*1000000) -> 38.104583 | K2: =template_IRP_newest_CP_7reg!O147/(template_IRP_newest_CP_7reg!O215*1000000) -> 34.379609 | L2: =template_IRP_newest_CP_7reg!P147/(template_IRP_newest_CP_7reg!P215*1000000) -> 34.143383 | M2: =template_IRP_newest_CP_7reg!Q147/(template_IRP_newest_CP_7reg!Q215*1000000) -> 34.429421 | P2: 2020 | Q2: 2050 | T2: 2020 | U2: 2060
C3: Multi-Family Houses | D3: m2/cap | E3: =template_IRP_newest_CP_7reg!I148/(template_IRP_newest_CP_7reg!I216*1000000) -> 45.841358 | F3: =template_IRP_newest_CP_7reg!J148/(template_IRP_newest_CP_7reg!J216*1000000) -> 42.907485 | G3: =template_IRP_newest_CP_7reg!K148/(template_IRP_newest_CP_7reg!K216*1000000) -> 39.604647 | H3: =template_IRP_newest_CP_7reg!L148/(template_IRP_newest_CP_7reg!L216*1000000) -> 36.30192 | I3: =template_IRP_newest_CP_7reg!M148/(template_IRP_newest_CP_7reg!M216*1000000) -> 33.006619 | J3: =template_IRP_newest_CP_7reg!N148/(template_IRP_newest_CP_7reg!N216*1000000) -> 29.724853 | K3: =template_IRP_newest_CP_7reg!O148/(template_IRP_newest_CP_7reg!O216*1000000) -> 26.825684 | L3: =template_IRP_newest_CP_7reg!P148/(template_IRP_newest_CP_7reg!P216*1000000) -> 26.267222 | M3: =template_IRP_newest_CP_7reg!Q148/(template_IRP_newest_CP_7reg!Q216*1000000) -> 26.134586 | O3: =B2 -> North America | P3: =E5 -> 53.814247 | Q3: =M5 -> 30.365467 | S3: Steel | T3: =E49 -> 51.30897 | U3: =M49 -> 56.927264
C4: Residential Towers | D4: m2/cap | E4: =template_IRP_newest_CP_7reg!I149/(template_IRP_newest_CP_7reg!I217*1000000) -> 37.271638 | F4: =template_IRP_newest_CP_7reg!J149/(template_IRP_newest_CP_7reg!J217*1000000) -> 34.927848 | G4: =template_IRP_newest_CP_7reg!K149/(template_IRP_newest_CP_7reg!K217*1000000) -> 32.295255 | H4: =template_IRP_newest_CP_7reg!L149/(template_IRP_newest_CP_7reg!L217*1000000) -> 29.669177 | I4: =template_IRP_newest_CP_7reg!M149/(template_IRP_newest_CP_7reg!M217*1000000) -> 27.046858 | J4: =template_IRP_newest_CP_7reg!N149/(template_IRP_newest_CP_7reg!N217*1000000) -> 24.424044 | K4: =template_IRP_newest_CP_7reg!O149/(template_IRP_newest_CP_7reg!O217*1000000) -> 22.135249 | L4: =template_IRP_newest_CP_7reg!P149/(template_IRP_newest_CP_7reg!P217*1000000) -> 21.977908 | M4: =template_IRP_newest_CP_7reg!Q149/(template_IRP_newest_CP_7reg!Q217*1000000) -> 22.135719 | O4: =B7 -> Latin America + Caribbean | P4: =E10 -> 19.131339 | Q4: =M10 -> 27.581707 | S4: Al | T4: =E58 -> 2.9735131 | U4: =M58 -> 2.7610307
C5: Residential Total | D5: m2/cap | E5: =SUM(template_IRP_newest_CP_7reg!I147:I149)/(SUM(template_IRP_newest_CP_7reg!I215:I217)*1000000) -> 53.814247 | F5: =SUM(template_IRP_newest_CP_7reg!J147:J149)/(SUM(template_IRP_newest_CP_7reg!J215:J217)*1000000) -> 50.181664 | G5: =SUM(template_IRP_newest_CP_7reg!K147:K149)/(SUM(template_IRP_newest_CP_7reg!K215:K217)*1000000) -> 46.156683 | H5: =SUM(template_IRP_newest_CP_7reg!L147:L149)/(SUM(template_IRP_newest_CP_7reg!L215:L217)*1000000) -> 42.172877 | I5: =SUM(template_IRP_newest_CP_7reg!M147:M149)/(SUM(template_IRP_newest_CP_7reg!M215:M217)*1000000) -> 38.226063 | J5: =SUM(template_IRP_newest_CP_7reg!N147:N149)/(SUM(template_IRP_newest_CP_7reg!N215:N217)*1000000) -> 34.313043 | K5: =SUM(template_IRP_newest_CP_7reg!O147:O149)/(SUM(template_IRP_newest_CP_7reg!O215:O217)*1000000) -> 30.892852 | L5: =SUM(template_IRP_newest_CP_7reg!P147:P149)/(SUM(template_IRP_newest_CP_7reg!P215:P217)*1000000) -> 30.397425 | M5: =SUM(template_IRP_newest_CP_7reg!Q147:Q149)/(SUM(template_IRP_newest_CP_7reg!Q215:Q217)*1000000) -> 30.365467 | O5: =B12 -> Europe | P5: =E15 -> 41.139594 | Q5: =M15 -> 30.684671 | S5: Copper | T5: =E67 -> 1.087327 | U5: =M67 -> 0.94888234
C6: Commercial | D6: m2/cap | E6: =SUM(template_IRP_newest_CP_7reg!I150:I153)/(SUM(template_IRP_newest_CP_7reg!I215:I217)*1000000) -> 21.621853 | F6: =SUM(template_IRP_newest_CP_7reg!J150:J153)/(SUM(template_IRP_newest_CP_7reg!J215:J217)*1000000) -> 21.255439 | G6: =SUM(template_IRP_newest_CP_7reg!K150:K153)/(SUM(template_IRP_newest_CP_7reg!K215:K217)*1000000) -> 20.931466 | H6: =SUM(template_IRP_newest_CP_7reg!L150:L153)/(SUM(template_IRP_newest_CP_7reg!L215:L217)*1000000) -> 20.475084 | I6: =SUM(template_IRP_newest_CP_7reg!M150:M153)/(SUM(template_IRP_newest_CP_7reg!M215:M217)*1000000) -> 19.918141 | J6: =SUM(template_IRP_newest_CP_7reg!N150:N153)/(SUM(template_IRP_newest_CP_7reg!N215:N217)*1000000) -> 19.283652 | K6: =SUM(template_IRP_newest_CP_7reg!O150:O153)/(SUM(template_IRP_newest_CP_7reg!O215:O217)*1000000) -> 18.576315 | L6: =SUM(template_IRP_newest_CP_7reg!P150:P153)/(SUM(template_IRP_newest_CP_7reg!P215:P217)*1000000) -> 17.818811 | M6: =SUM(template_IRP_newest_CP_7reg!Q150:Q153)/(SUM(template_IRP_newest_CP_7reg!Q215:Q217)*1000000) -> 17.133002 | O6: =B17 -> EECCA | P6: =E20 -> 20.343442 | Q6: =M20 -> 24.808878 | S6: Concrete | T6: =E76 -> 1028.9594 | U6: =M76 -> 982.97831
B7: Latin America + Caribbean | C7: Single-Family Houses | D7: m2/cap | E7: =template_IRP_newest_CP_7reg!I387/(template_IRP_newest_CP_7reg!I455*1000000) -> 20.34355 | F7: =template_IRP_newest_CP_7reg!J387/(template_IRP_newest_CP_7reg!J455*1000000) -> 20.366347 | G7: =template_IRP_newest_CP_7reg!K387/(template_IRP_newest_CP_7reg!K455*1000000) -> 21.766658 | H7: =template_IRP_newest_CP_7reg!L387/(template_IRP_newest_CP_7reg!L455*1000000) -> 23.167414 | I7: =template_IRP_newest_CP_7reg!M387/(template_IRP_newest_CP_7reg!M455*1000000) -> 24.575694 | J7: =template_IRP_newest_CP_7reg!N387/(template_IRP_newest_CP_7reg!N455*1000000) -> 26.06247 | K7: =template_IRP_newest_CP_7reg!O387/(template_IRP_newest_CP_7reg!O455*1000000) -> 27.540211 | L7: =template_IRP_newest_CP_7reg!P387/(template_IRP_newest_CP_7reg!P455*1000000) -> 28.722729 | M7: =template_IRP_newest_CP_7reg!Q387/(template_IRP_newest_CP_7reg!Q455*1000000) -> 29.687581 | O7: =B22 -> Africa | P7: =E25 -> 10.34158 | Q7: =M25 -> 16.231561 | S7: Glass | T7: =E85 -> 3.6562775 | U7: =M85 -> 3.5723553
C8: Multi-Family Houses | D8: m2/cap | E8: =template_IRP_newest_CP_7reg!I388/(template_IRP_newest_CP_7reg!I456*1000000) -> 19.333491 | F8: =template_IRP_newest_CP_7reg!J388/(template_IRP_newest_CP_7reg!J456*1000000) -> 19.428097 | G8: =template_IRP_newest_CP_7reg!K388/(template_IRP_newest_CP_7reg!K456*1000000) -> 20.76585 | H8: =template_IRP_newest_CP_7reg!L388/(template_IRP_newest_CP_7reg!L456*1000000) -> 22.051145 | I8: =template_IRP_newest_CP_7reg!M388/(template_IRP_newest_CP_7reg!M456*1000000) -> 23.305222 | J8: =template_IRP_newest_CP_7reg!N388/(template_IRP_newest_CP_7reg!N456*1000000) -> 24.597388 | K8: =template_IRP_newest_CP_7reg!O388/(template_IRP_newest_CP_7reg!O456*1000000) -> 25.884025 | L8: =template_IRP_newest_CP_7reg!P388/(template_IRP_newest_CP_7reg!P456*1000000) -> 26.893523 | M8: =template_IRP_newest_CP_7reg!Q388/(template_IRP_newest_CP_7reg!Q456*1000000) -> 27.796844 | O8: =B27 -> West Asia | P8: =E30 -> 21.227544 | Q8: =M30 -> 26.807831 | S8: Wood | T8: =E94 -> 52.282094 | U8: =M94 -> 56.61975
C9: Residential Towers | D9: m2/cap | E9: =template_IRP_newest_CP_7reg!I389/(template_IRP_newest_CP_7reg!I457*1000000) -> 15.802835 | F9: =template_IRP_newest_CP_7reg!J389/(template_IRP_newest_CP_7reg!J457*1000000) -> 15.900494 | G9: =template_IRP_newest_CP_7reg!K389/(template_IRP_newest_CP_7reg!K457*1000000) -> 17.05738 | H9: =template_IRP_newest_CP_7reg!L389/(template_IRP_newest_CP_7reg!L457*1000000) -> 18.217695 | I9: =template_IRP_newest_CP_7reg!M389/(template_IRP_newest_CP_7reg!M457*1000000) -> 19.392095 | J9: =template_IRP_newest_CP_7reg!N389/(template_IRP_newest_CP_7reg!N457*1000000) -> 20.634385 | K9: =template_IRP_newest_CP_7reg!O389/(template_IRP_newest_CP_7reg!O457*1000000) -> 21.915154 | L9: =template_IRP_newest_CP_7reg!P389/(template_IRP_newest_CP_7reg!P457*1000000) -> 23.020469 | M9: =template_IRP_newest_CP_7reg!Q389/(template_IRP_newest_CP_7reg!Q457*1000000) -> 24.024136 | O9: =B32 -> Asia + Pacific | P9: =E35 -> 16.874322 | Q9: =M35 -> 24.706867
C10: Residential Total | D10: m2/cap | E10: =SUM(template_IRP_newest_CP_7reg!I387:I389)/(SUM(template_IRP_newest_CP_7reg!I455:I457)*1000000) -> 19.131339 | F10: =SUM(template_IRP_newest_CP_7reg!J387:J389)/(SUM(template_IRP_newest_CP_7reg!J455:J457)*1000000) -> 19.172853 | G10: =SUM(template_IRP_newest_CP_7reg!K387:K389)/(SUM(template_IRP_newest_CP_7reg!K455:K457)*1000000) -> 20.471927 | H10: =SUM(template_IRP_newest_CP_7reg!L387:L389)/(SUM(template_IRP_newest_CP_7reg!L455:L457)*1000000) -> 21.744565 | I10: =SUM(template_IRP_newest_CP_7reg!M387:M389)/(SUM(template_IRP_newest_CP_7reg!M455:M457)*1000000) -> 23.003029 | J10: =SUM(template_IRP_newest_CP_7reg!N387:N389)/(SUM(template_IRP_newest_CP_7reg!N455:N457)*1000000) -> 24.313266 | K10: =SUM(template_IRP_newest_CP_7reg!O387:O389)/(SUM(template_IRP_newest_CP_7reg!O455:O457)*1000000) -> 25.618315 | L10: =SUM(template_IRP_newest_CP_7reg!P387:P389)/(SUM(template_IRP_newest_CP_7reg!P455:P457)*1000000) -> 26.668949 | M10: =SUM(template_IRP_newest_CP_7reg!Q387:Q389)/(SUM(template_IRP_newest_CP_7reg!Q455:Q457)*1000000) -> 27.581707 | O10: =B37 -> World | P10: =E40 -> 19.959525 | Q10: =M40 -> 23.669749
C11: Commercial | D11: m2/cap | E11: =SUM(template_IRP_newest_CP_7reg!I390:I393)/(SUM(template_IRP_newest_CP_7reg!I455:I457)*1000000) -> 4.3346512 | F11: =SUM(template_IRP_newest_CP_7reg!J390:J393)/(SUM(template_IRP_newest_CP_7reg!J455:J457)*1000000) -> 4.5129952 | G11: =SUM(template_IRP_newest_CP_7reg!K390:K393)/(SUM(template_IRP_newest_CP_7reg!K455:K457)*1000000) -> 4.9689251 | H11: =SUM(template_IRP_newest_CP_7reg!L390:L393)/(SUM(template_IRP_newest_CP_7reg!L455:L457)*1000000) -> 5.4322603 | I11: =SUM(template_IRP_newest_CP_7reg!M390:M393)/(SUM(template_IRP_newest_CP_7reg!M455:M457)*1000000) -> 5.8903777 | J11: =SUM(template_IRP_newest_CP_7reg!N390:N393)/(SUM(template_IRP_newest_CP_7reg!N455:N457)*1000000) -> 6.3784432 | K11: =SUM(template_IRP_newest_CP_7reg!O390:O393)/(SUM(template_IRP_newest_CP_7reg!O455:O457)*1000000) -> 6.90471 | L11: =SUM(template_IRP_newest_CP_7reg!P390:P393)/(SUM(template_IRP_newest_CP_7reg!P455:P457)*1000000) -> 7.5316014 | M11: =SUM(template_IRP_newest_CP_7reg!Q390:Q393)/(SUM(template_IRP_newest_CP_7reg!Q455:Q457)*1000000) -> 8.078901
B12: Europe | C12: Single-Family Houses | D12: m2/cap | E12: =template_IRP_newest_CP_7reg!I627/(template_IRP_newest_CP_7reg!I695*1000000) -> 43.468807 | F12: =template_IRP_newest_CP_7reg!J627/(template_IRP_newest_CP_7reg!J695*1000000) -> 41.486034 | G12: =template_IRP_newest_CP_7reg!K627/(template_IRP_newest_CP_7reg!K695*1000000) -> 39.464286 | H12: =template_IRP_newest_CP_7reg!L627/(template_IRP_newest_CP_7reg!L695*1000000) -> 37.524333 | I12: =template_IRP_newest_CP_7reg!M627/(template_IRP_newest_CP_7reg!M695*1000000) -> 35.653202 | J12: =template_IRP_newest_CP_7reg!N627/(template_IRP_newest_CP_7reg!N695*1000000) -> 33.844602 | K12: =template_IRP_newest_CP_7reg!O627/(template_IRP_newest_CP_7reg!O695*1000000) -> 32.286483 | L12: =template_IRP_newest_CP_7reg!P627/(template_IRP_newest_CP_7reg!P695*1000000) -> 32.014069 | M12: =template_IRP_newest_CP_7reg!Q627/(template_IRP_newest_CP_7reg!Q695*1000000) -> 31.953472
C13: Multi-Family Houses | D13: m2/cap | E13: =template_IRP_newest_CP_7reg!I628/(template_IRP_newest_CP_7reg!I696*1000000) -> 40.207307 | F13: =template_IRP_newest_CP_7reg!J628/(template_IRP_newest_CP_7reg!J696*1000000) -> 38.579669 | G13: =template_IRP_newest_CP_7reg!K628/(template_IRP_newest_CP_7reg!K696*1000000) -> 36.773801 | H13: =template_IRP_newest_CP_7reg!L628/(template_IRP_newest_CP_7reg!L696*1000000) -> 34.979538 | I13: =template_IRP_newest_CP_7reg!M628/(template_IRP_newest_CP_7reg!M696*1000000) -> 33.199485 | J13: =template_IRP_newest_CP_7reg!N628/(template_IRP_newest_CP_7reg!N696*1000000) -> 31.435795 | K13: =template_IRP_newest_CP_7reg!O628/(template_IRP_newest_CP_7reg!O696*1000000) -> 29.896569 | L13: =template_IRP_newest_CP_7reg!P628/(template_IRP_newest_CP_7reg!P696*1000000) -> 29.665657 | M13: =template_IRP_newest_CP_7reg!Q628/(template_IRP_newest_CP_7reg!Q696*1000000) -> 29.644171 | O13: Commercial | Q13: =Q1 -> ResEff | U13: ResEff
C14: Residential Towers | D14: m2/cap | E14: =template_IRP_newest_CP_7reg!I629/(template_IRP_newest_CP_7reg!I697*1000000) -> 39.327957 | F14: =template_IRP_newest_CP_7reg!J629/(template_IRP_newest_CP_7reg!J697*1000000) -> 38.051496 | G14: =template_IRP_newest_CP_7reg!K629/(template_IRP_newest_CP_7reg!K697*1000000) -> 36.658518 | H14: =template_IRP_newest_CP_7reg!L629/(template_IRP_newest_CP_7reg!L697*1000000) -> 35.2681 | I14: =template_IRP_newest_CP_7reg!M629/(template_IRP_newest_CP_7reg!M697*1000000) -> 33.870038 | J14: =template_IRP_newest_CP_7reg!N629/(template_IRP_newest_CP_7reg!N697*1000000) -> 32.456755 | K14: =template_IRP_newest_CP_7reg!O629/(template_IRP_newest_CP_7reg!O697*1000000) -> 31.199062 | L14: =template_IRP_newest_CP_7reg!P629/(template_IRP_newest_CP_7reg!P697*1000000) -> 31.042077 | M14: =template_IRP_newest_CP_7reg!Q629/(template_IRP_newest_CP_7reg!Q697*1000000) -> 31.054997 | P14: =P2 -> 2020 | Q14: =Q2 -> 2050 | T14: 2020 | U14: 2060
C15: Residential Total | D15: m2/cap | E15: =SUM(template_IRP_newest_CP_7reg!I627:I629)/(SUM(template_IRP_newest_CP_7reg!I695:I697)*1000000) -> 41.139594 | F15: =SUM(template_IRP_newest_CP_7reg!J627:J629)/(SUM(template_IRP_newest_CP_7reg!J695:J697)*1000000) -> 39.451074 | G15: =SUM(template_IRP_newest_CP_7reg!K627:K629)/(SUM(template_IRP_newest_CP_7reg!K695:K697)*1000000) -> 37.654259 | H15: =SUM(template_IRP_newest_CP_7reg!L627:L629)/(SUM(template_IRP_newest_CP_7reg!L695:L697)*1000000) -> 35.894293 | I15: =SUM(template_IRP_newest_CP_7reg!M627:M629)/(SUM(template_IRP_newest_CP_7reg!M695:M697)*1000000) -> 34.163909 | J15: =SUM(template_IRP_newest_CP_7reg!N627:N629)/(SUM(template_IRP_newest_CP_7reg!N695:N697)*1000000) -> 32.458986 | K15: =SUM(template_IRP_newest_CP_7reg!O627:O629)/(SUM(template_IRP_newest_CP_7reg!O695:O697)*1000000) -> 30.96978 | L15: =SUM(template_IRP_newest_CP_7reg!P627:P629)/(SUM(template_IRP_newest_CP_7reg!P695:P697)*1000000) -> 30.725522 | M15: =SUM(template_IRP_newest_CP_7reg!Q627:Q629)/(SUM(template_IRP_newest_CP_7reg!Q695:Q697)*1000000) -> 30.684671 | O15: =O3 -> North America | P15: =E6 -> 21.621853 | Q15: =M6 -> 17.133002 | S15: Steel | T15: =E50 -> 85.994533 | U15: =M50 -> 80.725475
C16: Commercial | D16: m2/cap | E16: =SUM(template_IRP_newest_CP_7reg!I630:I633)/(SUM(template_IRP_newest_CP_7reg!I695:I697)*1000000) -> 14.353589 | F16: =SUM(template_IRP_newest_CP_7reg!J630:J633)/(SUM(template_IRP_newest_CP_7reg!J695:J697)*1000000) -> 14.65711 | G16: =SUM(template_IRP_newest_CP_7reg!K630:K633)/(SUM(template_IRP_newest_CP_7reg!K695:K697)*1000000) -> 15.056734 | H16: =SUM(template_IRP_newest_CP_7reg!L630:L633)/(SUM(template_IRP_newest_CP_7reg!L695:L697)*1000000) -> 15.383739 | I16: =SUM(template_IRP_newest_CP_7reg!M630:M633)/(SUM(template_IRP_newest_CP_7reg!M695:M697)*1000000) -> 15.603456 | J16: =SUM(template_IRP_newest_CP_7reg!N630:N633)/(SUM(template_IRP_newest_CP_7reg!N695:N697)*1000000) -> 15.692312 | K16: =SUM(template_IRP_newest_CP_7reg!O630:O633)/(SUM(template_IRP_newest_CP_7reg!O695:O697)*1000000) -> 15.651049 | L16: =SUM(template_IRP_newest_CP_7reg!P630:P633)/(SUM(template_IRP_newest_CP_7reg!P695:P697)*1000000) -> 15.524514 | M16: =SUM(template_IRP_newest_CP_7reg!Q630:Q633)/(SUM(template_IRP_newest_CP_7reg!Q695:Q697)*1000000) -> 15.338822 | O16: =O4 -> Latin America + Caribbean | P16: =E11 -> 4.3346512 | Q16: =M11 -> 8.078901 | S16: Al | T16: =E59 -> 4.9991666 | U16: =M59 -> 4.7408256
B17: EECCA | C17: Single-Family Houses | D17: m2/cap | E17: =template_IRP_newest_CP_7reg!I867/(template_IRP_newest_CP_7reg!I935*1000000) -> 20.943003 | F17: =template_IRP_newest_CP_7reg!J867/(template_IRP_newest_CP_7reg!J935*1000000) -> 21.204199 | G17: =template_IRP_newest_CP_7reg!K867/(template_IRP_newest_CP_7reg!K935*1000000) -> 22.211854 | H17: =template_IRP_newest_CP_7reg!L867/(template_IRP_newest_CP_7reg!L935*1000000) -> 23.106422 | I17: =template_IRP_newest_CP_7reg!M867/(template_IRP_newest_CP_7reg!M935*1000000) -> 23.84128 | J17: =template_IRP_newest_CP_7reg!N867/(template_IRP_newest_CP_7reg!N935*1000000) -> 24.464195 | K17: =template_IRP_newest_CP_7reg!O867/(template_IRP_newest_CP_7reg!O935*1000000) -> 24.899915 | L17: =template_IRP_newest_CP_7reg!P867/(template_IRP_newest_CP_7reg!P935*1000000) -> 25.314282 | M17: =template_IRP_newest_CP_7reg!Q867/(template_IRP_newest_CP_7reg!Q935*1000000) -> 25.539202 | O17: =O5 -> Europe | P17: =E16 -> 14.353589 | Q17: =M16 -> 15.338822 | S17: Copper | T17: =E68 -> 3.2862838 | U17: =M68 -> 3.2612676
C18: Multi-Family Houses | D18: m2/cap | E18: =template_IRP_newest_CP_7reg!I868/(template_IRP_newest_CP_7reg!I936*1000000) -> 20.218658 | F18: =template_IRP_newest_CP_7reg!J868/(template_IRP_newest_CP_7reg!J936*1000000) -> 20.559178 | G18: =template_IRP_newest_CP_7reg!K868/(template_IRP_newest_CP_7reg!K936*1000000) -> 21.679167 | H18: =template_IRP_newest_CP_7reg!L868/(template_IRP_newest_CP_7reg!L936*1000000) -> 22.575509 | I18: =template_IRP_newest_CP_7reg!M868/(template_IRP_newest_CP_7reg!M936*1000000) -> 23.20835 | J18: =template_IRP_newest_CP_7reg!N868/(template_IRP_newest_CP_7reg!N936*1000000) -> 23.723915 | K18: =template_IRP_newest_CP_7reg!O868/(template_IRP_newest_CP_7reg!O936*1000000) -> 24.137003 | L18: =template_IRP_newest_CP_7reg!P868/(template_IRP_newest_CP_7reg!P936*1000000) -> 24.527274 | M18: =template_IRP_newest_CP_7reg!Q868/(template_IRP_newest_CP_7reg!Q936*1000000) -> 24.65668 | O18: =O6 -> EECCA | P18: =E21 -> 4.4970505 | Q18: =M21 -> 8.7940294 | S18: Concrete | T18: =E77 -> 880.92819 | U18: =M77 -> 827.24715
C19: Residential Towers | D19: m2/cap | E19: =template_IRP_newest_CP_7reg!I869/(template_IRP_newest_CP_7reg!I937*1000000) -> 18.631626 | F19: =template_IRP_newest_CP_7reg!J869/(template_IRP_newest_CP_7reg!J937*1000000) -> 18.939431 | G19: =template_IRP_newest_CP_7reg!K869/(template_IRP_newest_CP_7reg!K937*1000000) -> 20.040805 | H19: =template_IRP_newest_CP_7reg!L869/(template_IRP_newest_CP_7reg!L937*1000000) -> 20.956962 | I19: =template_IRP_newest_CP_7reg!M869/(template_IRP_newest_CP_7reg!M937*1000000) -> 21.649924 | J19: =template_IRP_newest_CP_7reg!N869/(template_IRP_newest_CP_7reg!N937*1000000) -> 22.270484 | K19: =template_IRP_newest_CP_7reg!O869/(template_IRP_newest_CP_7reg!O937*1000000) -> 22.836665 | L19: =template_IRP_newest_CP_7reg!P869/(template_IRP_newest_CP_7reg!P937*1000000) -> 23.386777 | M19: =template_IRP_newest_CP_7reg!Q869/(template_IRP_newest_CP_7reg!Q937*1000000) -> 23.630835 | O19: =O7 -> Africa | P19: =E26 -> 1.6870683 | Q19: =M26 -> 4.1804172 | S19: Glass | T19: =E86 -> 7.7190328 | U19: =M86 -> 7.3907984
C20: Residential Total | D20: m2/cap | E20: =SUM(template_IRP_newest_CP_7reg!I867:I869)/(SUM(template_IRP_newest_CP_7reg!I935:I937)*1000000) -> 20.343442 | F20: =SUM(template_IRP_newest_CP_7reg!J867:J869)/(SUM(template_IRP_newest_CP_7reg!J935:J937)*1000000) -> 20.62254 | G20: =SUM(template_IRP_newest_CP_7reg!K867:K869)/(SUM(template_IRP_newest_CP_7reg!K935:K937)*1000000) -> 21.665604 | H20: =SUM(template_IRP_newest_CP_7reg!L867:L869)/(SUM(template_IRP_newest_CP_7reg!L935:L937)*1000000) -> 22.54726 | I20: =SUM(template_IRP_newest_CP_7reg!M867:M869)/(SUM(template_IRP_newest_CP_7reg!M935:M937)*1000000) -> 23.221772 | J20: =SUM(template_IRP_newest_CP_7reg!N867:N869)/(SUM(template_IRP_newest_CP_7reg!N935:N937)*1000000) -> 23.786819 | K20: =SUM(template_IRP_newest_CP_7reg!O867:O869)/(SUM(template_IRP_newest_CP_7reg!O935:O937)*1000000) -> 24.21804 | L20: =SUM(template_IRP_newest_CP_7reg!P867:P869)/(SUM(template_IRP_newest_CP_7reg!P935:P937)*1000000) -> 24.630702 | M20: =SUM(template_IRP_newest_CP_7reg!Q867:Q869)/(SUM(template_IRP_newest_CP_7reg!Q935:Q937)*1000000) -> 24.808878 | O20: =O8 -> West Asia | P20: =E31 -> 3.6611502 | Q20: =M31 -> 6.5363523 | S20: Wood | T20: =E95 -> 16.826321 | U20: =M95 -> 21.496855
C21: Commercial | D21: m2/cap | E21: =SUM(template_IRP_newest_CP_7reg!I870:I873)/(SUM(template_IRP_newest_CP_7reg!I935:I937)*1000000) -> 4.4970505 | F21: =SUM(template_IRP_newest_CP_7reg!J870:J873)/(SUM(template_IRP_newest_CP_7reg!J935:J937)*1000000) -> 4.9635107 | G21: =SUM(template_IRP_newest_CP_7reg!K870:K873)/(SUM(template_IRP_newest_CP_7reg!K935:K937)*1000000) -> 5.8070005 | H21: =SUM(template_IRP_newest_CP_7reg!L870:L873)/(SUM(template_IRP_newest_CP_7reg!L935:L937)*1000000) -> 6.6038705 | I21: =SUM(template_IRP_newest_CP_7reg!M870:M873)/(SUM(template_IRP_newest_CP_7reg!M935:M937)*1000000) -> 7.2584192 | J21: =SUM(template_IRP_newest_CP_7reg!N870:N873)/(SUM(template_IRP_newest_CP_7reg!N935:N937)*1000000) -> 7.7574389 | K21: =SUM(template_IRP_newest_CP_7reg!O870:O873)/(SUM(template_IRP_newest_CP_7reg!O935:O937)*1000000) -> 8.1178383 | L21: =SUM(template_IRP_newest_CP_7reg!P870:P873)/(SUM(template_IRP_newest_CP_7reg!P935:P937)*1000000) -> 8.4555263 | M21: =SUM(template_IRP_newest_CP_7reg!Q870:Q873)/(SUM(template_IRP_newest_CP_7reg!Q935:Q937)*1000000) -> 8.7940294 | O21: =O9 -> Asia + Pacific | P21: =E36 -> 3.609521 | Q21: =M36 -> 8.2757714
B22: Africa | C22: Single-Family Houses | D22: m2/cap | E22: =template_IRP_newest_CP_7reg!I1107/(template_IRP_newest_CP_7reg!I1175*1000000) -> 10.604086 | F22: =template_IRP_newest_CP_7reg!J1107/(template_IRP_newest_CP_7reg!J1175*1000000) -> 10.534764 | G22: =template_IRP_newest_CP_7reg!K1107/(template_IRP_newest_CP_7reg!K1175*1000000) -> 10.987246 | H22: =template_IRP_newest_CP_7reg!L1107/(template_IRP_newest_CP_7reg!L1175*1000000) -> 11.602495 | I22: =template_IRP_newest_CP_7reg!M1107/(template_IRP_newest_CP_7reg!M1175*1000000) -> 12.282449 | J22: =template_IRP_newest_CP_7reg!N1107/(template_IRP_newest_CP_7reg!N1175*1000000) -> 13.092782 | K22: =template_IRP_newest_CP_7reg!O1107/(template_IRP_newest_CP_7reg!O1175*1000000) -> 14.087812 | L22: =template_IRP_newest_CP_7reg!P1107/(template_IRP_newest_CP_7reg!P1175*1000000) -> 15.440822 | M22: =template_IRP_newest_CP_7reg!Q1107/(template_IRP_newest_CP_7reg!Q1175*1000000) -> 16.950235 | O22: =O10 -> World | P22: =E41 -> 5.0014535 | Q22: =M41 -> 8.0725424
C23: Multi-Family Houses | D23: m2/cap | E23: =template_IRP_newest_CP_7reg!I1108/(template_IRP_newest_CP_7reg!I1176*1000000) -> 10.032692 | F23: =template_IRP_newest_CP_7reg!J1108/(template_IRP_newest_CP_7reg!J1176*1000000) -> 10.000749 | G23: =template_IRP_newest_CP_7reg!K1108/(template_IRP_newest_CP_7reg!K1176*1000000) -> 10.46063 | H23: =template_IRP_newest_CP_7reg!L1108/(template_IRP_newest_CP_7reg!L1176*1000000) -> 11.04504 | I23: =template_IRP_newest_CP_7reg!M1108/(template_IRP_newest_CP_7reg!M1176*1000000) -> 11.648399 | J23: =template_IRP_newest_CP_7reg!N1108/(template_IRP_newest_CP_7reg!N1176*1000000) -> 12.326664 | K23: =template_IRP_newest_CP_7reg!O1108/(template_IRP_newest_CP_7reg!O1176*1000000) -> 13.130999 | L23: =template_IRP_newest_CP_7reg!P1108/(template_IRP_newest_CP_7reg!P1176*1000000) -> 14.242687 | M23: =template_IRP_newest_CP_7reg!Q1108/(template_IRP_newest_CP_7reg!Q1176*1000000) -> 15.511929
C24: Residential Towers | D24: m2/cap | E24: =template_IRP_newest_CP_7reg!I1109/(template_IRP_newest_CP_7reg!I1177*1000000) -> 9.6252613 | F24: =template_IRP_newest_CP_7reg!J1109/(template_IRP_newest_CP_7reg!J1177*1000000) -> 9.5672575 | G24: =template_IRP_newest_CP_7reg!K1109/(template_IRP_newest_CP_7reg!K1177*1000000) -> 10.036239 | H24: =template_IRP_newest_CP_7reg!L1109/(template_IRP_newest_CP_7reg!L1177*1000000) -> 10.655092 | I24: =template_IRP_newest_CP_7reg!M1109/(template_IRP_newest_CP_7reg!M1177*1000000) -> 11.313668 | J24: =template_IRP_newest_CP_7reg!N1109/(template_IRP_newest_CP_7reg!N1177*1000000) -> 12.065433 | K24: =template_IRP_newest_CP_7reg!O1109/(template_IRP_newest_CP_7reg!O1177*1000000) -> 12.961257 | L24: =template_IRP_newest_CP_7reg!P1109/(template_IRP_newest_CP_7reg!P1177*1000000) -> 14.167327 | M24: =template_IRP_newest_CP_7reg!Q1109/(template_IRP_newest_CP_7reg!Q1177*1000000) -> 15.513389
C25: Residential Total | D25: m2/cap | E25: =SUM(template_IRP_newest_CP_7reg!I1107:I1109)/(SUM(template_IRP_newest_CP_7reg!I1175:I1177)*1000000) -> 10.34158 | F25: =SUM(template_IRP_newest_CP_7reg!J1107:J1109)/(SUM(template_IRP_newest_CP_7reg!J1175:J1177)*1000000) -> 10.274235 | G25: =SUM(template_IRP_newest_CP_7reg!K1107:K1109)/(SUM(template_IRP_newest_CP_7reg!K1175:K1177)*1000000) -> 10.720666 | H25: =SUM(template_IRP_newest_CP_7reg!L1107:L1109)/(SUM(template_IRP_newest_CP_7reg!L1175:L1177)*1000000) -> 11.316703 | I25: =SUM(template_IRP_newest_CP_7reg!M1107:M1109)/(SUM(template_IRP_newest_CP_7reg!M1175:M1177)*1000000) -> 11.959402 | J25: =SUM(template_IRP_newest_CP_7reg!N1107:N1109)/(SUM(template_IRP_newest_CP_7reg!N1175:N1177)*1000000) -> 12.707902 | K25: =SUM(template_IRP_newest_CP_7reg!O1107:O1109)/(SUM(template_IRP_newest_CP_7reg!O1175:O1177)*1000000) -> 13.612462 | L25: =SUM(template_IRP_newest_CP_7reg!P1107:P1109)/(SUM(template_IRP_newest_CP_7reg!P1175:P1177)*1000000) -> 14.846111 | M25: =SUM(template_IRP_newest_CP_7reg!Q1107:Q1109)/(SUM(template_IRP_newest_CP_7reg!Q1175:Q1177)*1000000) -> 16.231561
C26: Commercial | D26: m2/cap | E26: =SUM(template_IRP_newest_CP_7reg!I1110:I1113)/(SUM(template_IRP_newest_CP_7reg!I1175:I1178)*1000000) -> 1.6870683 | F26: =SUM(template_IRP_newest_CP_7reg!J1110:J1113)/(SUM(template_IRP_newest_CP_7reg!J1175:J1178)*1000000) -> 1.7187419 | G26: =SUM(template_IRP_newest_CP_7reg!K1110:K1113)/(SUM(template_IRP_newest_CP_7reg!K1175:K1178)*1000000) -> 1.8665657 | H26: =SUM(template_IRP_newest_CP_7reg!L1110:L1113)/(SUM(template_IRP_newest_CP_7reg!L1175:L1178)*1000000) -> 2.0757228 | I26: =SUM(template_IRP_newest_CP_7reg!M1110:M1113)/(SUM(template_IRP_newest_CP_7reg!M1175:M1178)*1000000) -> 2.3469 | J26: =SUM(template_IRP_newest_CP_7reg!N1110:N1113)/(SUM(template_IRP_newest_CP_7reg!N1175:N1178)*1000000) -> 2.6781836 | K26: =SUM(template_IRP_newest_CP_7reg!O1110:O1113)/(SUM(template_IRP_newest_CP_7reg!O1175:O1178)*1000000) -> 3.1069058 | L26: =SUM(template_IRP_newest_CP_7reg!P1110:P1113)/(SUM(template_IRP_newest_CP_7reg!P1175:P1178)*1000000) -> 3.6317636 | M26: =SUM(template_IRP_newest_CP_7reg!Q1110:Q1113)/(SUM(template_IRP_newest_CP_7reg!Q1175:Q1178)*1000000) -> 4.1804172
B27: West Asia | C27: Single-Family Houses | D27: m2/cap | E27: =template_IRP_newest_CP_7reg!I1347/(template_IRP_newest_CP_7reg!I1415*1000000) -> 24.552249 | F27: =template_IRP_newest_CP_7reg!J1347/(template_IRP_newest_CP_7reg!J1415*1000000) -> 24.190982 | G27: =template_IRP_newest_CP_7reg!K1347/(template_IRP_newest_CP_7reg!K1415*1000000) -> 25.137293 | H27: =template_IRP_newest_CP_7reg!L1347/(template_IRP_newest_CP_7reg!L1415*1000000) -> 26.554127 | I27: =template_IRP_newest_CP_7reg!M1347/(template_IRP_newest_CP_7reg!M1415*1000000) -> 27.842275 | J27: =template_IRP_newest_CP_7reg!N1347/(template_IRP_newest_CP_7reg!N1415*1000000) -> 29.070087 | K27: =template_IRP_newest_CP_7reg!O1347/(template_IRP_newest_CP_7reg!O1415*1000000) -> 30.313281 | L27: =template_IRP_newest_CP_7reg!P1347/(template_IRP_newest_CP_7reg!P1415*1000000) -> 31.654183 | M27: =template_IRP_newest_CP_7reg!Q1347/(template_IRP_newest_CP_7reg!Q1415*1000000) -> 32.911
C28: Multi-Family Houses | D28: m2/cap | E28: =template_IRP_newest_CP_7reg!I1348/(template_IRP_newest_CP_7reg!I1416*1000000) -> 18.324145 | F28: =template_IRP_newest_CP_7reg!J1348/(template_IRP_newest_CP_7reg!J1416*1000000) -> 18.039366 | G28: =template_IRP_newest_CP_7reg!K1348/(template_IRP_newest_CP_7reg!K1416*1000000) -> 18.670871 | H28: =template_IRP_newest_CP_7reg!L1348/(template_IRP_newest_CP_7reg!L1416*1000000) -> 19.59762 | I28: =template_IRP_newest_CP_7reg!M1348/(template_IRP_newest_CP_7reg!M1416*1000000) -> 20.401302 | J28: =template_IRP_newest_CP_7reg!N1348/(template_IRP_newest_CP_7reg!N1416*1000000) -> 21.140843 | K28: =template_IRP_newest_CP_7reg!O1348/(template_IRP_newest_CP_7reg!O1416*1000000) -> 21.879433 | L28: =template_IRP_newest_CP_7reg!P1348/(template_IRP_newest_CP_7reg!P1416*1000000) -> 22.695278 | M28: =template_IRP_newest_CP_7reg!Q1348/(template_IRP_newest_CP_7reg!Q1416*1000000) -> 23.480542
C29: Residential Towers | D29: m2/cap | E29: =template_IRP_newest_CP_7reg!I1349/(template_IRP_newest_CP_7reg!I1417*1000000) -> 16.52038 | F29: =template_IRP_newest_CP_7reg!J1349/(template_IRP_newest_CP_7reg!J1417*1000000) -> 16.294065 | G29: =template_IRP_newest_CP_7reg!K1349/(template_IRP_newest_CP_7reg!K1417*1000000) -> 16.962269 | H29: =template_IRP_newest_CP_7reg!L1349/(template_IRP_newest_CP_7reg!L1417*1000000) -> 17.95319 | I29: =template_IRP_newest_CP_7reg!M1349/(template_IRP_newest_CP_7reg!M1417*1000000) -> 18.867738 | J29: =template_IRP_newest_CP_7reg!N1349/(template_IRP_newest_CP_7reg!N1417*1000000) -> 19.751276 | K29: =template_IRP_newest_CP_7reg!O1349/(template_IRP_newest_CP_7reg!O1417*1000000) -> 20.656325 | L29: =template_IRP_newest_CP_7reg!P1349/(template_IRP_newest_CP_7reg!P1417*1000000) -> 21.631663 | M29: =template_IRP_newest_CP_7reg!Q1349/(template_IRP_newest_CP_7reg!Q1417*1000000) -> 22.538043
C30: Residential Total | D30: m2/cap | E30: =SUM(template_IRP_newest_CP_7reg!I1347:I1349)/(SUM(template_IRP_newest_CP_7reg!I1415:I1417)*1000000) -> 21.227544 | F30: =SUM(template_IRP_newest_CP_7reg!J1347:J1349)/(SUM(template_IRP_newest_CP_7reg!J1415:J1417)*1000000) -> 20.843752 | G30: =SUM(template_IRP_newest_CP_7reg!K1347:K1349)/(SUM(template_IRP_newest_CP_7reg!K1415:K1417)*1000000) -> 21.535747 | H30: =SUM(template_IRP_newest_CP_7reg!L1347:L1349)/(SUM(template_IRP_newest_CP_7reg!L1415:L1417)*1000000) -> 22.576491 | I30: =SUM(template_IRP_newest_CP_7reg!M1347:M1349)/(SUM(template_IRP_newest_CP_7reg!M1415:M1417)*1000000) -> 23.471212 | J30: =SUM(template_IRP_newest_CP_7reg!N1347:N1349)/(SUM(template_IRP_newest_CP_7reg!N1415:N1417)*1000000) -> 24.284746 | K30: =SUM(template_IRP_newest_CP_7reg!O1347:O1349)/(SUM(template_IRP_newest_CP_7reg!O1415:O1417)*1000000) -> 25.08608 | L30: =SUM(template_IRP_newest_CP_7reg!P1347:P1349)/(SUM(template_IRP_newest_CP_7reg!P1415:P1417)*1000000) -> 25.964372 | M30: =SUM(template_IRP_newest_CP_7reg!Q1347:Q1349)/(SUM(template_IRP_newest_CP_7reg!Q1415:Q1417)*1000000) -> 26.807831
C31: Commercial | D31: m2/cap | E31: =SUM(template_IRP_newest_CP_7reg!I1350:I1353)/(SUM(template_IRP_newest_CP_7reg!I1415:I1418)*1000000) -> 3.6611502 | F31: =SUM(template_IRP_newest_CP_7reg!J1350:J1353)/(SUM(template_IRP_newest_CP_7reg!J1415:J1418)*1000000) -> 3.822678 | G31: =SUM(template_IRP_newest_CP_7reg!K1350:K1353)/(SUM(template_IRP_newest_CP_7reg!K1415:K1418)*1000000) -> 4.2149322 | H31: =SUM(template_IRP_newest_CP_7reg!L1350:L1353)/(SUM(template_IRP_newest_CP_7reg!L1415:L1418)*1000000) -> 4.695199 | I31: =SUM(template_IRP_newest_CP_7reg!M1350:M1353)/(SUM(template_IRP_newest_CP_7reg!M1415:M1418)*1000000) -> 5.1153845 | J31: =SUM(template_IRP_newest_CP_7reg!N1350:N1353)/(SUM(template_IRP_newest_CP_7reg!N1415:N1418)*1000000) -> 5.4969503 | K31: =SUM(template_IRP_newest_CP_7reg!O1350:O1353)/(SUM(template_IRP_newest_CP_7reg!O1415:O1418)*1000000) -> 5.8194972 | L31: =SUM(template_IRP_newest_CP_7reg!P1350:P1353)/(SUM(template_IRP_newest_CP_7reg!P1415:P1418)*1000000) -> 6.2037671 | M31: =SUM(template_IRP_newest_CP_7reg!Q1350:Q1353)/(SUM(template_IRP_newest_CP_7reg!Q1415:Q1418)*1000000) -> 6.5363523
B32: Asia + Pacific | C32: Single-Family Houses | D32: m2/cap | E32: =template_IRP_newest_CP_7reg!I1587/(template_IRP_newest_CP_7reg!I1655*1000000) -> 16.876056 | F32: =template_IRP_newest_CP_7reg!J1587/(template_IRP_newest_CP_7reg!J1655*1000000) -> 17.307698 | G32: =template_IRP_newest_CP_7reg!K1587/(template_IRP_newest_CP_7reg!K1655*1000000) -> 18.197003 | H32: =template_IRP_newest_CP_7reg!L1587/(template_IRP_newest_CP_7reg!L1655*1000000) -> 19.21724 | I32: =template_IRP_newest_CP_7reg!M1587/(template_IRP_newest_CP_7reg!M1655*1000000) -> 20.301024 | J32: =template_IRP_newest_CP_7reg!N1587/(template_IRP_newest_CP_7reg!N1655*1000000) -> 21.450176 | K32: =template_IRP_newest_CP_7reg!O1587/(template_IRP_newest_CP_7reg!O1655*1000000) -> 22.662291 | L32: =template_IRP_newest_CP_7reg!P1587/(template_IRP_newest_CP_7reg!P1655*1000000) -> 23.867211 | M32: =template_IRP_newest_CP_7reg!Q1587/(template_IRP_newest_CP_7reg!Q1655*1000000) -> 24.961721
C33: Multi-Family Houses | D33: m2/cap | E33: =template_IRP_newest_CP_7reg!I1588/(template_IRP_newest_CP_7reg!I1656*1000000) -> 17.690214 | F33: =template_IRP_newest_CP_7reg!J1588/(template_IRP_newest_CP_7reg!J1656*1000000) -> 18.257509 | G33: =template_IRP_newest_CP_7reg!K1588/(template_IRP_newest_CP_7reg!K1656*1000000) -> 19.160423 | H33: =template_IRP_newest_CP_7reg!L1588/(template_IRP_newest_CP_7reg!L1656*1000000) -> 20.148018 | I33: =template_IRP_newest_CP_7reg!M1588/(template_IRP_newest_CP_7reg!M1656*1000000) -> 21.132987 | J33: =template_IRP_newest_CP_7reg!N1588/(template_IRP_newest_CP_7reg!N1656*1000000) -> 22.100422 | K33: =template_IRP_newest_CP_7reg!O1588/(template_IRP_newest_CP_7reg!O1656*1000000) -> 23.056532 | L33: =template_IRP_newest_CP_7reg!P1588/(template_IRP_newest_CP_7reg!P1656*1000000) -> 23.975547 | M33: =template_IRP_newest_CP_7reg!Q1588/(template_IRP_newest_CP_7reg!Q1656*1000000) -> 24.7975
C34: Residential Towers | D34: m2/cap | E34: =template_IRP_newest_CP_7reg!I1589/(template_IRP_newest_CP_7reg!I1657*1000000) -> 15.186364 | F34: =template_IRP_newest_CP_7reg!J1589/(template_IRP_newest_CP_7reg!J1657*1000000) -> 15.709207 | G34: =template_IRP_newest_CP_7reg!K1589/(template_IRP_newest_CP_7reg!K1657*1000000) -> 16.651031 | H34: =template_IRP_newest_CP_7reg!L1589/(template_IRP_newest_CP_7reg!L1657*1000000) -> 17.762081 | I34: =template_IRP_newest_CP_7reg!M1589/(template_IRP_newest_CP_7reg!M1657*1000000) -> 18.964903 | J34: =template_IRP_newest_CP_7reg!N1589/(template_IRP_newest_CP_7reg!N1657*1000000) -> 20.239377 | K34: =template_IRP_newest_CP_7reg!O1589/(template_IRP_newest_CP_7reg!O1657*1000000) -> 21.568931 | L34: =template_IRP_newest_CP_7reg!P1589/(template_IRP_newest_CP_7reg!P1657*1000000) -> 22.813557 | M34: =template_IRP_newest_CP_7reg!Q1589/(template_IRP_newest_CP_7reg!Q1657*1000000) -> 23.893011
C35: Residential Total | D35: m2/cap | E35: =SUM(template_IRP_newest_CP_7reg!I1587:I1589)/(SUM(template_IRP_newest_CP_7reg!I1655:I1657)*1000000) -> 16.874322 | F35: =SUM(template_IRP_newest_CP_7reg!J1587:J1589)/(SUM(template_IRP_newest_CP_7reg!J1655:J1657)*1000000) -> 17.347909 | G35: =SUM(template_IRP_newest_CP_7reg!K1587:K1589)/(SUM(template_IRP_newest_CP_7reg!K1655:K1657)*1000000) -> 18.243613 | H35: =SUM(template_IRP_newest_CP_7reg!L1587:L1589)/(SUM(template_IRP_newest_CP_7reg!L1655:L1657)*1000000) -> 19.263305 | I35: =SUM(template_IRP_newest_CP_7reg!M1587:M1589)/(SUM(template_IRP_newest_CP_7reg!M1655:M1657)*1000000) -> 20.332595 | J35: =SUM(template_IRP_newest_CP_7reg!N1587:N1589)/(SUM(template_IRP_newest_CP_7reg!N1655:N1657)*1000000) -> 21.444014 | K35: =SUM(template_IRP_newest_CP_7reg!O1587:O1589)/(SUM(template_IRP_newest_CP_7reg!O1655:O1657)*1000000) -> 22.593279 | L35: =SUM(template_IRP_newest_CP_7reg!P1587:P1589)/(SUM(template_IRP_newest_CP_7reg!P1655:P1657)*1000000) -> 23.709542 | M35: =SUM(template_IRP_newest_CP_7reg!Q1587:Q1589)/(SUM(template_IRP_newest_CP_7reg!Q1655:Q1657)*1000000) -> 24.706867
C36: Commercial | D36: m2/cap | E36: =SUM(template_IRP_newest_CP_7reg!I1590:I1593)/(SUM(template_IRP_newest_CP_7reg!I1655:I1658)*1000000) -> 3.609521 | F36: =SUM(template_IRP_newest_CP_7reg!J1590:J1593)/(SUM(template_IRP_newest_CP_7reg!J1655:J1658)*1000000) -> 4.3493962 | G36: =SUM(template_IRP_newest_CP_7reg!K1590:K1593)/(SUM(template_IRP_newest_CP_7reg!K1655:K1658)*1000000) -> 5.1448666 | H36: =SUM(template_IRP_newest_CP_7reg!L1590:L1593)/(SUM(template_IRP_newest_CP_7reg!L1655:L1658)*1000000) -> 5.839024 | I36: =SUM(template_IRP_newest_CP_7reg!M1590:M1593)/(SUM(template_IRP_newest_CP_7reg!M1655:M1658)*1000000) -> 6.4560373 | J36: =SUM(template_IRP_newest_CP_7reg!N1590:N1593)/(SUM(template_IRP_newest_CP_7reg!N1655:N1658)*1000000) -> 6.9919066 | K36: =SUM(template_IRP_newest_CP_7reg!O1590:O1593)/(SUM(template_IRP_newest_CP_7reg!O1655:O1658)*1000000) -> 7.4558886 | L36: =SUM(template_IRP_newest_CP_7reg!P1590:P1593)/(SUM(template_IRP_newest_CP_7reg!P1655:P1658)*1000000) -> 7.8962602 | M36: =SUM(template_IRP_newest_CP_7reg!Q1590:Q1593)/(SUM(template_IRP_newest_CP_7reg!Q1655:Q1658)*1000000) -> 8.2757714
B37: World | C37: Single-Family Houses | D37: m2/cap | E37: =template_IRP_newest_CP_7reg!I1827/(template_IRP_newest_CP_7reg!I1895*1000000) -> 20.000948 | F37: =template_IRP_newest_CP_7reg!J1827/(template_IRP_newest_CP_7reg!J1895*1000000) -> 19.836683 | G37: =template_IRP_newest_CP_7reg!K1827/(template_IRP_newest_CP_7reg!K1895*1000000) -> 20.175831 | H37: =template_IRP_newest_CP_7reg!L1827/(template_IRP_newest_CP_7reg!L1895*1000000) -> 20.639823 | I37: =template_IRP_newest_CP_7reg!M1827/(template_IRP_newest_CP_7reg!M1895*1000000) -> 21.144682 | J37: =template_IRP_newest_CP_7reg!N1827/(template_IRP_newest_CP_7reg!N1895*1000000) -> 21.709355 | K37: =template_IRP_newest_CP_7reg!O1827/(template_IRP_newest_CP_7reg!O1895*1000000) -> 22.376995 | L37: =template_IRP_newest_CP_7reg!P1827/(template_IRP_newest_CP_7reg!P1895*1000000) -> 23.365447 | M37: =template_IRP_newest_CP_7reg!Q1827/(template_IRP_newest_CP_7reg!Q1895*1000000) -> 24.371135
C38: Multi-Family Houses | D38: m2/cap | E38: =template_IRP_newest_CP_7reg!I1828/(template_IRP_newest_CP_7reg!I1896*1000000) -> 20.318005 | F38: =template_IRP_newest_CP_7reg!J1828/(template_IRP_newest_CP_7reg!J1896*1000000) -> 20.142036 | G38: =template_IRP_newest_CP_7reg!K1828/(template_IRP_newest_CP_7reg!K1896*1000000) -> 20.404169 | H38: =template_IRP_newest_CP_7reg!L1828/(template_IRP_newest_CP_7reg!L1896*1000000) -> 20.752969 | I38: =template_IRP_newest_CP_7reg!M1828/(template_IRP_newest_CP_7reg!M1896*1000000) -> 21.109454 | J38: =template_IRP_newest_CP_7reg!N1828/(template_IRP_newest_CP_7reg!N1896*1000000) -> 21.489648 | K38: =template_IRP_newest_CP_7reg!O1828/(template_IRP_newest_CP_7reg!O1896*1000000) -> 21.936694 | L38: =template_IRP_newest_CP_7reg!P1828/(template_IRP_newest_CP_7reg!P1896*1000000) -> 22.623694 | M38: =template_IRP_newest_CP_7reg!Q1828/(template_IRP_newest_CP_7reg!Q1896*1000000) -> 23.338487
C39: Residential Towers | D39: m2/cap | E39: =template_IRP_newest_CP_7reg!I1829/(template_IRP_newest_CP_7reg!I1897*1000000) -> 19.111898 | F39: =template_IRP_newest_CP_7reg!J1829/(template_IRP_newest_CP_7reg!J1897*1000000) -> 18.825021 | G39: =template_IRP_newest_CP_7reg!K1829/(template_IRP_newest_CP_7reg!K1897*1000000) -> 19.000417 | H39: =template_IRP_newest_CP_7reg!L1829/(template_IRP_newest_CP_7reg!L1897*1000000) -> 19.32471 | I39: =template_IRP_newest_CP_7reg!M1829/(template_IRP_newest_CP_7reg!M1897*1000000) -> 19.73102 | J39: =template_IRP_newest_CP_7reg!N1829/(template_IRP_newest_CP_7reg!N1897*1000000) -> 20.230133 | K39: =template_IRP_newest_CP_7reg!O1829/(template_IRP_newest_CP_7reg!O1897*1000000) -> 20.853619 | L39: =template_IRP_newest_CP_7reg!P1829/(template_IRP_newest_CP_7reg!P1897*1000000) -> 21.722662 | M39: =template_IRP_newest_CP_7reg!Q1829/(template_IRP_newest_CP_7reg!Q1897*1000000) -> 22.582979
C40: Residential Total | D40: m2/cap | E40: =SUM(template_IRP_newest_CP_7reg!I1827:I1829)/(SUM(template_IRP_newest_CP_7reg!I1895:I1897)*1000000) -> 19.959525 | F40: =SUM(template_IRP_newest_CP_7reg!J1827:J1829)/(SUM(template_IRP_newest_CP_7reg!J1895:J1897)*1000000) -> 19.770981 | G40: =SUM(template_IRP_newest_CP_7reg!K1827:K1829)/(SUM(template_IRP_newest_CP_7reg!K1895:K1897)*1000000) -> 20.058662 | H40: =SUM(template_IRP_newest_CP_7reg!L1827:L1829)/(SUM(template_IRP_newest_CP_7reg!L1895:L1897)*1000000) -> 20.459902 | I40: =SUM(template_IRP_newest_CP_7reg!M1827:M1829)/(SUM(template_IRP_newest_CP_7reg!M1895:M1897)*1000000) -> 20.894531 | J40: =SUM(template_IRP_newest_CP_7reg!N1827:N1829)/(SUM(template_IRP_newest_CP_7reg!N1895:N1897)*1000000) -> 21.379247 | K40: =SUM(template_IRP_newest_CP_7reg!O1827:O1829)/(SUM(template_IRP_newest_CP_7reg!O1895:O1897)*1000000) -> 21.954877 | L40: =SUM(template_IRP_newest_CP_7reg!P1827:P1829)/(SUM(template_IRP_newest_CP_7reg!P1895:P1897)*1000000) -> 22.805998 | M40: =SUM(template_IRP_newest_CP_7reg!Q1827:Q1829)/(SUM(template_IRP_newest_CP_7reg!Q1895:Q1897)*1000000) -> 23.669749
C41: Commercial | D41: m2/cap | E41: =SUM(template_IRP_newest_CP_7reg!I1830:I1833)/(SUM(template_IRP_newest_CP_7reg!I1895:I1898)*1000000) -> 5.0014535 | F41: =SUM(template_IRP_newest_CP_7reg!J1830:J1833)/(SUM(template_IRP_newest_CP_7reg!J1895:J1898)*1000000) -> 5.4268632 | G41: =SUM(template_IRP_newest_CP_7reg!K1830:K1833)/(SUM(template_IRP_newest_CP_7reg!K1895:K1898)*1000000) -> 5.9356578 | H41: =SUM(template_IRP_newest_CP_7reg!L1830:L1833)/(SUM(template_IRP_newest_CP_7reg!L1895:L1898)*1000000) -> 6.3838528 | I41: =SUM(template_IRP_newest_CP_7reg!M1830:M1833)/(SUM(template_IRP_newest_CP_7reg!M1895:M1898)*1000000) -> 6.7797991 | J41: =SUM(template_IRP_newest_CP_7reg!N1830:N1833)/(SUM(template_IRP_newest_CP_7reg!N1895:N1898)*1000000) -> 7.1250425 | K41: =SUM(template_IRP_newest_CP_7reg!O1830:O1833)/(SUM(template_IRP_newest_CP_7reg!O1895:O1898)*1000000) -> 7.4398515 | L41: =SUM(template_IRP_newest_CP_7reg!P1830:P1833)/(SUM(template_IRP_newest_CP_7reg!P1895:P1898)*1000000) -> 7.7645578 | M41: =SUM(template_IRP_newest_CP_7reg!Q1830:Q1833)/(SUM(template_IRP_newest_CP_7reg!Q1895:Q1898)*1000000) -> 8.0725424
A42: Steel Intensity (of the stock) | B42: North America | C42: Residential Total | D42: kg Steel/m2 | E42: =(template_IRP_newest_CP_7reg!F179*1000000000)/SUM(template_IRP_newest_CP_7reg!F147:F149) -> 30.393613 | F42: =(template_IRP_newest_CP_7reg!G179*1000000000)/SUM(template_IRP_newest_CP_7reg!G147:G149) -> 30.669288 | G42: =(template_IRP_newest_CP_7reg!H179*1000000000)/SUM(template_IRP_newest_CP_7reg!H147:H149) -> 30.903554 | H42: =(template_IRP_newest_CP_7reg!I179*1000000000)/SUM(template_IRP_newest_CP_7reg!I147:I149) -> 31.13092 | I42: =(template_IRP_newest_CP_7reg!J179*1000000000)/SUM(template_IRP_newest_CP_7reg!J147:J149) -> 31.34694 | J42: =(template_IRP_newest_CP_7reg!K179*1000000000)/SUM(template_IRP_newest_CP_7reg!K147:K149) -> 31.571996 | K42: =(template_IRP_newest_CP_7reg!L179*1000000000)/SUM(template_IRP_newest_CP_7reg!L147:L149) -> 31.804153 | L42: =(template_IRP_newest_CP_7reg!M179*1000000000)/SUM(template_IRP_newest_CP_7reg!M147:M149) -> 32.043543 | M42: =(template_IRP_newest_CP_7reg!N179*1000000000)/SUM(template_IRP_newest_CP_7reg!N147:N149) -> 32.286268
B43: Latin America + Caribbean | C43: Residential Total | D43: kg Steel/m2 | E43: =(template_IRP_newest_CP_7reg!F419*1000000000)/SUM(template_IRP_newest_CP_7reg!F387:F389) -> 52.643441 | F43: =(template_IRP_newest_CP_7reg!G419*1000000000)/SUM(template_IRP_newest_CP_7reg!G387:G389) -> 53.063437 | G43: =(template_IRP_newest_CP_7reg!H419*1000000000)/SUM(template_IRP_newest_CP_7reg!H387:H389) -> 53.425256 | H43: =(template_IRP_newest_CP_7reg!I419*1000000000)/SUM(template_IRP_newest_CP_7reg!I387:I389) -> 53.744609 | I43: =(template_IRP_newest_CP_7reg!J419*1000000000)/SUM(template_IRP_newest_CP_7reg!J387:J389) -> 54.071778 | J43: =(template_IRP_newest_CP_7reg!K419*1000000000)/SUM(template_IRP_newest_CP_7reg!K387:K389) -> 54.388261 | K43: =(template_IRP_newest_CP_7reg!L419*1000000000)/SUM(template_IRP_newest_CP_7reg!L387:L389) -> 54.639648 | L43: =(template_IRP_newest_CP_7reg!M419*1000000000)/SUM(template_IRP_newest_CP_7reg!M387:M389) -> 54.818839 | M43: =(template_IRP_newest_CP_7reg!N419*1000000000)/SUM(template_IRP_newest_CP_7reg!N387:N389) -> 54.917408
B44: Europe | C44: Residential Total | D44: kg Steel/m2 | E44: =(template_IRP_newest_CP_7reg!F659*1000000000)/SUM(template_IRP_newest_CP_7reg!F627:F629) -> 61.934486 | F44: =(template_IRP_newest_CP_7reg!G659*1000000000)/SUM(template_IRP_newest_CP_7reg!G627:G629) -> 62.234972 | G44: =(template_IRP_newest_CP_7reg!H659*1000000000)/SUM(template_IRP_newest_CP_7reg!H627:H629) -> 62.604629 | H44: =(template_IRP_newest_CP_7reg!I659*1000000000)/SUM(template_IRP_newest_CP_7reg!I627:I629) -> 63.09639 | I44: =(template_IRP_newest_CP_7reg!J659*1000000000)/SUM(template_IRP_newest_CP_7reg!J627:J629) -> 63.552732 | J44: =(template_IRP_newest_CP_7reg!K659*1000000000)/SUM(template_IRP_newest_CP_7reg!K627:K629) -> 63.904473 | K44: =(template_IRP_newest_CP_7reg!L659*1000000000)/SUM(template_IRP_newest_CP_7reg!L627:L629) -> 64.175398 | L44: =(template_IRP_newest_CP_7reg!M659*1000000000)/SUM(template_IRP_newest_CP_7reg!M627:M629) -> 64.355239 | M44: =(template_IRP_newest_CP_7reg!N659*1000000000)/SUM(template_IRP_newest_CP_7reg!N627:N629) -> 64.427287
B45: EECCA | C45: Residential Total | D45: kg Steel/m2 | E45: =(template_IRP_newest_CP_7reg!F899*1000000000)/SUM(template_IRP_newest_CP_7reg!F867:F869) -> 51.768618 | F45: =(template_IRP_newest_CP_7reg!G899*1000000000)/SUM(template_IRP_newest_CP_7reg!G867:G869) -> 51.899256 | G45: =(template_IRP_newest_CP_7reg!H899*1000000000)/SUM(template_IRP_newest_CP_7reg!H867:H869) -> 52.269213 | H45: =(template_IRP_newest_CP_7reg!I899*1000000000)/SUM(template_IRP_newest_CP_7reg!I867:I869) -> 52.789029 | I45: =(template_IRP_newest_CP_7reg!J899*1000000000)/SUM(template_IRP_newest_CP_7reg!J867:J869) -> 53.26908 | J45: =(template_IRP_newest_CP_7reg!K899*1000000000)/SUM(template_IRP_newest_CP_7reg!K867:K869) -> 53.746519 | K45: =(template_IRP_newest_CP_7reg!L899*1000000000)/SUM(template_IRP_newest_CP_7reg!L867:L869) -> 54.150769 | L45: =(template_IRP_newest_CP_7reg!M899*1000000000)/SUM(template_IRP_newest_CP_7reg!M867:M869) -> 54.467551 | M45: =(template_IRP_newest_CP_7reg!N899*1000000000)/SUM(template_IRP_newest_CP_7reg!N867:N869) -> 54.724879
B46: Africa | C46: Residential Total | D46: kg Steel/m2 | E46: =(template_IRP_newest_CP_7reg!F1139*1000000000)/SUM(template_IRP_newest_CP_7reg!F1107:F1109) -> 42.167906 | F46: =(template_IRP_newest_CP_7reg!G1139*1000000000)/SUM(template_IRP_newest_CP_7reg!G1107:G1109) -> 42.785817 | G46: =(template_IRP_newest_CP_7reg!H1139*1000000000)/SUM(template_IRP_newest_CP_7reg!H1107:H1109) -> 43.306426 | H46: =(template_IRP_newest_CP_7reg!I1139*1000000000)/SUM(template_IRP_newest_CP_7reg!I1107:I1109) -> 43.920746 | I46: =(template_IRP_newest_CP_7reg!J1139*1000000000)/SUM(template_IRP_newest_CP_7reg!J1107:J1109) -> 44.360862 | J46: =(template_IRP_newest_CP_7reg!K1139*1000000000)/SUM(template_IRP_newest_CP_7reg!K1107:K1109) -> 44.750484 | K46: =(template_IRP_newest_CP_7reg!L1139*1000000000)/SUM(template_IRP_newest_CP_7reg!L1107:L1109) -> 45.035882 | L46: =(template_IRP_newest_CP_7reg!M1139*1000000000)/SUM(template_IRP_newest_CP_7reg!M1107:M1109) -> 45.201277 | M46: =(template_IRP_newest_CP_7reg!N1139*1000000000)/SUM(template_IRP_newest_CP_7reg!N1107:N1109) -> 45.234829
B47: West Asia | C47: Residential Total | D47: kg Steel/m2 | E47: =(template_IRP_newest_CP_7reg!F1379*1000000000)/SUM(template_IRP_newest_CP_7reg!F1347:F1349) -> 82.647205 | F47: =(template_IRP_newest_CP_7reg!G1379*1000000000)/SUM(template_IRP_newest_CP_7reg!G1347:G1349) -> 82.957217 | G47: =(template_IRP_newest_CP_7reg!H1379*1000000000)/SUM(template_IRP_newest_CP_7reg!H1347:H1349) -> 83.273416 | H47: =(template_IRP_newest_CP_7reg!I1379*1000000000)/SUM(template_IRP_newest_CP_7reg!I1347:I1349) -> 83.598879 | I47: =(template_IRP_newest_CP_7reg!J1379*1000000000)/SUM(template_IRP_newest_CP_7reg!J1347:J1349) -> 84.02656 | J47: =(template_IRP_newest_CP_7reg!K1379*1000000000)/SUM(template_IRP_newest_CP_7reg!K1347:K1349) -> 84.546664 | K47: =(template_IRP_newest_CP_7reg!L1379*1000000000)/SUM(template_IRP_newest_CP_7reg!L1347:L1349) -> 85.073936 | L47: =(template_IRP_newest_CP_7reg!M1379*1000000000)/SUM(template_IRP_newest_CP_7reg!M1347:M1349) -> 85.547201 | M47: =(template_IRP_newest_CP_7reg!N1379*1000000000)/SUM(template_IRP_newest_CP_7reg!N1347:N1349) -> 85.931741
B48: Asia + Pacific | C48: Residential Total | D48: kg Steel/m2 | E48: =(template_IRP_newest_CP_7reg!F1619*1000000000)/SUM(template_IRP_newest_CP_7reg!F1587:F1589) -> 52.737829 | F48: =(template_IRP_newest_CP_7reg!G1619*1000000000)/SUM(template_IRP_newest_CP_7reg!G1587:G1589) -> 53.678963 | G48: =(template_IRP_newest_CP_7reg!H1619*1000000000)/SUM(template_IRP_newest_CP_7reg!H1587:H1589) -> 54.570065 | H48: =(template_IRP_newest_CP_7reg!I1619*1000000000)/SUM(template_IRP_newest_CP_7reg!I1587:I1589) -> 55.576745 | I48: =(template_IRP_newest_CP_7reg!J1619*1000000000)/SUM(template_IRP_newest_CP_7reg!J1587:J1589) -> 56.677006 | J48: =(template_IRP_newest_CP_7reg!K1619*1000000000)/SUM(template_IRP_newest_CP_7reg!K1587:K1589) -> 57.596391 | K48: =(template_IRP_newest_CP_7reg!L1619*1000000000)/SUM(template_IRP_newest_CP_7reg!L1587:L1589) -> 58.501627 | L48: =(template_IRP_newest_CP_7reg!M1619*1000000000)/SUM(template_IRP_newest_CP_7reg!M1587:M1589) -> 59.286831 | M48: =(template_IRP_newest_CP_7reg!N1619*1000000000)/SUM(template_IRP_newest_CP_7reg!N1587:N1589) -> 59.884805
B49: World | C49: Residential Total | D49: kg Steel/m2 | E49: =(template_IRP_newest_CP_7reg!F1859*1000000000)/SUM(template_IRP_newest_CP_7reg!F1827:F1829) -> 51.30897 | F49: =(template_IRP_newest_CP_7reg!G1859*1000000000)/SUM(template_IRP_newest_CP_7reg!G1827:G1829) -> 52.080607 | G49: =(template_IRP_newest_CP_7reg!H1859*1000000000)/SUM(template_IRP_newest_CP_7reg!H1827:H1829) -> 52.708221 | H49: =(template_IRP_newest_CP_7reg!I1859*1000000000)/SUM(template_IRP_newest_CP_7reg!I1827:I1829) -> 53.412944 | I49: =(template_IRP_newest_CP_7reg!J1859*1000000000)/SUM(template_IRP_newest_CP_7reg!J1827:J1829) -> 54.228831 | J49: =(template_IRP_newest_CP_7reg!K1859*1000000000)/SUM(template_IRP_newest_CP_7reg!K1827:K1829) -> 55.007416 | K49: =(template_IRP_newest_CP_7reg!L1859*1000000000)/SUM(template_IRP_newest_CP_7reg!L1827:L1829) -> 55.768817 | L49: =(template_IRP_newest_CP_7reg!M1859*1000000000)/SUM(template_IRP_newest_CP_7reg!M1827:M1829) -> 56.426322 | M49: =(template_IRP_newest_CP_7reg!N1859*1000000000)/SUM(template_IRP_newest_CP_7reg!N1827:N1829) -> 56.927264
B50: World | C50: Commercial | D50: kg Steel/m2 | E50: =(template_IRP_newest_CP_7reg!F1860*1000000000)/SUM(template_IRP_newest_CP_7reg!F1830:F1833) -> 85.994533 | F50: =(template_IRP_newest_CP_7reg!G1860*1000000000)/SUM(template_IRP_newest_CP_7reg!G1830:G1833) -> 86.033591 | G50: =(template_IRP_newest_CP_7reg!H1860*1000000000)/SUM(template_IRP_newest_CP_7reg!H1830:H1833) -> 86.043048 | H50: =(template_IRP_newest_CP_7reg!I1860*1000000000)/SUM(template_IRP_newest_CP_7reg!I1830:I1833) -> 86.034725 | I50: =(template_IRP_newest_CP_7reg!J1860*1000000000)/SUM(template_IRP_newest_CP_7reg!J1830:J1833) -> 85.679418 | J50: =(template_IRP_newest_CP_7reg!K1860*1000000000)/SUM(template_IRP_newest_CP_7reg!K1830:K1833) -> 84.820641 | K50: =(template_IRP_newest_CP_7reg!L1860*1000000000)/SUM(template_IRP_newest_CP_7reg!L1830:L1833) -> 83.643988 | L50: =(template_IRP_newest_CP_7reg!M1860*1000000000)/SUM(template_IRP_newest_CP_7reg!M1830:M1833) -> 82.259862 | M50: =(template_IRP_newest_CP_7reg!N1860*1000000000)/SUM(template_IRP_newest_CP_7reg!N1830:N1833) -> 80.725475
A51: Aluminium Intensity (of the stock) | B51: North America | C51: Residential Total | D51: kg Al/m2 | E51: =(template_IRP_newest_CP_7reg!F181*1000000000)/SUM(template_IRP_newest_CP_7reg!F147:F149) -> 2.7003017 | F51: =(template_IRP_newest_CP_7reg!G181*1000000000)/SUM(template_IRP_newest_CP_7reg!G147:G149) -> 2.7044499 | G51: =(template_IRP_newest_CP_7reg!H181*1000000000)/SUM(template_IRP_newest_CP_7reg!H147:H149) -> 2.7032505 | H51: =(template_IRP_newest_CP_7reg!I181*1000000000)/SUM(template_IRP_newest_CP_7reg!I147:I149) -> 2.700358 | I51: =(template_IRP_newest_CP_7reg!J181*1000000000)/SUM(template_IRP_newest_CP_7reg!J147:J149) -> 2.6965188 | J51: =(template_IRP_newest_CP_7reg!K181*1000000000)/SUM(template_IRP_newest_CP_7reg!K147:K149) -> 2.6931075 | K51: =(template_IRP_newest_CP_7reg!L181*1000000000)/SUM(template_IRP_newest_CP_7reg!L147:L149) -> 2.6895111 | L51: =(template_IRP_newest_CP_7reg!M181*1000000000)/SUM(template_IRP_newest_CP_7reg!M147:M149) -> 2.6858973 | M51: =(template_IRP_newest_CP_7reg!N181*1000000000)/SUM(template_IRP_newest_CP_7reg!N147:N149) -> 2.6825294
B52: Latin America + Caribbean | C52: Residential Total | D52: kg Al/m2 | E52: =(template_IRP_newest_CP_7reg!F421*1000000000)/SUM(template_IRP_newest_CP_7reg!F387:F389) -> 2.4961345 | F52: =(template_IRP_newest_CP_7reg!G421*1000000000)/SUM(template_IRP_newest_CP_7reg!G387:G389) -> 2.4731156 | G52: =(template_IRP_newest_CP_7reg!H421*1000000000)/SUM(template_IRP_newest_CP_7reg!H387:H389) -> 2.4560641 | H52: =(template_IRP_newest_CP_7reg!I421*1000000000)/SUM(template_IRP_newest_CP_7reg!I387:I389) -> 2.4410217 | I52: =(template_IRP_newest_CP_7reg!J421*1000000000)/SUM(template_IRP_newest_CP_7reg!J387:J389) -> 2.4247002 | J52: =(template_IRP_newest_CP_7reg!K421*1000000000)/SUM(template_IRP_newest_CP_7reg!K387:K389) -> 2.4049325 | K52: =(template_IRP_newest_CP_7reg!L421*1000000000)/SUM(template_IRP_newest_CP_7reg!L387:L389) -> 2.3838105 | L52: =(template_IRP_newest_CP_7reg!M421*1000000000)/SUM(template_IRP_newest_CP_7reg!M387:M389) -> 2.3613931 | M52: =(template_IRP_newest_CP_7reg!N421*1000000000)/SUM(template_IRP_newest_CP_7reg!N387:N389) -> 2.3378517
B53: Europe | C53: Residential Total | D53: kg Al/m2 | E53: =(template_IRP_newest_CP_7reg!F661*1000000000)/SUM(template_IRP_newest_CP_7reg!F627:F629) -> 1.7983329 | F53: =(template_IRP_newest_CP_7reg!G661*1000000000)/SUM(template_IRP_newest_CP_7reg!G627:G629) -> 1.7985986 | G53: =(template_IRP_newest_CP_7reg!H661*1000000000)/SUM(template_IRP_newest_CP_7reg!H627:H629) -> 1.8008528 | H53: =(template_IRP_newest_CP_7reg!I661*1000000000)/SUM(template_IRP_newest_CP_7reg!I627:I629) -> 1.799912 | I53: =(template_IRP_newest_CP_7reg!J661*1000000000)/SUM(template_IRP_newest_CP_7reg!J627:J629) -> 1.7945668 | J53: =(template_IRP_newest_CP_7reg!K661*1000000000)/SUM(template_IRP_newest_CP_7reg!K627:K629) -> 1.7913055 | K53: =(template_IRP_newest_CP_7reg!L661*1000000000)/SUM(template_IRP_newest_CP_7reg!L627:L629) -> 1.7880715 | L53: =(template_IRP_newest_CP_7reg!M661*1000000000)/SUM(template_IRP_newest_CP_7reg!M627:M629) -> 1.7849549 | M53: =(template_IRP_newest_CP_7reg!N661*1000000000)/SUM(template_IRP_newest_CP_7reg!N627:N629) -> 1.7822453
B54: EECCA | C54: Residential Total | D54: kg Al/m2 | E54: =(template_IRP_newest_CP_7reg!F901*1000000000)/SUM(template_IRP_newest_CP_7reg!F867:F869) -> 2.5986688 | F54: =(template_IRP_newest_CP_7reg!G901*1000000000)/SUM(template_IRP_newest_CP_7reg!G867:G869) -> 2.5927502 | G54: =(template_IRP_newest_CP_7reg!H901*1000000000)/SUM(template_IRP_newest_CP_7reg!H867:H869) -> 2.5759892 | H54: =(template_IRP_newest_CP_7reg!I901*1000000000)/SUM(template_IRP_newest_CP_7reg!I867:I869) -> 2.55263 | I54: =(template_IRP_newest_CP_7reg!J901*1000000000)/SUM(template_IRP_newest_CP_7reg!J867:J869) -> 2.5304294 | J54: =(template_IRP_newest_CP_7reg!K901*1000000000)/SUM(template_IRP_newest_CP_7reg!K867:K869) -> 2.5040914 | K54: =(template_IRP_newest_CP_7reg!L901*1000000000)/SUM(template_IRP_newest_CP_7reg!L867:L869) -> 2.4774887 | L54: =(template_IRP_newest_CP_7reg!M901*1000000000)/SUM(template_IRP_newest_CP_7reg!M867:M869) -> 2.4509582 | M54: =(template_IRP_newest_CP_7reg!N901*1000000000)/SUM(template_IRP_newest_CP_7reg!N867:N869) -> 2.4231787
B55: Africa | C55: Residential Total | D55: kg Al/m2 | E55: =(template_IRP_newest_CP_7reg!F1141*1000000000)/SUM(template_IRP_newest_CP_7reg!F1107:F1109) -> 2.7409493 | F55: =(template_IRP_newest_CP_7reg!G1141*1000000000)/SUM(template_IRP_newest_CP_7reg!G1107:G1109) -> 2.7208376 | G55: =(template_IRP_newest_CP_7reg!H1141*1000000000)/SUM(template_IRP_newest_CP_7reg!H1107:H1109) -> 2.6963085 | H55: =(template_IRP_newest_CP_7reg!I1141*1000000000)/SUM(template_IRP_newest_CP_7reg!I1107:I1109) -> 2.6705692 | I55: =(template_IRP_newest_CP_7reg!J1141*1000000000)/SUM(template_IRP_newest_CP_7reg!J1107:J1109) -> 2.6443872 | J55: =(template_IRP_newest_CP_7reg!K1141*1000000000)/SUM(template_IRP_newest_CP_7reg!K1107:K1109) -> 2.6133128 | K55: =(template_IRP_newest_CP_7reg!L1141*1000000000)/SUM(template_IRP_newest_CP_7reg!L1107:L1109) -> 2.5796066 | L55: =(template_IRP_newest_CP_7reg!M1141*1000000000)/SUM(template_IRP_newest_CP_7reg!M1107:M1109) -> 2.5450643 | M55: =(template_IRP_newest_CP_7reg!N1141*1000000000)/SUM(template_IRP_newest_CP_7reg!N1107:N1109) -> 2.5103573
B56: West Asia | C56: Residential Total | D56: kg Al/m2 | E56: =(template_IRP_newest_CP_7reg!F1381*1000000000)/SUM(template_IRP_newest_CP_7reg!F1347:F1349) -> 1.8340113 | F56: =(template_IRP_newest_CP_7reg!G1381*1000000000)/SUM(template_IRP_newest_CP_7reg!G1347:G1349) -> 1.8279617 | G56: =(template_IRP_newest_CP_7reg!H1381*1000000000)/SUM(template_IRP_newest_CP_7reg!H1347:H1349) -> 1.8217914 | H56: =(template_IRP_newest_CP_7reg!I1381*1000000000)/SUM(template_IRP_newest_CP_7reg!I1347:I1349) -> 1.8159791 | I56: =(template_IRP_newest_CP_7reg!J1381*1000000000)/SUM(template_IRP_newest_CP_7reg!J1347:J1349) -> 1.8105427 | J56: =(template_IRP_newest_CP_7reg!K1381*1000000000)/SUM(template_IRP_newest_CP_7reg!K1347:K1349) -> 1.8043257 | K56: =(template_IRP_newest_CP_7reg!L1381*1000000000)/SUM(template_IRP_newest_CP_7reg!L1347:L1349) -> 1.7974005 | L56: =(template_IRP_newest_CP_7reg!M1381*1000000000)/SUM(template_IRP_newest_CP_7reg!M1347:M1349) -> 1.790227 | M56: =(template_IRP_newest_CP_7reg!N1381*1000000000)/SUM(template_IRP_newest_CP_7reg!N1347:N1349) -> 1.782951
B57: Asia + Pacific | C57: Residential Total | D57: kg Al/m2 | E57: =(template_IRP_newest_CP_7reg!F1621*1000000000)/SUM(template_IRP_newest_CP_7reg!F1587:F1589) -> 3.7670148 | F57: =(template_IRP_newest_CP_7reg!G1621*1000000000)/SUM(template_IRP_newest_CP_7reg!G1587:G1589) -> 3.7003085 | G57: =(template_IRP_newest_CP_7reg!H1621*1000000000)/SUM(template_IRP_newest_CP_7reg!H1587:H1589) -> 3.6410714 | H57: =(template_IRP_newest_CP_7reg!I1621*1000000000)/SUM(template_IRP_newest_CP_7reg!I1587:I1589) -> 3.5771374 | I57: =(template_IRP_newest_CP_7reg!J1621*1000000000)/SUM(template_IRP_newest_CP_7reg!J1587:J1589) -> 3.5185308 | J57: =(template_IRP_newest_CP_7reg!K1621*1000000000)/SUM(template_IRP_newest_CP_7reg!K1587:K1589) -> 3.4476283 | K57: =(template_IRP_newest_CP_7reg!L1621*1000000000)/SUM(template_IRP_newest_CP_7reg!L1587:L1589) -> 3.3781552 | L57: =(template_IRP_newest_CP_7reg!M1621*1000000000)/SUM(template_IRP_newest_CP_7reg!M1587:M1589) -> 3.3067662 | M57: =(template_IRP_newest_CP_7reg!N1621*1000000000)/SUM(template_IRP_newest_CP_7reg!N1587:N1589) -> 3.2339087
B58: World | C58: Residential Total | D58: kg Al/m2 | E58: =(template_IRP_newest_CP_7reg!F1861*1000000000)/SUM(template_IRP_newest_CP_7reg!F1827:F1829) -> 2.9735131 | F58: =(template_IRP_newest_CP_7reg!G1861*1000000000)/SUM(template_IRP_newest_CP_7reg!G1827:G1829) -> 2.9410921 | G58: =(template_IRP_newest_CP_7reg!H1861*1000000000)/SUM(template_IRP_newest_CP_7reg!H1827:H1829) -> 2.9196303 | H58: =(template_IRP_newest_CP_7reg!I1861*1000000000)/SUM(template_IRP_newest_CP_7reg!I1827:I1829) -> 2.8913024 | I58: =(template_IRP_newest_CP_7reg!J1861*1000000000)/SUM(template_IRP_newest_CP_7reg!J1827:J1829) -> 2.8759986 | J58: =(template_IRP_newest_CP_7reg!K1861*1000000000)/SUM(template_IRP_newest_CP_7reg!K1827:K1829) -> 2.8527359 | K58: =(template_IRP_newest_CP_7reg!L1861*1000000000)/SUM(template_IRP_newest_CP_7reg!L1827:L1829) -> 2.8264538 | L58: =(template_IRP_newest_CP_7reg!M1861*1000000000)/SUM(template_IRP_newest_CP_7reg!M1827:M1829) -> 2.7958241 | M58: =(template_IRP_newest_CP_7reg!N1861*1000000000)/SUM(template_IRP_newest_CP_7reg!N1827:N1829) -> 2.7610307
B59: World | C59: Commercial | D59: kg Al/m2 | E59: =(template_IRP_newest_CP_7reg!F1862*1000000000)/SUM(template_IRP_newest_CP_7reg!F1830:F1833) -> 4.9991666 | F59: =(template_IRP_newest_CP_7reg!G1862*1000000000)/SUM(template_IRP_newest_CP_7reg!G1830:G1833) -> 5.013308 | G59: =(template_IRP_newest_CP_7reg!H1862*1000000000)/SUM(template_IRP_newest_CP_7reg!H1830:H1833) -> 5.0174241 | H59: =(template_IRP_newest_CP_7reg!I1862*1000000000)/SUM(template_IRP_newest_CP_7reg!I1830:I1833) -> 5.0121857 | I59: =(template_IRP_newest_CP_7reg!J1862*1000000000)/SUM(template_IRP_newest_CP_7reg!J1830:J1833) -> 4.9832037 | J59: =(template_IRP_newest_CP_7reg!K1862*1000000000)/SUM(template_IRP_newest_CP_7reg!K1830:K1833) -> 4.9284195 | K59: =(template_IRP_newest_CP_7reg!L1862*1000000000)/SUM(template_IRP_newest_CP_7reg!L1830:L1833) -> 4.8663591 | L59: =(template_IRP_newest_CP_7reg!M1862*1000000000)/SUM(template_IRP_newest_CP_7reg!M1830:M1833) -> 4.8034827 | M59: =(template_IRP_newest_CP_7reg!N1862*1000000000)/SUM(template_IRP_newest_CP_7reg!N1830:N1833) -> 4.7408256
A60: Copper Intensity (of the stock) | B60: North America | C60: Residential Total | D60: kg Cu/m2 | E60: =(template_IRP_newest_CP_7reg!F183*1000000000)/SUM(template_IRP_newest_CP_7reg!F147:F149) -> 1.0107748 | F60: =(template_IRP_newest_CP_7reg!G183*1000000000)/SUM(template_IRP_newest_CP_7reg!G147:G149) -> 1.0056765 | G60: =(template_IRP_newest_CP_7reg!H183*1000000000)/SUM(template_IRP_newest_CP_7reg!H147:H149) -> 1.0002969 | H60: =(template_IRP_newest_CP_7reg!I183*1000000000)/SUM(template_IRP_newest_CP_7reg!I147:I149) -> 0.9947149 | I60: =(template_IRP_newest_CP_7reg!J183*1000000000)/SUM(template_IRP_newest_CP_7reg!J147:J149) -> 0.98893218 | J60: =(template_IRP_newest_CP_7reg!K183*1000000000)/SUM(template_IRP_newest_CP_7reg!K147:K149) -> 0.98275184 | K60: =(template_IRP_newest_CP_7reg!L183*1000000000)/SUM(template_IRP_newest_CP_7reg!L147:L149) -> 0.97611306 | L60: =(template_IRP_newest_CP_7reg!M183*1000000000)/SUM(template_IRP_newest_CP_7reg!M147:M149) -> 0.96911465 | M60: =(template_IRP_newest_CP_7reg!N183*1000000000)/SUM(template_IRP_newest_CP_7reg!N147:N149) -> 0.96195592
B61: Latin America + Caribbean | C61: Residential Total | D61: kg Cu/m2 | E61: =(template_IRP_newest_CP_7reg!F423*1000000000)/SUM(template_IRP_newest_CP_7reg!F387:F389) -> 0.95617457 | F61: =(template_IRP_newest_CP_7reg!G423*1000000000)/SUM(template_IRP_newest_CP_7reg!G387:G389) -> 0.9392043 | G61: =(template_IRP_newest_CP_7reg!H423*1000000000)/SUM(template_IRP_newest_CP_7reg!H387:H389) -> 0.92612291 | H61: =(template_IRP_newest_CP_7reg!I423*1000000000)/SUM(template_IRP_newest_CP_7reg!I387:I389) -> 0.91463768 | I61: =(template_IRP_newest_CP_7reg!J423*1000000000)/SUM(template_IRP_newest_CP_7reg!J387:J389) -> 0.90155717 | J61: =(template_IRP_newest_CP_7reg!K423*1000000000)/SUM(template_IRP_newest_CP_7reg!K387:K389) -> 0.88512442 | K61: =(template_IRP_newest_CP_7reg!L423*1000000000)/SUM(template_IRP_newest_CP_7reg!L387:L389) -> 0.86724275 | L61: =(template_IRP_newest_CP_7reg!M423*1000000000)/SUM(template_IRP_newest_CP_7reg!M387:M389) -> 0.84797064 | M61: =(template_IRP_newest_CP_7reg!N423*1000000000)/SUM(template_IRP_newest_CP_7reg!N387:N389) -> 0.82744749
B62: Europe | C62: Residential Total | D62: kg Cu/m2 | E62: =(template_IRP_newest_CP_7reg!F663*1000000000)/SUM(template_IRP_newest_CP_7reg!F627:F629) -> 0.89695241 | F62: =(template_IRP_newest_CP_7reg!G663*1000000000)/SUM(template_IRP_newest_CP_7reg!G627:G629) -> 0.88238036 | G62: =(template_IRP_newest_CP_7reg!H663*1000000000)/SUM(template_IRP_newest_CP_7reg!H627:H629) -> 0.86377013 | H62: =(template_IRP_newest_CP_7reg!I663*1000000000)/SUM(template_IRP_newest_CP_7reg!I627:I629) -> 0.84332731 | I62: =(template_IRP_newest_CP_7reg!J663*1000000000)/SUM(template_IRP_newest_CP_7reg!J627:J629) -> 0.82320589 | J62: =(template_IRP_newest_CP_7reg!K663*1000000000)/SUM(template_IRP_newest_CP_7reg!K627:K629) -> 0.80435358 | K62: =(template_IRP_newest_CP_7reg!L663*1000000000)/SUM(template_IRP_newest_CP_7reg!L627:L629) -> 0.78559134 | L62: =(template_IRP_newest_CP_7reg!M663*1000000000)/SUM(template_IRP_newest_CP_7reg!M627:M629) -> 0.7667669 | M62: =(template_IRP_newest_CP_7reg!N663*1000000000)/SUM(template_IRP_newest_CP_7reg!N627:N629) -> 0.74806258
B63: EECCA | C63: Residential Total | D63: kg Cu/m2 | E63: =(template_IRP_newest_CP_7reg!F903*1000000000)/SUM(template_IRP_newest_CP_7reg!F867:F869) -> 1.0246903 | F63: =(template_IRP_newest_CP_7reg!G903*1000000000)/SUM(template_IRP_newest_CP_7reg!G867:G869) -> 1.0201782 | G63: =(template_IRP_newest_CP_7reg!H903*1000000000)/SUM(template_IRP_newest_CP_7reg!H867:H869) -> 1.0074003 | H63: =(template_IRP_newest_CP_7reg!I903*1000000000)/SUM(template_IRP_newest_CP_7reg!I867:I869) -> 0.98952769 | I63: =(template_IRP_newest_CP_7reg!J903*1000000000)/SUM(template_IRP_newest_CP_7reg!J867:J869) -> 0.97220462 | J63: =(template_IRP_newest_CP_7reg!K903*1000000000)/SUM(template_IRP_newest_CP_7reg!K867:K869) -> 0.95152105 | K63: =(template_IRP_newest_CP_7reg!L903*1000000000)/SUM(template_IRP_newest_CP_7reg!L867:L869) -> 0.93045095 | L63: =(template_IRP_newest_CP_7reg!M903*1000000000)/SUM(template_IRP_newest_CP_7reg!M867:M869) -> 0.90923964 | M63: =(template_IRP_newest_CP_7reg!N903*1000000000)/SUM(template_IRP_newest_CP_7reg!N867:N869) -> 0.88672142
B64: Africa | C64: Residential Total | D64: kg Cu/m2 | E64: =(template_IRP_newest_CP_7reg!F1143*1000000000)/SUM(template_IRP_newest_CP_7reg!F1107:F1109) -> 1.1879003 | F64: =(template_IRP_newest_CP_7reg!G1143*1000000000)/SUM(template_IRP_newest_CP_7reg!G1107:G1109) -> 1.170184 | G64: =(template_IRP_newest_CP_7reg!H1143*1000000000)/SUM(template_IRP_newest_CP_7reg!H1107:H1109) -> 1.151897 | H64: =(template_IRP_newest_CP_7reg!I1143*1000000000)/SUM(template_IRP_newest_CP_7reg!I1107:I1109) -> 1.1315721 | I64: =(template_IRP_newest_CP_7reg!J1143*1000000000)/SUM(template_IRP_newest_CP_7reg!J1107:J1109) -> 1.1135351 | J64: =(template_IRP_newest_CP_7reg!K1143*1000000000)/SUM(template_IRP_newest_CP_7reg!K1107:K1109) -> 1.0905967 | K64: =(template_IRP_newest_CP_7reg!L1143*1000000000)/SUM(template_IRP_newest_CP_7reg!L1107:L1109) -> 1.0660396 | L64: =(template_IRP_newest_CP_7reg!M1143*1000000000)/SUM(template_IRP_newest_CP_7reg!M1107:M1109) -> 1.0411035 | M64: =(template_IRP_newest_CP_7reg!N1143*1000000000)/SUM(template_IRP_newest_CP_7reg!N1107:N1109) -> 1.0162355
B65: West Asia | C65: Residential Total | D65: kg Cu/m2 | E65: =(template_IRP_newest_CP_7reg!F1383*1000000000)/SUM(template_IRP_newest_CP_7reg!F1347:F1349) -> 1.1078799 | F65: =(template_IRP_newest_CP_7reg!G1383*1000000000)/SUM(template_IRP_newest_CP_7reg!G1347:G1349) -> 1.0945437 | G65: =(template_IRP_newest_CP_7reg!H1383*1000000000)/SUM(template_IRP_newest_CP_7reg!H1347:H1349) -> 1.0809414 | H65: =(template_IRP_newest_CP_7reg!I1383*1000000000)/SUM(template_IRP_newest_CP_7reg!I1347:I1349) -> 1.0676815 | I65: =(template_IRP_newest_CP_7reg!J1383*1000000000)/SUM(template_IRP_newest_CP_7reg!J1347:J1349) -> 1.0523234 | J65: =(template_IRP_newest_CP_7reg!K1383*1000000000)/SUM(template_IRP_newest_CP_7reg!K1347:K1349) -> 1.0312164 | K65: =(template_IRP_newest_CP_7reg!L1383*1000000000)/SUM(template_IRP_newest_CP_7reg!L1347:L1349) -> 1.0055521 | L65: =(template_IRP_newest_CP_7reg!M1383*1000000000)/SUM(template_IRP_newest_CP_7reg!M1347:M1349) -> 0.97738974 | M65: =(template_IRP_newest_CP_7reg!N1383*1000000000)/SUM(template_IRP_newest_CP_7reg!N1347:N1349) -> 0.94741953
B66: Asia + Pacific | C66: Residential Total | D66: kg Cu/m2 | E66: =(template_IRP_newest_CP_7reg!F1623*1000000000)/SUM(template_IRP_newest_CP_7reg!F1587:F1589) -> 1.2006745 | F66: =(template_IRP_newest_CP_7reg!G1623*1000000000)/SUM(template_IRP_newest_CP_7reg!G1587:G1589) -> 1.1786835 | G66: =(template_IRP_newest_CP_7reg!H1623*1000000000)/SUM(template_IRP_newest_CP_7reg!H1587:H1589) -> 1.155421 | H66: =(template_IRP_newest_CP_7reg!I1623*1000000000)/SUM(template_IRP_newest_CP_7reg!I1587:I1589) -> 1.1297571 | I66: =(template_IRP_newest_CP_7reg!J1623*1000000000)/SUM(template_IRP_newest_CP_7reg!J1587:J1589) -> 1.1043552 | J66: =(template_IRP_newest_CP_7reg!K1623*1000000000)/SUM(template_IRP_newest_CP_7reg!K1587:K1589) -> 1.0797303 | K66: =(template_IRP_newest_CP_7reg!L1623*1000000000)/SUM(template_IRP_newest_CP_7reg!L1587:L1589) -> 1.0534798 | L66: =(template_IRP_newest_CP_7reg!M1623*1000000000)/SUM(template_IRP_newest_CP_7reg!M1587:M1589) -> 1.0264868 | M66: =(template_IRP_newest_CP_7reg!N1623*1000000000)/SUM(template_IRP_newest_CP_7reg!N1587:N1589) -> 0.99973687
B67: World | C67: Residential Total | D67: kg Cu/m2 | E67: =(template_IRP_newest_CP_7reg!F1863*1000000000)/SUM(template_IRP_newest_CP_7reg!F1827:F1829) -> 1.087327 | F67: =(template_IRP_newest_CP_7reg!G1863*1000000000)/SUM(template_IRP_newest_CP_7reg!G1827:G1829) -> 1.0729705 | G67: =(template_IRP_newest_CP_7reg!H1863*1000000000)/SUM(template_IRP_newest_CP_7reg!H1827:H1829) -> 1.0573923 | H67: =(template_IRP_newest_CP_7reg!I1863*1000000000)/SUM(template_IRP_newest_CP_7reg!I1827:I1829) -> 1.0395146 | I67: =(template_IRP_newest_CP_7reg!J1863*1000000000)/SUM(template_IRP_newest_CP_7reg!J1827:J1829) -> 1.0235544 | J67: =(template_IRP_newest_CP_7reg!K1863*1000000000)/SUM(template_IRP_newest_CP_7reg!K1827:K1829) -> 1.0071421 | K67: =(template_IRP_newest_CP_7reg!L1863*1000000000)/SUM(template_IRP_newest_CP_7reg!L1827:L1829) -> 0.9889557 | L67: =(template_IRP_newest_CP_7reg!M1863*1000000000)/SUM(template_IRP_newest_CP_7reg!M1827:M1829) -> 0.96932848 | M67: =(template_IRP_newest_CP_7reg!N1863*1000000000)/SUM(template_IRP_newest_CP_7reg!N1827:N1829) -> 0.94888234
B68: World | C68: Commercial | D68: kg Cu/m2 | E68: =(template_IRP_newest_CP_7reg!F1864*1000000000)/SUM(template_IRP_newest_CP_7reg!F1830:F1833) -> 3.2862838 | F68: =(template_IRP_newest_CP_7reg!G1864*1000000000)/SUM(template_IRP_newest_CP_7reg!G1830:G1833) -> 3.2898024 | G68: =(template_IRP_newest_CP_7reg!H1864*1000000000)/SUM(template_IRP_newest_CP_7reg!H1830:H1833) -> 3.2910446 | H68: =(template_IRP_newest_CP_7reg!I1864*1000000000)/SUM(template_IRP_newest_CP_7reg!I1830:I1833) -> 3.2912994 | I68: =(template_IRP_newest_CP_7reg!J1864*1000000000)/SUM(template_IRP_newest_CP_7reg!J1830:J1833) -> 3.2886573 | J68: =(template_IRP_newest_CP_7reg!K1864*1000000000)/SUM(template_IRP_newest_CP_7reg!K1830:K1833) -> 3.2822353 | K68: =(template_IRP_newest_CP_7reg!L1864*1000000000)/SUM(template_IRP_newest_CP_7reg!L1830:L1833) -> 3.2749326 | L68: =(template_IRP_newest_CP_7reg!M1864*1000000000)/SUM(template_IRP_newest_CP_7reg!M1830:M1833) -> 3.2678502 | M68: =(template_IRP_newest_CP_7reg!N1864*1000000000)/SUM(template_IRP_newest_CP_7reg!N1830:N1833) -> 3.2612676
A69: Concrete Intensity (of the stock) | B69: North America | C69: Residential Total | D69: kg Concrete/m2 | E69: =(template_IRP_newest_CP_7reg!F185*1000000000)/SUM(template_IRP_newest_CP_7reg!F147:F149) -> 703.80024 | F69: =(template_IRP_newest_CP_7reg!G185*1000000000)/SUM(template_IRP_newest_CP_7reg!G147:G149) -> 705.62272 | G69: =(template_IRP_newest_CP_7reg!H185*1000000000)/SUM(template_IRP_newest_CP_7reg!H147:H149) -> 706.84681 | H69: =(template_IRP_newest_CP_7reg!I185*1000000000)/SUM(template_IRP_newest_CP_7reg!I147:I149) -> 707.9308 | I69: =(template_IRP_newest_CP_7reg!J185*1000000000)/SUM(template_IRP_newest_CP_7reg!J147:J149) -> 708.46904 | J69: =(template_IRP_newest_CP_7reg!K185*1000000000)/SUM(template_IRP_newest_CP_7reg!K147:K149) -> 708.67291 | K69: =(template_IRP_newest_CP_7reg!L185*1000000000)/SUM(template_IRP_newest_CP_7reg!L147:L149) -> 708.5396 | L69: =(template_IRP_newest_CP_7reg!M185*1000000000)/SUM(template_IRP_newest_CP_7reg!M147:M149) -> 708.1543 | M69: =(template_IRP_newest_CP_7reg!N185*1000000000)/SUM(template_IRP_newest_CP_7reg!N147:N149) -> 707.61792
B70: Latin America + Caribbean | C70: Residential Total | D70: kg Concrete/m2 | E70: =(template_IRP_newest_CP_7reg!F425*1000000000)/SUM(template_IRP_newest_CP_7reg!F387:F389) -> 915.54905 | F70: =(template_IRP_newest_CP_7reg!G425*1000000000)/SUM(template_IRP_newest_CP_7reg!G387:G389) -> 917.06492 | G70: =(template_IRP_newest_CP_7reg!H425*1000000000)/SUM(template_IRP_newest_CP_7reg!H387:H389) -> 918.61564 | H70: =(template_IRP_newest_CP_7reg!I425*1000000000)/SUM(template_IRP_newest_CP_7reg!I387:I389) -> 920.22577 | I70: =(template_IRP_newest_CP_7reg!J425*1000000000)/SUM(template_IRP_newest_CP_7reg!J387:J389) -> 919.54976 | J70: =(template_IRP_newest_CP_7reg!K425*1000000000)/SUM(template_IRP_newest_CP_7reg!K387:K389) -> 914.79318 | K70: =(template_IRP_newest_CP_7reg!L425*1000000000)/SUM(template_IRP_newest_CP_7reg!L387:L389) -> 907.37575 | L70: =(template_IRP_newest_CP_7reg!M425*1000000000)/SUM(template_IRP_newest_CP_7reg!M387:M389) -> 897.76278 | M70: =(template_IRP_newest_CP_7reg!N425*1000000000)/SUM(template_IRP_newest_CP_7reg!N387:N389) -> 886.26537
B71: Europe | C71: Residential Total | D71: kg Concrete/m2 | E71: =(template_IRP_newest_CP_7reg!F665*1000000000)/SUM(template_IRP_newest_CP_7reg!F627:F629) -> 1023.6258 | F71: =(template_IRP_newest_CP_7reg!G665*1000000000)/SUM(template_IRP_newest_CP_7reg!G627:G629) -> 1021.7399 | G71: =(template_IRP_newest_CP_7reg!H665*1000000000)/SUM(template_IRP_newest_CP_7reg!H627:H629) -> 1018.4707 | H71: =(template_IRP_newest_CP_7reg!I665*1000000000)/SUM(template_IRP_newest_CP_7reg!I627:I629) -> 1015.285 | I71: =(template_IRP_newest_CP_7reg!J665*1000000000)/SUM(template_IRP_newest_CP_7reg!J627:J629) -> 1011.2355 | J71: =(template_IRP_newest_CP_7reg!K665*1000000000)/SUM(template_IRP_newest_CP_7reg!K627:K629) -> 1006.3941 | K71: =(template_IRP_newest_CP_7reg!L665*1000000000)/SUM(template_IRP_newest_CP_7reg!L627:L629) -> 1000.3055 | L71: =(template_IRP_newest_CP_7reg!M665*1000000000)/SUM(template_IRP_newest_CP_7reg!M627:M629) -> 992.87439 | M71: =(template_IRP_newest_CP_7reg!N665*1000000000)/SUM(template_IRP_newest_CP_7reg!N627:N629) -> 984.14278
B72: EECCA | C72: Residential Total | D72: kg Concrete/m2 | E72: =(template_IRP_newest_CP_7reg!F905*1000000000)/SUM(template_IRP_newest_CP_7reg!F867:F869) -> 935.92963 | F72: =(template_IRP_newest_CP_7reg!G905*1000000000)/SUM(template_IRP_newest_CP_7reg!G867:G869) -> 936.46562 | G72: =(template_IRP_newest_CP_7reg!H905*1000000000)/SUM(template_IRP_newest_CP_7reg!H867:H869) -> 937.98351 | H72: =(template_IRP_newest_CP_7reg!I905*1000000000)/SUM(template_IRP_newest_CP_7reg!I867:I869) -> 940.02229 | I72: =(template_IRP_newest_CP_7reg!J905*1000000000)/SUM(template_IRP_newest_CP_7reg!J867:J869) -> 940.14586 | J72: =(template_IRP_newest_CP_7reg!K905*1000000000)/SUM(template_IRP_newest_CP_7reg!K867:K869) -> 936.79629 | K72: =(template_IRP_newest_CP_7reg!L905*1000000000)/SUM(template_IRP_newest_CP_7reg!L867:L869) -> 931.04342 | L72: =(template_IRP_newest_CP_7reg!M905*1000000000)/SUM(template_IRP_newest_CP_7reg!M867:M869) -> 923.20362 | M72: =(template_IRP_newest_CP_7reg!N905*1000000000)/SUM(template_IRP_newest_CP_7reg!N867:N869) -> 913.57042
B73: Africa | C73: Residential Total | D73: kg Concrete/m2 | E73: =(template_IRP_newest_CP_7reg!F1145*1000000000)/SUM(template_IRP_newest_CP_7reg!F1107:F1109) -> 892.27477 | F73: =(template_IRP_newest_CP_7reg!G1145*1000000000)/SUM(template_IRP_newest_CP_7reg!G1107:G1109) -> 895.30977 | G73: =(template_IRP_newest_CP_7reg!H1145*1000000000)/SUM(template_IRP_newest_CP_7reg!H1107:H1109) -> 897.81752 | H73: =(template_IRP_newest_CP_7reg!I1145*1000000000)/SUM(template_IRP_newest_CP_7reg!I1107:I1109) -> 900.60242 | I73: =(template_IRP_newest_CP_7reg!J1145*1000000000)/SUM(template_IRP_newest_CP_7reg!J1107:J1109) -> 900.32942 | J73: =(template_IRP_newest_CP_7reg!K1145*1000000000)/SUM(template_IRP_newest_CP_7reg!K1107:K1109) -> 895.45104 | K73: =(template_IRP_newest_CP_7reg!L1145*1000000000)/SUM(template_IRP_newest_CP_7reg!L1107:L1109) -> 886.83804 | L73: =(template_IRP_newest_CP_7reg!M1145*1000000000)/SUM(template_IRP_newest_CP_7reg!M1107:M1109) -> 875.32854 | M73: =(template_IRP_newest_CP_7reg!N1145*1000000000)/SUM(template_IRP_newest_CP_7reg!N1107:N1109) -> 861.2181
B74: West Asia | C74: Residential Total | D74: kg Concrete/m2 | E74: =(template_IRP_newest_CP_7reg!F1385*1000000000)/SUM(template_IRP_newest_CP_7reg!F1347:F1349) -> 1217.7809 | F74: =(template_IRP_newest_CP_7reg!G1385*1000000000)/SUM(template_IRP_newest_CP_7reg!G1347:G1349) -> 1216.9387 | G74: =(template_IRP_newest_CP_7reg!H1385*1000000000)/SUM(template_IRP_newest_CP_7reg!H1347:H1349) -> 1216.0797 | H74: =(template_IRP_newest_CP_7reg!I1385*1000000000)/SUM(template_IRP_newest_CP_7reg!I1347:I1349) -> 1215.1524 | I74: =(template_IRP_newest_CP_7reg!J1385*1000000000)/SUM(template_IRP_newest_CP_7reg!J1347:J1349) -> 1211.9984 | J74: =(template_IRP_newest_CP_7reg!K1385*1000000000)/SUM(template_IRP_newest_CP_7reg!K1347:K1349) -> 1203.2178 | K74: =(template_IRP_newest_CP_7reg!L1385*1000000000)/SUM(template_IRP_newest_CP_7reg!L1347:L1349) -> 1189.9991 | L74: =(template_IRP_newest_CP_7reg!M1385*1000000000)/SUM(template_IRP_newest_CP_7reg!M1347:M1349) -> 1174.3133 | M74: =(template_IRP_newest_CP_7reg!N1385*1000000000)/SUM(template_IRP_newest_CP_7reg!N1347:N1349) -> 1156.7253
B75: Asia + Pacific | C75: Residential Total | D75: kg Concrete/m2 | E75: =(template_IRP_newest_CP_7reg!F1625*1000000000)/SUM(template_IRP_newest_CP_7reg!F1587:F1589) -> 1171.0499 | F75: =(template_IRP_newest_CP_7reg!G1625*1000000000)/SUM(template_IRP_newest_CP_7reg!G1587:G1589) -> 1163.1066 | G75: =(template_IRP_newest_CP_7reg!H1625*1000000000)/SUM(template_IRP_newest_CP_7reg!H1587:H1589) -> 1158.3428 | H75: =(template_IRP_newest_CP_7reg!I1625*1000000000)/SUM(template_IRP_newest_CP_7reg!I1587:I1589) -> 1153.1672 | I75: =(template_IRP_newest_CP_7reg!J1625*1000000000)/SUM(template_IRP_newest_CP_7reg!J1587:J1589) -> 1145.5309 | J75: =(template_IRP_newest_CP_7reg!K1625*1000000000)/SUM(template_IRP_newest_CP_7reg!K1587:K1589) -> 1129.5389 | K75: =(template_IRP_newest_CP_7reg!L1625*1000000000)/SUM(template_IRP_newest_CP_7reg!L1587:L1589) -> 1109.8901 | L75: =(template_IRP_newest_CP_7reg!M1625*1000000000)/SUM(template_IRP_newest_CP_7reg!M1587:M1589) -> 1087.0186 | M75: =(template_IRP_newest_CP_7reg!N1625*1000000000)/SUM(template_IRP_newest_CP_7reg!N1587:N1589) -> 1061.5345
B76: World | C76: Residential Total | D76: kg Concrete/m2 | E76: =(template_IRP_newest_CP_7reg!F1865*1000000000)/SUM(template_IRP_newest_CP_7reg!F1827:F1829) -> 1028.9594 | F76: =(template_IRP_newest_CP_7reg!G1865*1000000000)/SUM(template_IRP_newest_CP_7reg!G1827:G1829) -> 1027.2021 | G76: =(template_IRP_newest_CP_7reg!H1865*1000000000)/SUM(template_IRP_newest_CP_7reg!H1827:H1829) -> 1026.7544 | H76: =(template_IRP_newest_CP_7reg!I1865*1000000000)/SUM(template_IRP_newest_CP_7reg!I1827:I1829) -> 1025.5271 | I76: =(template_IRP_newest_CP_7reg!J1865*1000000000)/SUM(template_IRP_newest_CP_7reg!J1827:J1829) -> 1024.9871 | J76: =(template_IRP_newest_CP_7reg!K1865*1000000000)/SUM(template_IRP_newest_CP_7reg!K1827:K1829) -> 1019.4551 | K76: =(template_IRP_newest_CP_7reg!L1865*1000000000)/SUM(template_IRP_newest_CP_7reg!L1827:L1829) -> 1010.5685 | L76: =(template_IRP_newest_CP_7reg!M1865*1000000000)/SUM(template_IRP_newest_CP_7reg!M1827:M1829) -> 998.32541 | M76: =(template_IRP_newest_CP_7reg!N1865*1000000000)/SUM(template_IRP_newest_CP_7reg!N1827:N1829) -> 982.97831
B77: World | C77: Commercial | D77: kg Concrete/m2 | E77: =(template_IRP_newest_CP_7reg!F1866*1000000000)/SUM(template_IRP_newest_CP_7reg!F1830:F1833) -> 880.92819 | F77: =(template_IRP_newest_CP_7reg!G1866*1000000000)/SUM(template_IRP_newest_CP_7reg!G1830:G1833) -> 881.67129 | G77: =(template_IRP_newest_CP_7reg!H1866*1000000000)/SUM(template_IRP_newest_CP_7reg!H1830:H1833) -> 881.81714 | H77: =(template_IRP_newest_CP_7reg!I1866*1000000000)/SUM(template_IRP_newest_CP_7reg!I1830:I1833) -> 881.21841 | I77: =(template_IRP_newest_CP_7reg!J1866*1000000000)/SUM(template_IRP_newest_CP_7reg!J1830:J1833) -> 876.76807 | J77: =(template_IRP_newest_CP_7reg!K1866*1000000000)/SUM(template_IRP_newest_CP_7reg!K1830:K1833) -> 867.41115 | K77: =(template_IRP_newest_CP_7reg!L1866*1000000000)/SUM(template_IRP_newest_CP_7reg!L1830:L1833) -> 855.42703 | L77: =(template_IRP_newest_CP_7reg!M1866*1000000000)/SUM(template_IRP_newest_CP_7reg!M1830:M1833) -> 841.89813 | M77: =(template_IRP_newest_CP_7reg!N1866*1000000000)/SUM(template_IRP_newest_CP_7reg!N1830:N1833) -> 827.24715
A78: Glass Intensity (of the stock) | B78: North America | C78: Residential Total | D78: kg Glass/m2 | E78: =(template_IRP_newest_CP_7reg!F187*1000000000)/SUM(template_IRP_newest_CP_7reg!F147:F149) -> 3.1566061 | F78: =(template_IRP_newest_CP_7reg!G187*1000000000)/SUM(template_IRP_newest_CP_7reg!G147:G149) -> 3.1580651 | G78: =(template_IRP_newest_CP_7reg!H187*1000000000)/SUM(template_IRP_newest_CP_7reg!H147:H149) -> 3.1602967 | H78: =(template_IRP_newest_CP_7reg!I187*1000000000)/SUM(template_IRP_newest_CP_7reg!I147:I149) -> 3.1628855 | I78: =(template_IRP_newest_CP_7reg!J187*1000000000)/SUM(template_IRP_newest_CP_7reg!J147:J149) -> 3.167461 | J78: =(template_IRP_newest_CP_7reg!K187*1000000000)/SUM(template_IRP_newest_CP_7reg!K147:K149) -> 3.174162 | K78: =(template_IRP_newest_CP_7reg!L187*1000000000)/SUM(template_IRP_newest_CP_7reg!L147:L149) -> 3.1828135 | L78: =(template_IRP_newest_CP_7reg!M187*1000000000)/SUM(template_IRP_newest_CP_7reg!M147:M149) -> 3.1929515 | M78: =(template_IRP_newest_CP_7reg!N187*1000000000)/SUM(template_IRP_newest_CP_7reg!N147:N149) -> 3.2039389
B79: Latin America + Caribbean | C79: Residential Total | D79: kg Glass/m2 | E79: =(template_IRP_newest_CP_7reg!F427*1000000000)/SUM(template_IRP_newest_CP_7reg!F387:F389) -> 2.6264674 | F79: =(template_IRP_newest_CP_7reg!G427*1000000000)/SUM(template_IRP_newest_CP_7reg!G387:G389) -> 2.6254518 | G79: =(template_IRP_newest_CP_7reg!H427*1000000000)/SUM(template_IRP_newest_CP_7reg!H387:H389) -> 2.6391063 | H79: =(template_IRP_newest_CP_7reg!I427*1000000000)/SUM(template_IRP_newest_CP_7reg!I387:I389) -> 2.6494749 | I79: =(template_IRP_newest_CP_7reg!J427*1000000000)/SUM(template_IRP_newest_CP_7reg!J387:J389) -> 2.6639273 | J79: =(template_IRP_newest_CP_7reg!K427*1000000000)/SUM(template_IRP_newest_CP_7reg!K387:K389) -> 2.6976339 | K79: =(template_IRP_newest_CP_7reg!L427*1000000000)/SUM(template_IRP_newest_CP_7reg!L387:L389) -> 2.7417152 | L79: =(template_IRP_newest_CP_7reg!M427*1000000000)/SUM(template_IRP_newest_CP_7reg!M387:M389) -> 2.7937629 | M79: =(template_IRP_newest_CP_7reg!N427*1000000000)/SUM(template_IRP_newest_CP_7reg!N387:N389) -> 2.8526721
B80: Europe | C80: Residential Total | D80: kg Glass/m2 | E80: =(template_IRP_newest_CP_7reg!F667*1000000000)/SUM(template_IRP_newest_CP_7reg!F627:F629) -> 4.997758 | F80: =(template_IRP_newest_CP_7reg!G667*1000000000)/SUM(template_IRP_newest_CP_7reg!G627:G629) -> 5.0037518 | G80: =(template_IRP_newest_CP_7reg!H667*1000000000)/SUM(template_IRP_newest_CP_7reg!H627:H629) -> 4.9835218 | H80: =(template_IRP_newest_CP_7reg!I667*1000000000)/SUM(template_IRP_newest_CP_7reg!I627:I629) -> 4.9730399 | I80: =(template_IRP_newest_CP_7reg!J667*1000000000)/SUM(template_IRP_newest_CP_7reg!J627:J629) -> 4.951483 | J80: =(template_IRP_newest_CP_7reg!K667*1000000000)/SUM(template_IRP_newest_CP_7reg!K627:K629) -> 4.9463153 | K80: =(template_IRP_newest_CP_7reg!L667*1000000000)/SUM(template_IRP_newest_CP_7reg!L627:L629) -> 4.9493422 | L80: =(template_IRP_newest_CP_7reg!M667*1000000000)/SUM(template_IRP_newest_CP_7reg!M627:M629) -> 4.9615931 | M80: =(template_IRP_newest_CP_7reg!N667*1000000000)/SUM(template_IRP_newest_CP_7reg!N627:N629) -> 4.9848734
B81: EECCA | C81: Residential Total | D81: kg Glass/m2 | E81: =(template_IRP_newest_CP_7reg!F907*1000000000)/SUM(template_IRP_newest_CP_7reg!F867:F869) -> 3.0429102 | F81: =(template_IRP_newest_CP_7reg!G907*1000000000)/SUM(template_IRP_newest_CP_7reg!G867:G869) -> 3.0453096 | G81: =(template_IRP_newest_CP_7reg!H907*1000000000)/SUM(template_IRP_newest_CP_7reg!H867:H869) -> 3.0521043 | H81: =(template_IRP_newest_CP_7reg!I907*1000000000)/SUM(template_IRP_newest_CP_7reg!I867:I869) -> 3.0621244 | I81: =(template_IRP_newest_CP_7reg!J907*1000000000)/SUM(template_IRP_newest_CP_7reg!J867:J869) -> 3.0791901 | J81: =(template_IRP_newest_CP_7reg!K907*1000000000)/SUM(template_IRP_newest_CP_7reg!K867:K869) -> 3.1115057 | K81: =(template_IRP_newest_CP_7reg!L907*1000000000)/SUM(template_IRP_newest_CP_7reg!L867:L869) -> 3.1526711 | L81: =(template_IRP_newest_CP_7reg!M907*1000000000)/SUM(template_IRP_newest_CP_7reg!M867:M869) -> 3.2014323 | M81: =(template_IRP_newest_CP_7reg!N907*1000000000)/SUM(template_IRP_newest_CP_7reg!N867:N869) -> 3.2582881
B82: Africa | C82: Residential Total | D82: kg Glass/m2 | E82: =(template_IRP_newest_CP_7reg!F1147*1000000000)/SUM(template_IRP_newest_CP_7reg!F1107:F1109) -> 2.5919148 | F82: =(template_IRP_newest_CP_7reg!G1147*1000000000)/SUM(template_IRP_newest_CP_7reg!G1107:G1109) -> 2.6148868 | G82: =(template_IRP_newest_CP_7reg!H1147*1000000000)/SUM(template_IRP_newest_CP_7reg!H1107:H1109) -> 2.628095 | H82: =(template_IRP_newest_CP_7reg!I1147*1000000000)/SUM(template_IRP_newest_CP_7reg!I1107:I1109) -> 2.6464327 | I82: =(template_IRP_newest_CP_7reg!J1147*1000000000)/SUM(template_IRP_newest_CP_7reg!J1107:J1109) -> 2.6668225 | J82: =(template_IRP_newest_CP_7reg!K1147*1000000000)/SUM(template_IRP_newest_CP_7reg!K1107:K1109) -> 2.7068448 | K82: =(template_IRP_newest_CP_7reg!L1147*1000000000)/SUM(template_IRP_newest_CP_7reg!L1107:L1109) -> 2.7604204 | L82: =(template_IRP_newest_CP_7reg!M1147*1000000000)/SUM(template_IRP_newest_CP_7reg!M1107:M1109) -> 2.8242085 | M82: =(template_IRP_newest_CP_7reg!N1147*1000000000)/SUM(template_IRP_newest_CP_7reg!N1107:N1109) -> 2.8972307
B83: West Asia | C83: Residential Total | D83: kg Glass/m2 | E83: =(template_IRP_newest_CP_7reg!F1387*1000000000)/SUM(template_IRP_newest_CP_7reg!F1347:F1349) -> 3.0105702 | F83: =(template_IRP_newest_CP_7reg!G1387*1000000000)/SUM(template_IRP_newest_CP_7reg!G1347:G1349) -> 3.0174809 | G83: =(template_IRP_newest_CP_7reg!H1387*1000000000)/SUM(template_IRP_newest_CP_7reg!H1347:H1349) -> 3.0245295 | H83: =(template_IRP_newest_CP_7reg!I1387*1000000000)/SUM(template_IRP_newest_CP_7reg!I1347:I1349) -> 3.0322513 | I83: =(template_IRP_newest_CP_7reg!J1387*1000000000)/SUM(template_IRP_newest_CP_7reg!J1347:J1349) -> 3.0498812 | J83: =(template_IRP_newest_CP_7reg!K1387*1000000000)/SUM(template_IRP_newest_CP_7reg!K1347:K1349) -> 3.0879635 | K83: =(template_IRP_newest_CP_7reg!L1387*1000000000)/SUM(template_IRP_newest_CP_7reg!L1347:L1349) -> 3.1420287 | L83: =(template_IRP_newest_CP_7reg!M1387*1000000000)/SUM(template_IRP_newest_CP_7reg!M1347:M1349) -> 3.2054992 | M83: =(template_IRP_newest_CP_7reg!N1387*1000000000)/SUM(template_IRP_newest_CP_7reg!N1347:N1349) -> 3.2764333
B84: Asia + Pacific | C84: Residential Total | D84: kg Glass/m2 | E84: =(template_IRP_newest_CP_7reg!F1627*1000000000)/SUM(template_IRP_newest_CP_7reg!F1587:F1589) -> 3.7002934 | F84: =(template_IRP_newest_CP_7reg!G1627*1000000000)/SUM(template_IRP_newest_CP_7reg!G1587:G1589) -> 3.6714566 | G84: =(template_IRP_newest_CP_7reg!H1627*1000000000)/SUM(template_IRP_newest_CP_7reg!H1587:H1589) -> 3.6482625 | H84: =(template_IRP_newest_CP_7reg!I1627*1000000000)/SUM(template_IRP_newest_CP_7reg!I1587:I1589) -> 3.6268005 | I84: =(template_IRP_newest_CP_7reg!J1627*1000000000)/SUM(template_IRP_newest_CP_7reg!J1587:J1589) -> 3.6193992 | J84: =(template_IRP_newest_CP_7reg!K1627*1000000000)/SUM(template_IRP_newest_CP_7reg!K1587:K1589) -> 3.6157962 | K84: =(template_IRP_newest_CP_7reg!L1627*1000000000)/SUM(template_IRP_newest_CP_7reg!L1587:L1589) -> 3.6269655 | L84: =(template_IRP_newest_CP_7reg!M1627*1000000000)/SUM(template_IRP_newest_CP_7reg!M1587:M1589) -> 3.6467874 | M84: =(template_IRP_newest_CP_7reg!N1627*1000000000)/SUM(template_IRP_newest_CP_7reg!N1587:N1589) -> 3.672674
B85: World | C85: Residential Total | D85: kg Glass/m2 | E85: =(template_IRP_newest_CP_7reg!F1867*1000000000)/SUM(template_IRP_newest_CP_7reg!F1827:F1829) -> 3.6562775 | F85: =(template_IRP_newest_CP_7reg!G1867*1000000000)/SUM(template_IRP_newest_CP_7reg!G1827:G1829) -> 3.6218406 | G85: =(template_IRP_newest_CP_7reg!H1867*1000000000)/SUM(template_IRP_newest_CP_7reg!H1827:H1829) -> 3.6008282 | H85: =(template_IRP_newest_CP_7reg!I1867*1000000000)/SUM(template_IRP_newest_CP_7reg!I1827:I1829) -> 3.5822573 | I85: =(template_IRP_newest_CP_7reg!J1867*1000000000)/SUM(template_IRP_newest_CP_7reg!J1827:J1829) -> 3.5651939 | J85: =(template_IRP_newest_CP_7reg!K1867*1000000000)/SUM(template_IRP_newest_CP_7reg!K1827:K1829) -> 3.5491394 | K85: =(template_IRP_newest_CP_7reg!L1867*1000000000)/SUM(template_IRP_newest_CP_7reg!L1827:L1829) -> 3.5465468 | L85: =(template_IRP_newest_CP_7reg!M1867*1000000000)/SUM(template_IRP_newest_CP_7reg!M1827:M1829) -> 3.5549927 | M85: =(template_IRP_newest_CP_7reg!N1867*1000000000)/SUM(template_IRP_newest_CP_7reg!N1827:N1829) -> 3.5723553
B86: World | C86: Commercial | D86: kg Glass/m2 | E86: =(template_IRP_newest_CP_7reg!F1868*1000000000)/SUM(template_IRP_newest_CP_7reg!F1830:F1833) -> 7.7190328 | F86: =(template_IRP_newest_CP_7reg!G1868*1000000000)/SUM(template_IRP_newest_CP_7reg!G1830:G1833) -> 7.7449156 | G86: =(template_IRP_newest_CP_7reg!H1868*1000000000)/SUM(template_IRP_newest_CP_7reg!H1830:H1833) -> 7.7507214 | H86: =(template_IRP_newest_CP_7reg!I1868*1000000000)/SUM(template_IRP_newest_CP_7reg!I1830:I1833) -> 7.7359773 | I86: =(template_IRP_newest_CP_7reg!J1868*1000000000)/SUM(template_IRP_newest_CP_7reg!J1830:J1833) -> 7.6866785 | J86: =(template_IRP_newest_CP_7reg!K1868*1000000000)/SUM(template_IRP_newest_CP_7reg!K1830:K1833) -> 7.606797 | K86: =(template_IRP_newest_CP_7reg!L1868*1000000000)/SUM(template_IRP_newest_CP_7reg!L1830:L1833) -> 7.5271025 | L86: =(template_IRP_newest_CP_7reg!M1868*1000000000)/SUM(template_IRP_newest_CP_7reg!M1830:M1833) -> 7.4554707 | M86: =(template_IRP_newest_CP_7reg!N1868*1000000000)/SUM(template_IRP_newest_CP_7reg!N1830:N1833) -> 7.3907984
A87: Wood Intensity (of the stock) | B87: North America | C87: Residential Total | D87: kg Wood/m2 | E87: =(template_IRP_newest_CP_7reg!F189*1000000000)/SUM(template_IRP_newest_CP_7reg!F147:F149) -> 49.007503 | F87: =(template_IRP_newest_CP_7reg!G189*1000000000)/SUM(template_IRP_newest_CP_7reg!G147:G149) -> 48.960773 | G87: =(template_IRP_newest_CP_7reg!H189*1000000000)/SUM(template_IRP_newest_CP_7reg!H147:H149) -> 48.920919 | H87: =(template_IRP_newest_CP_7reg!I189*1000000000)/SUM(template_IRP_newest_CP_7reg!I147:I149) -> 48.882478 | I87: =(template_IRP_newest_CP_7reg!J189*1000000000)/SUM(template_IRP_newest_CP_7reg!J147:J149) -> 48.866884 | J87: =(template_IRP_newest_CP_7reg!K189*1000000000)/SUM(template_IRP_newest_CP_7reg!K147:K149) -> 48.87011 | K87: =(template_IRP_newest_CP_7reg!L189*1000000000)/SUM(template_IRP_newest_CP_7reg!L147:L149) -> 48.893101 | L87: =(template_IRP_newest_CP_7reg!M189*1000000000)/SUM(template_IRP_newest_CP_7reg!M147:M149) -> 48.934371 | M87: =(template_IRP_newest_CP_7reg!N189*1000000000)/SUM(template_IRP_newest_CP_7reg!N147:N149) -> 48.991074
B88: Latin America + Caribbean | C88: Residential Total | D88: kg Wood/m2 | E88: =(template_IRP_newest_CP_7reg!F429*1000000000)/SUM(template_IRP_newest_CP_7reg!F387:F389) -> 125.01645 | F88: =(template_IRP_newest_CP_7reg!G429*1000000000)/SUM(template_IRP_newest_CP_7reg!G387:G389) -> 124.98331 | G88: =(template_IRP_newest_CP_7reg!H429*1000000000)/SUM(template_IRP_newest_CP_7reg!H387:H389) -> 122.34565 | H88: =(template_IRP_newest_CP_7reg!I429*1000000000)/SUM(template_IRP_newest_CP_7reg!I387:I389) -> 121.28042 | I88: =(template_IRP_newest_CP_7reg!J429*1000000000)/SUM(template_IRP_newest_CP_7reg!J387:J389) -> 120.78973 | J88: =(template_IRP_newest_CP_7reg!K429*1000000000)/SUM(template_IRP_newest_CP_7reg!K387:K389) -> 120.64693 | K88: =(template_IRP_newest_CP_7reg!L429*1000000000)/SUM(template_IRP_newest_CP_7reg!L387:L389) -> 120.38881 | L88: =(template_IRP_newest_CP_7reg!M429*1000000000)/SUM(template_IRP_newest_CP_7reg!M387:M389) -> 120.24211 | M88: =(template_IRP_newest_CP_7reg!N429*1000000000)/SUM(template_IRP_newest_CP_7reg!N387:N389) -> 120.22029
B89: Europe | C89: Residential Total | D89: kg Wood/m2 | E89: =(template_IRP_newest_CP_7reg!F669*1000000000)/SUM(template_IRP_newest_CP_7reg!F627:F629) -> 48.82733 | F89: =(template_IRP_newest_CP_7reg!G669*1000000000)/SUM(template_IRP_newest_CP_7reg!G627:G629) -> 48.611027 | G89: =(template_IRP_newest_CP_7reg!H669*1000000000)/SUM(template_IRP_newest_CP_7reg!H627:H629) -> 48.275887 | H89: =(template_IRP_newest_CP_7reg!I669*1000000000)/SUM(template_IRP_newest_CP_7reg!I627:I629) -> 47.944381 | I89: =(template_IRP_newest_CP_7reg!J669*1000000000)/SUM(template_IRP_newest_CP_7reg!J627:J629) -> 47.704642 | J89: =(template_IRP_newest_CP_7reg!K669*1000000000)/SUM(template_IRP_newest_CP_7reg!K627:K629) -> 47.640777 | K89: =(template_IRP_newest_CP_7reg!L669*1000000000)/SUM(template_IRP_newest_CP_7reg!L627:L629) -> 47.743592 | L89: =(template_IRP_newest_CP_7reg!M669*1000000000)/SUM(template_IRP_newest_CP_7reg!M627:M629) -> 48.022012 | M89: =(template_IRP_newest_CP_7reg!N669*1000000000)/SUM(template_IRP_newest_CP_7reg!N627:N629) -> 48.482209
B90: EECCA | C90: Residential Total | D90: kg Wood/m2 | E90: =(template_IRP_newest_CP_7reg!F909*1000000000)/SUM(template_IRP_newest_CP_7reg!F867:F869) -> 48.326677 | F90: =(template_IRP_newest_CP_7reg!G909*1000000000)/SUM(template_IRP_newest_CP_7reg!G867:G869) -> 48.299868 | G90: =(template_IRP_newest_CP_7reg!H909*1000000000)/SUM(template_IRP_newest_CP_7reg!H867:H869) -> 48.223948 | H90: =(template_IRP_newest_CP_7reg!I909*1000000000)/SUM(template_IRP_newest_CP_7reg!I867:I869) -> 48.127603 | I90: =(template_IRP_newest_CP_7reg!J909*1000000000)/SUM(template_IRP_newest_CP_7reg!J867:J869) -> 48.274408 | J90: =(template_IRP_newest_CP_7reg!K909*1000000000)/SUM(template_IRP_newest_CP_7reg!K867:K869) -> 48.913465 | K90: =(template_IRP_newest_CP_7reg!L909*1000000000)/SUM(template_IRP_newest_CP_7reg!L867:L869) -> 49.872407 | L90: =(template_IRP_newest_CP_7reg!M909*1000000000)/SUM(template_IRP_newest_CP_7reg!M867:M869) -> 51.106109 | M90: =(template_IRP_newest_CP_7reg!N909*1000000000)/SUM(template_IRP_newest_CP_7reg!N867:N869) -> 52.581676
B91: Africa | C91: Residential Total | D91: kg Wood/m2 | E91: =(template_IRP_newest_CP_7reg!F1149*1000000000)/SUM(template_IRP_newest_CP_7reg!F1107:F1109) -> 43.344278 | F91: =(template_IRP_newest_CP_7reg!G1149*1000000000)/SUM(template_IRP_newest_CP_7reg!G1107:G1109) -> 43.479752 | G91: =(template_IRP_newest_CP_7reg!H1149*1000000000)/SUM(template_IRP_newest_CP_7reg!H1107:H1109) -> 43.425318 | H91: =(template_IRP_newest_CP_7reg!I1149*1000000000)/SUM(template_IRP_newest_CP_7reg!I1107:I1109) -> 43.439063 | I91: =(template_IRP_newest_CP_7reg!J1149*1000000000)/SUM(template_IRP_newest_CP_7reg!J1107:J1109) -> 43.679857 | J91: =(template_IRP_newest_CP_7reg!K1149*1000000000)/SUM(template_IRP_newest_CP_7reg!K1107:K1109) -> 44.661142 | K91: =(template_IRP_newest_CP_7reg!L1149*1000000000)/SUM(template_IRP_newest_CP_7reg!L1107:L1109) -> 46.181094 | L91: =(template_IRP_newest_CP_7reg!M1149*1000000000)/SUM(template_IRP_newest_CP_7reg!M1107:M1109) -> 48.1079 | M91: =(template_IRP_newest_CP_7reg!N1149*1000000000)/SUM(template_IRP_newest_CP_7reg!N1107:N1109) -> 50.406476
B92: West Asia | C92: Residential Total | D92: kg Wood/m2 | E92: =(template_IRP_newest_CP_7reg!F1389*1000000000)/SUM(template_IRP_newest_CP_7reg!F1347:F1349) -> 36.06838 | F92: =(template_IRP_newest_CP_7reg!G1389*1000000000)/SUM(template_IRP_newest_CP_7reg!G1347:G1349) -> 36.156519 | G92: =(template_IRP_newest_CP_7reg!H1389*1000000000)/SUM(template_IRP_newest_CP_7reg!H1347:H1349) -> 36.246416 | H92: =(template_IRP_newest_CP_7reg!I1389*1000000000)/SUM(template_IRP_newest_CP_7reg!I1347:I1349) -> 36.345803 | I92: =(template_IRP_newest_CP_7reg!J1389*1000000000)/SUM(template_IRP_newest_CP_7reg!J1347:J1349) -> 36.690311 | J92: =(template_IRP_newest_CP_7reg!K1389*1000000000)/SUM(template_IRP_newest_CP_7reg!K1347:K1349) -> 37.639582 | K92: =(template_IRP_newest_CP_7reg!L1389*1000000000)/SUM(template_IRP_newest_CP_7reg!L1347:L1349) -> 39.078407 | L92: =(template_IRP_newest_CP_7reg!M1389*1000000000)/SUM(template_IRP_newest_CP_7reg!M1347:M1349) -> 40.807775 | M92: =(template_IRP_newest_CP_7reg!N1389*1000000000)/SUM(template_IRP_newest_CP_7reg!N1347:N1349) -> 42.772933
B93: Asia + Pacific | C93: Residential Total | D93: kg Wood/m2 | E93: =(template_IRP_newest_CP_7reg!F1629*1000000000)/SUM(template_IRP_newest_CP_7reg!F1587:F1589) -> 45.073449 | F93: =(template_IRP_newest_CP_7reg!G1629*1000000000)/SUM(template_IRP_newest_CP_7reg!G1587:G1589) -> 44.996144 | G93: =(template_IRP_newest_CP_7reg!H1629*1000000000)/SUM(template_IRP_newest_CP_7reg!H1587:H1589) -> 44.873049 | H93: =(template_IRP_newest_CP_7reg!I1629*1000000000)/SUM(template_IRP_newest_CP_7reg!I1587:I1589) -> 44.761119 | I93: =(template_IRP_newest_CP_7reg!J1629*1000000000)/SUM(template_IRP_newest_CP_7reg!J1587:J1589) -> 45.00416 | J93: =(template_IRP_newest_CP_7reg!K1629*1000000000)/SUM(template_IRP_newest_CP_7reg!K1587:K1589) -> 45.898747 | K93: =(template_IRP_newest_CP_7reg!L1629*1000000000)/SUM(template_IRP_newest_CP_7reg!L1587:L1589) -> 47.272476 | L93: =(template_IRP_newest_CP_7reg!M1629*1000000000)/SUM(template_IRP_newest_CP_7reg!M1587:M1589) -> 48.981498 | M93: =(template_IRP_newest_CP_7reg!N1629*1000000000)/SUM(template_IRP_newest_CP_7reg!N1587:N1589) -> 50.950111
B94: World | C94: Residential Total | D94: kg Wood/m2 | E94: =(template_IRP_newest_CP_7reg!F1869*1000000000)/SUM(template_IRP_newest_CP_7reg!F1827:F1829) -> 52.282094 | F94: =(template_IRP_newest_CP_7reg!G1869*1000000000)/SUM(template_IRP_newest_CP_7reg!G1827:G1829) -> 52.44778 | G94: =(template_IRP_newest_CP_7reg!H1869*1000000000)/SUM(template_IRP_newest_CP_7reg!H1827:H1829) -> 52.008869 | H94: =(template_IRP_newest_CP_7reg!I1869*1000000000)/SUM(template_IRP_newest_CP_7reg!I1827:I1829) -> 51.782113 | I94: =(template_IRP_newest_CP_7reg!J1869*1000000000)/SUM(template_IRP_newest_CP_7reg!J1827:J1829) -> 51.814674 | J94: =(template_IRP_newest_CP_7reg!K1869*1000000000)/SUM(template_IRP_newest_CP_7reg!K1827:K1829) -> 52.565683 | K94: =(template_IRP_newest_CP_7reg!L1869*1000000000)/SUM(template_IRP_newest_CP_7reg!L1827:L1829) -> 53.62713 | L94: =(template_IRP_newest_CP_7reg!M1869*1000000000)/SUM(template_IRP_newest_CP_7reg!M1827:M1829) -> 54.984707 | M94: =(template_IRP_newest_CP_7reg!N1869*1000000000)/SUM(template_IRP_newest_CP_7reg!N1827:N1829) -> 56.61975
B95: World | C95: Commercial | D95: kg Wood/m2 | E95: =(template_IRP_newest_CP_7reg!F1870*1000000000)/SUM(template_IRP_newest_CP_7reg!F1830:F1833) -> 16.826321 | F95: =(template_IRP_newest_CP_7reg!G1870*1000000000)/SUM(template_IRP_newest_CP_7reg!G1830:G1833) -> 16.831966 | G95: =(template_IRP_newest_CP_7reg!H1870*1000000000)/SUM(template_IRP_newest_CP_7reg!H1830:H1833) -> 16.838428 | H95: =(template_IRP_newest_CP_7reg!I1870*1000000000)/SUM(template_IRP_newest_CP_7reg!I1830:I1833) -> 16.851686 | I95: =(template_IRP_newest_CP_7reg!J1870*1000000000)/SUM(template_IRP_newest_CP_7reg!J1830:J1833) -> 17.158099 | J95: =(template_IRP_newest_CP_7reg!K1870*1000000000)/SUM(template_IRP_newest_CP_7reg!K1830:K1833) -> 17.89247 | K95: =(template_IRP_newest_CP_7reg!L1870*1000000000)/SUM(template_IRP_newest_CP_7reg!L1830:L1833) -> 18.913939 | L95: =(template_IRP_newest_CP_7reg!M1870*1000000000)/SUM(template_IRP_newest_CP_7reg!M1830:M1833) -> 20.132044 | M95: =(template_IRP_newest_CP_7reg!N1870*1000000000)/SUM(template_IRP_newest_CP_7reg!N1830:N1833) -> 21.496855
