Workbook

Sheet Sheet2
A1: Cntry_ISO | B1: Cntry_name | C1: eFUA_name | D1: IMAGE-region | E1: GRIP-region | F1: R10 | G1: FUA_area | H1: FUA_urban | I1: FUA_total_area | J1: FUA_p_2015 | K1: 1870 | L1: 1880 | M1: 1890 | N1: 1900 | O1: 1910 | P1: 1920 | Q1: 1930 | R1: 1940 | S1: 1950 | T1: 1960 | U1: 1970 | V1: 1980 | W1: 1990 | X1: 1992 | Y1: 1993 | Z1: 1994 | AA1: 1995 | AB1: 1996 | AC1: 1997 | AD1: 1998 | AE1: 1999 | AF1: 2000 | AG1: 2001 | AH1: 2002 | AI1: 2003 | AJ1: 2004 | AK1: 2005 | AL1: 2006 | AM1: 2007 | AN1: 2008 | AO1: 2009 | AP1: 2010 | AQ1: 2011 | AR1: 2012 | AS1: 2013 | AT1: 2020 | AU1: 2024 | AV1: 2030 | AW1: 2040 | AX1: 2050 | AY1: 2060
A2: AFG | B2: Afghanistan | C2: 161_Afghanistan_country | D2: Rest of South Asia | E2: South and East Asia | F2: Southern Asia | G2: 643838.73 | H2: 1917.352 | I2: 645756.08 | K2: 131.84812 | L2: 142.60477 | M2: 153.64254 | N2: 170.19085 | O2: 188.72652 | P2: 196.10551 | Q2: 206.15466 | R2: 217.69632 | S2: 254.86721 | T2: 291.83836 | U2: 357.18789 | V2: 466.79345 | W2: 578.13683 | X2: 609.68643 | Y2: 705.36716 | Z2: 849.2652 | AA2: 893.55539 | AB2: 920.79412 | AC2: 935.11603 | AD2: 962.27858 | AE2: 980.45841 | AF2: 997.88307 | AG2: 1016.8153 | AH2: 1037.3453 | AI2: 1059.3365 | AJ2: 1090.3345 | AK2: 1112.2849 | AL2: 1134.9743 | AM2: 1181.275 | AN2: 1224.1342 | AO2: 1263.823 | AP2: 1359.6194 | AQ2: 1474.6454 | AR2: 1607.5437 | AS2: 1719.2458 | AT2: 1829.6659 | AU2: 1836.4786 | AV2: 1844.784 | AW2: 1850.0082 | AX2: 1838.642 | AY2: 1763.1448
A3: AGO | B3: Angola | C3: 69_Angola_country | D3: Rest of Southern Africa | E3: Africa | F3: Africa | G3: 1246918.1 | H3: 4318.8619 | I3: 1251237 | K3: 223.89716 | L3: 227.92512 | M3: 232.71952 | N3: 240.68294 | O3: 250.87418 | P3: 256.34157 | Q3: 264.92889 | R3: 276.55397 | S3: 319.15491 | T3: 384.12412 | U3: 530.99074 | V3: 719.44761 | W3: 961.08695 | X3: 1041.5217 | Y3: 1202.941 | Z3: 1377.615 | AA3: 1506.2453 | AB3: 1539.6032 | AC3: 1609.1059 | AD3: 1679.2419 | AE3: 1730.1105 | AF3: 1795.786 | AG3: 1852.4407 | AH3: 1896.1395 | AI3: 1944.0698 | AJ3: 2013.8577 | AK3: 2091.5766 | AL3: 2192.3047 | AM3: 2365.6697 | AN3: 2501.9219 | AO3: 2650.6899 | AP3: 2892.5219 | AQ3: 3250.2917 | AR3: 3649.9015 | AS3: 3979.0356 | AT3: 4342.7228 | AU3: 4366.6678 | AV3: 4396.7451 | AW3: 4417.1823 | AX3: 4344.2633 | AY3: 4054.3708
A4: ALB | B4: Albania | C4: 114_Albania_country | D4: Central Europe | E4: Europe | F4: Europe | G4: 28727.645 | H4: 806.29565 | I4: 29533.941 | K4: 84.742947 | L4: 94.047032 | M4: 104.25818 | N4: 117.80812 | O4: 138.17356 | P4: 146.13257 | Q4: 157.69914 | R4: 167.63982 | S4: 183.88669 | T4: 205.54909 | U4: 241.24807 | V4: 273.01877 | W4: 295.90385 | X4: 307.26851 | Y4: 344.02769 | Z4: 383.31811 | AA4: 405.78601 | AB4: 415.85854 | AC4: 428.46531 | AD4: 446.39113 | AE4: 457.75633 | AF4: 467.24033 | AG4: 477.51048 | AH4: 488.38357 | AI4: 495.45142 | AJ4: 504.11159 | AK4: 512.5596 | AL4: 526.40242 | AM4: 545.27543 | AN4: 561.77977 | AO4: 591.50392 | AP4: 626.56054 | AQ4: 680.02281 | AR4: 736.50365 | AS4: 782.49125 | AT4: 798.78865 | AU4: 796.86467 | AV4: 794.06547 | AW4: 786.90087 | AX4: 776.78775 | AY4: 763.98581
A5: ARE | B5: United Arab Emirates | C5: 194_United Arab Emirates_country | D5: Middle East | E5: Middle East and Central Asia | F5: Middle East | G5: 71093.261 | H5: 3889.0822 | I5: 74982.343 | K5: 59.161203 | L5: 65.118563 | M5: 71.164999 | N5: 78.469826 | O5: 89.124312 | P5: 97.960277 | Q5: 109.00476 | R5: 129.67434 | S5: 149.8278 | T5: 241.44334 | U5: 394.65557 | V5: 610.01621 | W5: 941.33471 | X5: 1179.3985 | Y5: 1292.8781 | Z5: 1428.2745 | AA5: 1606.3905 | AB5: 1667.4416 | AC5: 1731.5042 | AD5: 1798.7089 | AE5: 1853.8346 | AF5: 1895.0468 | AG5: 1932.0405 | AH5: 1974.1097 | AI5: 2021.4624 | AJ5: 2081.7225 | AK5: 2134.3282 | AL5: 2196.6106 | AM5: 2314.7907 | AN5: 2390.4311 | AO5: 2521.4308 | AP5: 2715.415 | AQ5: 2951.6334 | AR5: 3188.0742 | AS5: 3410.4026 | AT5: 3607.7675 | AU5: 3596.1779 | AV5: 3583.3762 | AW5: 3496.4193 | AX5: 3382.0555 | AY5: 3296.5251
A6: ARG | B6: Argentina | C6: 45_Argentina_country | D6: Rest of South America | E6: Central and South America | F6: Latin America and Caribbean | G6: 2779049.5 | H6: 18828.018 | I6: 2797877.5 | J6: 44908441 | K6: 374.52099 | L6: 586.38506 | M6: 811.91777 | N6: 1161.8352 | O6: 1707.2143 | P6: 2243.0254 | Q6: 2829.4104 | R6: 3388.4582 | S6: 3977.577 | T6: 4614.536 | U6: 4794.9622 | V6: 4915.2463 | W6: 4982.2227 | X6: 5072.4358 | Y6: 7293.5913 | Z6: 8449.959 | AA6: 9010.3737 | AB6: 9312.4508 | AC6: 9546.1847 | AD6: 9938.4749 | AE6: 10438.748 | AF6: 10709.387 | AG6: 10896.647 | AH6: 11022.399 | AI6: 11134.482 | AJ6: 11287.571 | AK6: 11491.234 | AL6: 11847.985 | AM6: 12243.009 | AN6: 12695.442 | AO6: 13340.602 | AP6: 14341.147 | AQ6: 15524.852 | AR6: 16630.646 | AS6: 17811.617 | AT6: 18351.102 | AU6: 18249.595 | AV6: 18105.192 | AW6: 17756.357 | AX6: 17289.666 | AY6: 16733.315
A7: ARM | B7: Armenia | C7: 158_Armenia_country | D7: Russia region | E7: Europe | F7: Eurasia | G7: 29690.165 | H7: 779.13352 | I7: 30469.298 | J7: 2812494 | K7: 7.3089448 | L7: 7.3089448 | M7: 7.3089448 | N7: 7.3089448 | O7: 7.3089448 | P7: 7.3089448 | Q7: 7.3089448 | R7: 9.136181 | S7: 9.136181 | T7: 12.790653 | U7: 20.099598 | V7: 27.408543 | W7: 32.890252 | X7: 32.890252 | Y7: 32.890252 | Z7: 56.644322 | AA7: 89.534574 | AB7: 124.25206 | AC7: 186.37809 | AD7: 199.16875 | AE7: 208.30493 | AF7: 219.26834 | AG7: 222.92282 | AH7: 226.57729 | AI7: 239.36794 | AJ7: 253.98583 | AK7: 303.32121 | AL7: 339.86593 | AM7: 385.54684 | AN7: 403.8192 | AO7: 416.60986 | AP7: 427.57327 | AQ7: 462.29076 | AR7: 575.57941 | AS7: 676.0774 | AT7: 730.89448 | AU7: 723.20086 | AV7: 717.01674 | AW7: 699.28823 | AX7: 681.46201 | AY7: 662.37312
A8: AUS | B8: Australia | C8: 55_Australia_country | D8: Oceania | E8: Oceania | F8: Asia-Pacific Developed | G8: 7688058.2 | H8: 33097.674 | I8: 7721155.9 | J8: 25544183 | K8: 788.12958 | L8: 1073.8658 | M8: 1598.2389 | N8: 2125.7519 | O8: 2901.3216 | P8: 3535.5933 | Q8: 4232.664 | R8: 4832.3961 | S8: 5711.5845 | T8: 7520.2006 | U8: 9972.5081 | V8: 11862.763 | W8: 14095.274 | X8: 14663.606 | Y8: 16833.317 | Z8: 18283.978 | AA8: 18805.211 | AB8: 19106.647 | AC8: 19467.743 | AD8: 19850.818 | AE8: 20243.312 | AF8: 20720.586 | AG8: 21084.821 | AH8: 21433.357 | AI8: 21932.61 | AJ8: 22315.685 | AK8: 22648.521 | AL8: 22927.977 | AM8: 23829.145 | AN8: 24381.778 | AO8: 24755.433 | AP8: 25515.303 | AQ8: 26969.103 | AR8: 28579.902 | AS8: 29628.648 | AT8: 31650.091 | AU8: 31508.541 | AV8: 31328.589 | AW8: 30963.347 | AX8: 30495.55 | AY8: 29969.634
A9: AUT | B9: Austria | C9: 115_Austria_country | D9: Western Europe | E9: Europe | F9: Europe | G9: 83946.896 | H9: 6142.9455 | I9: 90089.841 | J9: 8901100 | K9: 631.31838 | L9: 901.26141 | M9: 1055.8256 | N9: 1197.328 | O9: 1334.4764 | P9: 1334.4764 | Q9: 1399.7852 | R9: 1452.0323 | S9: 1543.4646 | T9: 1602.2425 | U9: 1728.5062 | V9: 1795.9919 | W9: 1872.1855 | X9: 1898.309 | Y9: 2192.1986 | Z9: 2499.15 | AA9: 2660.245 | AB9: 2747.3234 | AC9: 2808.2783 | AD9: 2934.542 | AE9: 3012.9125 | AF9: 3045.5669 | AG9: 3078.2213 | AH9: 3121.7605 | AI9: 3154.4149 | AJ9: 3226.2546 | AK9: 3261.086 | AL9: 3348.1644 | AM9: 3476.605 | AN9: 3591.9839 | AO9: 3853.2191 | AP9: 4277.7262 | AQ9: 4832.851 | AR9: 5488.116 | AS9: 5897.3844 | AT9: 6041.6417 | AU9: 6038.0046 | AV9: 6030.9895 | AW9: 6017.9073 | AX9: 5996.4008 | AY9: 5974.2223
A10: AZE | B10: Azerbaijan | C10: 159_Azerbaijan_country | D10: Russia region | E10: Middle East and Central Asia | F10: Eurasia | G10: 86235.488 | H10: 2080.6983 | I10: 88316.186 | J10: 10273527 | K10: 50.086696 | L10: 58.165196 | M10: 69.475095 | N10: 88.863493 | O10: 114.71469 | P10: 124.40889 | Q10: 135.71879 | R10: 150.26009 | S10: 166.41709 | T10: 240.73928 | U10: 340.91267 | V10: 434.62327 | W10: 533.18096 | X10: 534.79666 | Y10: 559.03216 | Z10: 602.65606 | AA10: 618.81305 | AB10: 625.27585 | AC10: 641.43285 | AD10: 657.58985 | AE10: 668.89975 | AF10: 672.13115 | AG10: 691.51955 | AH10: 735.14345 | AI10: 877.32503 | AJ10: 885.40353 | AK10: 945.18443 | AL10: 969.41993 | AM10: 1064.7462 | AN10: 1111.6015 | AO10: 1156.8411 | AP10: 1197.2336 | AQ10: 1297.407 | AR10: 1436.3572 | AS10: 1736.8774 | AT10: 1927.5622 | AU10: 1910.6261 | AV10: 1889.8786 | AW10: 1833.1789 | AX10: 1764.9331 | AY10: 1692.2045
A11: BDI | B11: Burundi | C11: 73_Burundi_country | D11: Eastern Africa | E11: Africa | F11: Africa | G11: 26935.291 | H11: 377.46844 | I11: 27312.76 | J11: 12053895 | K11: 22.46836 | L11: 22.46836 | M11: 22.46836 | N11: 22.46836 | O11: 22.46836 | P11: 22.46836 | Q11: 22.46836 | R11: 22.46836 | S11: 22.46836 | T11: 22.46836 | U11: 22.46836 | V11: 29.957813 | W11: 37.447266 | X11: 37.447266 | Y11: 67.405079 | Z11: 67.405079 | AA11: 67.405079 | AB11: 67.405079 | AC11: 67.405079 | AD11: 67.405079 | AE11: 67.405079 | AF11: 67.405079 | AG11: 67.405079 | AH11: 67.405079 | AI11: 67.405079 | AJ11: 82.383985 | AK11: 97.362891 | AL11: 97.362891 | AM11: 97.362891 | AN11: 112.3418 | AO11: 112.3418 | AP11: 134.81016 | AQ11: 254.64141 | AR11: 366.98321 | AS11: 374.47266 | AT11: 374.47266 | AU11: 374.47266 | AV11: 374.47266 | AW11: 357.82943 | AX11: 345.10225 | AY11: 293.81701
A12: BEL | B12: Belgium | C12: 116_Belgium_country | D12: Western Europe | E12: Europe | F12: Europe | G12: 30707.466 | H12: 14803.846 | I12: 45511.312 | J12: 11541270 | K12: 2697.6111 | L12: 3181.5444 | M12: 3713.4478 | N12: 4335.6479 | O12: 5083.4166 | P12: 5138.4411 | Q12: 5598.3895 | R12: 5800.1459 | S12: 6034.3528 | T12: 6473.1378 | U12: 6940.1406 | V12: 7237.8372 | W12: 7431.1284 | X12: 7538.3556 | Y12: 8695.2808 | Z12: 9392.2577 | AA12: 9606.7122 | AB12: 9715.3503 | AC12: 9788.7163 | AD12: 9949.5571 | AE12: 10267.006 | AF12: 10319.209 | AG12: 10346.016 | AH12: 10358.714 | AI12: 10381.288 | AJ12: 10434.901 | AK12: 10480.05 | AL12: 10539.307 | AM12: 10746.707 | AN12: 10908.959 | AO12: 11178.437 | AP12: 11699.054 | AQ12: 12393.209 | AR12: 13574.119 | AS12: 14247.111 | AT12: 14508.563 | AU12: 14431.56 | AV12: 14322.461 | AW12: 14088.835 | AX12: 13784.456 | AY12: 13402.579
A13: BEN | B13: Benin | C13: 70_Benin_country | D13: Western Africa | E13: Africa | F13: Africa | G13: 115286.16 | H13: 1192.2221 | I13: 116478.38 | J13: 12466822 | K13: 63.755194 | L13: 63.755194 | M13: 63.755194 | N13: 63.755194 | O13: 63.755194 | P13: 63.755194 | Q13: 63.755194 | R13: 63.755194 | S13: 63.755194 | T13: 71.724593 | U13: 111.57159 | V13: 191.26558 | W13: 278.92897 | X13: 278.92897 | Y13: 286.89837 | Z13: 398.46996 | AA13: 430.34756 | AB13: 438.31696 | AC13: 438.31696 | AD13: 462.22516 | AE13: 462.22516 | AF13: 533.94975 | AG13: 541.91915 | AH13: 557.85795 | AI13: 557.85795 | AJ13: 573.79675 | AK13: 597.70495 | AL13: 613.64374 | AM13: 661.46014 | AN13: 725.21533 | AO13: 820.84813 | AP13: 868.66452 | AQ13: 924.45032 | AR13: 1028.0525 | AS13: 1036.0219 | AT13: 1140.4957 | AU13: 1139.915 | AV13: 1154.4397 | AW13: 1164.5516 | AX13: 1171.8658 | AY13: 1171.8913
A14: BFA | B14: Burkina Faso | C14: 72_Burkina Faso_country | D14: Western Africa | E14: Africa | F14: Africa | G14: 272946.96 | H14: 1446.1177 | I14: 274393.08 | J14: 21231890 | K14: 55.40681 | L14: 55.40681 | M14: 55.40681 | N14: 55.40681 | O14: 55.40681 | P14: 55.40681 | Q14: 55.40681 | R14: 55.40681 | S14: 60.947491 | T14: 66.488172 | U14: 72.028853 | V14: 99.732257 | W14: 155.13907 | X14: 160.67975 | Y14: 199.46451 | Z14: 249.33064 | AA14: 332.44086 | AB14: 382.30699 | AC14: 398.92903 | AD14: 432.17312 | AE14: 448.79516 | AF14: 465.4172 | AG14: 465.4172 | AH14: 465.4172 | AI14: 509.74265 | AJ14: 542.98674 | AK14: 603.93423 | AL14: 687.04444 | AM14: 714.74785 | AN14: 764.61397 | AO14: 792.31738 | AP14: 941.91577 | AQ14: 1069.3514 | AR14: 1141.3803 | AS14: 1279.8973 | AT14: 1379.6296 | AU14: 1385.5507 | AV14: 1385.0826 | AW14: 1389.0791 | AX14: 1391.9111 | AY14: 1376.1101
A15: BGD | B15: Bangladesh | C15: 162_Bangladesh_country | D15: Rest of South Asia | E15: South and East Asia | F15: Southern Asia | G15: 139384.37 | H15: 24194.401 | I15: 163578.77 | J15: 166426991 | K15: 887.65911 | L15: 978.70107 | M15: 1115.264 | N15: 1274.5874 | O15: 1456.6714 | P15: 1547.7133 | Q15: 1707.0368 | R15: 1843.5997 | S15: 1911.8812 | T15: 2276.049 | U15: 3300.2711 | V15: 6099.8113 | W15: 8057.2135 | X15: 8603.4653 | Y15: 9217.9985 | Z15: 10128.418 | AA15: 10538.107 | AB15: 10697.43 | AC15: 10742.951 | AD15: 10788.472 | AE15: 10833.993 | AF15: 11107.119 | AG15: 11585.089 | AH15: 12176.862 | AI15: 12541.03 | AJ15: 12768.635 | AK15: 12814.156 | AL15: 12973.479 | AM15: 13292.126 | AN15: 13610.773 | AO15: 14248.067 | AP15: 14771.558 | AQ15: 16706.2 | AR15: 19642.303 | AS15: 22646.688 | AT15: 23379.368 | AU15: 23299.047 | AV15: 23149.669 | AW15: 22697.068 | AX15: 21695.393 | AY15: 19057.568
A16: BGR | B16: Bulgaria | C16: 118_Bulgaria_country | D16: Central Europe | E16: Europe | F16: Europe | G16: 111587.67 | H16: 2710.5348 | I16: 114298.21 | J16: 7020239 | K16: 52.300002 | L16: 64.503336 | M16: 81.93667 | N16: 92.396671 | O16: 129.00667 | P16: 148.18334 | Q16: 184.79334 | R16: 240.58001 | S16: 277.19001 | T16: 364.35668 | U16: 571.81336 | V16: 725.2267 | W16: 791.47337 | X16: 796.70337 | Y16: 911.76338 | Z16: 1037.2834 | AA16: 1065.1767 | AB16: 1084.3534 | AC16: 1103.5301 | AD16: 1155.8301 | AE16: 1194.1834 | AF16: 1262.1734 | AG16: 1317.9601 | AH16: 1354.5701 | AI16: 1389.4367 | AJ16: 1413.8434 | AK16: 1473.1167 | AL16: 1591.6634 | AM16: 1704.9801 | AN16: 1779.9434 | AO16: 1868.8534 | AP16: 1936.8434 | AQ16: 2111.1768 | AR16: 2391.8534 | AS16: 2604.5401 | AT16: 2655.0168 | AU16: 2649.9349 | AV16: 2640.1919 | AW16: 2610.4011 | AX16: 2570.5267 | AY16: 2520.4212
A17: BHR | B17: Bahrain | C17: 314_Bahrain_country | D17: Middle East | E17: Middle East and Central Asia | F17: Middle East | G17: 910.06629 | H17: 667.24695 | I17: 1577.3132 | J17: 1494035 | K17: 0 | L17: 0 | M17: 0 | N17: 0 | O17: 0 | P17: 0 | Q17: 0 | R17: 0 | S17: 0 | T17: 0 | U17: 0 | V17: 0 | W17: 0 | X17: 280.68691 | Y17: 292.99774 | Z17: 297.92207 | AA17: 300.38423 | AB17: 301.61532 | AC17: 301.61532 | AD17: 302.8464 | AE17: 304.07748 | AF17: 304.07748 | AG17: 307.77073 | AH17: 315.15723 | AI17: 320.08156 | AJ17: 321.31264 | AK17: 323.77481 | AL17: 325.00589 | AM17: 350.85863 | AN17: 361.93838 | AO17: 386.56004 | AP17: 438.26552 | AQ17: 513.36158 | AR17: 557.68057 | AS17: 578.60898 | AT17: 664.36467 | AU17: 659.54794 | AV17: 654.0123 | AW17: 641.13337 | AX17: 624.86983 | AY17: 607.091
... A19: BIH | B19: bosnia-herzegovina | C19: 117_Bosnia and Herzegovina_country | D19: Central Europe | E19: Europe | F19: Europe | G19: 51068.854 | H19: 790.81654 | I19: 51859.671 | J19: 3340977 | K19: 3.9527651 | L19: 3.9527651 | M19: 3.9527651 | N19: 5.2703535 | O19: 6.5879418 | P19: 7.9055302 | Q19: 9.2231186 | R19: 9.2231186 | S19: 9.2231186 | T19: 9.2231186 | U19: 10.540707 | V19: 13.175884 | W19: 15.81106 | X19: 17.128649 | Y19: 23.716591 | Z19: 36.892474 | AA19: 83.008067 | AB19: 126.48848 | AC19: 172.60408 | AD19: 204.2262 | AE19: 264.83526 | AF19: 281.96391 | AG19: 300.41015 | AH19: 318.85638 | AI19: 332.03227 | AJ19: 351.79609 | AK19: 367.60715 | AL19: 386.05339 | AM19: 407.13481 | AN19: 450.61522 | AO19: 505.95393 | AP19: 566.563 | AQ19: 610.04341 | AR19: 640.34795 | AS19: 736.5319 | AT19: 768.15402 | AU19: 764.24484 | AV19: 760.71427 | AW19: 747.57846 | AX19: 731.2698 | AY19: 711.87343
A20: BLR | B20: Belarus | C20: 146_Belarus_country | D20: Ukraine region | E20: Middle East and Central Asia | F20: Eurasia | G20: 207069.81 | H20: 3844.6981 | I20: 210914.51 | K20: 102.80584 | L20: 117.16622 | M20: 138.72749 | N20: 183.98634 | O20: 263.70183 | P20: 289.65913 | Q20: 306.67482 | R20: 339.31735 | S20: 362.53675 | T20: 485.5194 | U20: 670.85243 | V20: 857.85246 | W20: 1033.6264 | X20: 1044.7891 | Y20: 1127.0334 | Z20: 1197.111 | AA20: 1237.1839 | AB20: 1274.5114 | AC20: 1313.0808 | AD20: 1339.0463 | AE20: 1356.2237 | AF20: 1374.4645 | AG20: 1388.541 | AH20: 1413.4092 | AI20: 1459.9013 | AJ20: 1526.7754 | AK20: 1596.5759 | AL20: 1661.0305 | AM20: 1772.1807 | AN20: 1849.1222 | AO20: 1932.5027 | AP20: 2038.6038 | AQ20: 2302.2597 | AR20: 2642.961 | AS20: 2930.0919 | AT20: 3078.6181 | AU20: 3067.1507 | AV20: 3054.6267 | AW20: 3004.058 | AX20: 2939.5025 | AY20: 2858.6961
A21: BOL | B21: Bolivia | C21: 46_Bolivia_country | D21: Rest of South America | E21: Central and South America | F21: Latin America and Caribbean | G21: 1084380.2 | H21: 2854.2508 | I21: 1087234.5 | J21: 11862352 | K21: 22.652784 | L21: 22.652784 | M21: 56.63196 | N21: 56.63196 | O21: 79.284744 | P21: 124.59031 | Q21: 129.12087 | R21: 158.56949 | S21: 158.56949 | T21: 206.14033 | U21: 283.1598 | V21: 421.34178 | W21: 652.40018 | X21: 699.97102 | Y21: 847.21412 | Z21: 967.27387 | AA21: 1057.885 | AB21: 1085.0683 | AC21: 1130.3739 | AD21: 1177.9448 | AE21: 1189.2712 | AF21: 1257.2295 | AG21: 1288.9434 | AH21: 1354.6365 | AI21: 1395.4115 | AJ21: 1474.6962 | AK21: 1524.5324 | AL21: 1592.4907 | AM21: 1678.5713 | AN21: 1748.7949 | AO21: 1828.0797 | AP21: 2004.7714 | AQ21: 2285.6659 | AR21: 2487.2757 | AS21: 2639.0493 | AT21: 2784.2486 | AU21: 2801.7394 | AV21: 2824.5135 | AW21: 2855.2336 | AX21: 2868.9776 | AY21: 2854.6192
A22: BRA | B22: Brazil | C22: 53_brazil_country | D22: Brazil | E22: Central and South America | F22: Latin America and Caribbean | G22: 8509083.3 | H22: 73053.988 | I22: 8582137.3 | J22: 213317639 | K22: 1729.6824 | L22: 2124.0142 | M22: 2908.1966 | N22: 3873.8613 | O22: 5363.8079 | P22: 7572.9619 | Q22: 10277.271 | R22: 10694.008 | S22: 13747.838 | T22: 18726.277 | U22: 21275.99 | V22: 21376.813 | W22: 22573.252 | X22: 24636.772 | Y22: 29503.184 | Z22: 33027.524 | AA22: 35707.187 | AB22: 37008.93 | AC22: 38256.9 | AD22: 39560.884 | AE22: 40999.298 | AF22: 41917.912 | AG22: 42507.169 | AH22: 43251.022 | AI22: 44113.623 | AJ22: 45186.833 | AK22: 46251.08 | AL22: 47617.798 | AM22: 50167.511 | AN22: 51594.724 | AO22: 53635.838 | AP22: 56293.097 | AQ22: 61421.65 | AR22: 65976.629 | AS22: 69476.324 | AT22: 71254.21 | AU22: 70889.052 | AV22: 70379.664 | AW22: 69090.252 | AX22: 67246.411 | AY22: 64938.958
A23: BRN | B23: Brunei | C23: 302_Brunei_country | D23: Southeastern Asia | E23: South and East Asia | F23: South-East Asia and developing Pacific | G23: 5777.4914 | H23: 115.2332 | I23: 5892.7246 | J23: 439894 | K23: 2.9460643 | L23: 2.9460643 | M23: 2.9460643 | N23: 2.9460643 | O23: 2.9460643 | P23: 2.9460643 | Q23: 3.3669306 | R23: 3.7877969 | S23: 4.2086632 | T23: 8.4173264 | U23: 14.309455 | V23: 15.99292 | W23: 18.518118 | X23: 19.359851 | Y23: 35.352771 | Z23: 60.60475 | AA23: 73.23074 | AB23: 79.964601 | AC23: 82.910665 | AD23: 83.331532 | AE23: 85.014997 | AF23: 85.014997 | AG23: 86.277596 | AH23: 86.277596 | AI23: 86.277596 | AJ23: 86.698462 | AK23: 86.698462 | AL23: 86.698462 | AM23: 86.698462 | AN23: 87.119329 | AO23: 90.065393 | AP23: 90.065393 | AQ23: 92.590591 | AR23: 95.957521 | AS23: 100.58705 | AT23: 107.50896 | AU23: 105.87577 | AV23: 103.72086 | AW23: 98.861499 | AX23: 94.346352 | AY23: 89.269749
A24: BWA | B24: Botswana | C24: 71_Botswana_country | D24: Rest of Southern Africa | E24: Africa | F24: Africa | G24: 577870.82 | H24: 548.48246 | I24: 578419.31 | J24: 2523551 | K24: 10.194841 | L24: 10.194841 | M24: 10.194841 | N24: 10.194841 | O24: 10.194841 | P24: 10.194841 | Q24: 10.194841 | R24: 10.194841 | S24: 10.194841 | T24: 10.194841 | U24: 18.350714 | V24: 30.584524 | W24: 81.558729 | X24: 85.636666 | Y24: 108.06532 | Z24: 148.84468 | AA24: 175.35127 | AB24: 185.54611 | AC24: 193.70198 | AD24: 197.77992 | AE24: 212.0527 | AF24: 238.55928 | AG24: 256.91 | AH24: 275.26071 | AI24: 287.49452 | AJ24: 299.72833 | AK24: 303.80627 | AL24: 303.80627 | AM24: 309.92317 | AN24: 311.96214 | AO24: 330.31285 | AP24: 340.5077 | AQ24: 393.52087 | AR24: 481.1965 | AS24: 507.70309 | AT24: 529.5362 | AU24: 522.03412 | AV24: 517.72264 | AW24: 497.27427 | AX24: 475.22255 | AY24: 449.34944
A25: CAF | B25: Central African Republic | C25: 76_Central African Republic_country | D25: Western Africa | E25: Africa | F25: Africa | G25: 620199.67 | H25: 204.63717 | I25: 620404.31 | J25: 5352088 | K25: 59.192569 | L25: 59.192569 | M25: 59.192569 | N25: 59.192569 | O25: 59.192569 | P25: 59.192569 | Q25: 59.192569 | R25: 59.192569 | S25: 76.104732 | T25: 84.560813 | U25: 101.47298 | V25: 109.92906 | W25: 109.92906 | X25: 109.92906 | Y25: 118.38514 | Z25: 126.84122 | AA25: 126.84122 | AB25: 126.84122 | AC25: 135.2973 | AD25: 135.2973 | AE25: 135.2973 | AF25: 135.2973 | AG25: 135.2973 | AH25: 135.2973 | AI25: 135.2973 | AJ25: 135.2973 | AK25: 135.2973 | AL25: 135.2973 | AM25: 135.2973 | AN25: 152.20946 | AO25: 152.20946 | AP25: 160.66555 | AQ25: 160.66555 | AR25: 194.48987 | AS25: 194.48987 | AT25: 194.48987 | AU25: 203.75129 | AV25: 202.94595 | AW25: 201.97025 | AX25: 208.382 | AY25: 207.0376
A26: CAN | B26: Canada | C26: 182_Canada_country | D26: Canada | E26: North-America | F26: North America | G26: 9955196.2 | H26: 47487.542 | I26: 10002684 | J26: 37758236 | K26: 1826.9026 | L26: 2356.9197 | M26: 3034.3478 | N26: 3522.9572 | O26: 4796.6545 | P26: 6080.2896 | Q26: 7486.4912 | R26: 8539.9001 | S26: 10393.304 | T26: 14595.345 | U26: 19585.787 | V26: 22485.974 | W26: 26106.654 | X26: 27552.606 | Y26: 30235.818 | Z26: 32215.1 | AA26: 32769.962 | AB26: 32996.876 | AC26: 33250.29 | AD26: 33558.362 | AE26: 33685.898 | AF26: 33882.998 | AG26: 34050.284 | AH26: 34167.882 | AI26: 34277.198 | AJ26: 34472.642 | AK26: 34692.93 | AL26: 35085.474 | AM26: 35741.37 | AN26: 36236.605 | AO26: 36720.245 | AP26: 37145.915 | AQ26: 38626.651 | AR26: 41129.325 | AS26: 44463.464 | AT26: 46021.872 | AU26: 45791.381 | AV26: 45478.86 | AW26: 44832.028 | AX26: 43946.094 | AY26: 42917.539
A27: CHE | B27: Switzerland | C27: 145_Switzerland_country | D27: Western Europe | E27: Europe | F27: Europe | G27: 41235.436 | H27: 8253.9036 | I27: 49489.34 | J27: 8606426 | K27: 489.28749 | L27: 533.1979 | M27: 572.92638 | N27: 687.92985 | O27: 834.2979 | P27: 874.02637 | Q27: 934.66456 | R27: 1003.6666 | S27: 1141.6708 | T27: 1423.9521 | U27: 1875.602 | V27: 1942.5131 | W27: 2676.4444 | X27: 2707.809 | Y27: 2952.4527 | Z27: 3201.2784 | AA27: 3389.4659 | AB27: 3475.1958 | AC27: 3533.743 | AD27: 4058.577 | AE27: 4121.3062 | AF27: 4192.3992 | AG27: 4303.2207 | AH27: 4409.8603 | AI27: 4441.2249 | AJ27: 4520.6818 | AK27: 4696.3235 | AL27: 4792.5082 | AM27: 4984.8777 | AN27: 5099.8811 | AO27: 5712.536 | AP27: 6047.0915 | AQ27: 6377.4651 | AR27: 7071.6679 | AS27: 7872.5102 | AT27: 8113.0033 | AU27: 8099.5945 | AV27: 8077.1772 | AW27: 8032.2937 | AX27: 7971.0006 | AY27: 7895.8002
A28: CHL | B28: Chile | C28: 47_Chile_country | D28: Rest of South America | E28: Central and South America | F28: Latin America and Caribbean | G28: 752545.1 | H28: 8755.98 | I28: 761301.08 | J28: 19206692 | K28: 172.73357 | L28: 211.88652 | M28: 255.64569 | N28: 317.82977 | O28: 423.77303 | P28: 481.35089 | Q28: 555.05055 | R28: 677.11561 | S28: 852.15229 | T28: 1197.6194 | U28: 1706.6077 | V28: 2204.0804 | W28: 2719.978 | X28: 2878.8929 | Y28: 3615.8895 | Z28: 4078.8154 | AA28: 4246.9428 | AB28: 4302.2175 | AC28: 4396.6452 | AD28: 4525.6196 | AE28: 4739.8092 | AF28: 4901.0272 | AG28: 5006.9705 | AH28: 5103.7013 | AI28: 5156.6729 | AJ28: 5237.2819 | AK28: 5327.1034 | AL28: 5423.8342 | AM28: 5654.1456 | AN28: 5843.001 | AO28: 6047.9782 | AP28: 6483.2668 | AQ28: 7229.4758 | AR28: 7786.8295 | AS28: 8288.9084 | AT28: 8540.0437 | AU28: 8500.7891 | AV28: 8438.3234 | AW28: 8292.5733 | AX28: 8111.4224 | AY28: 7901.5796
A29: CHN | B29: China | C29: 184_China_country | D29: China region | E29: South and East Asia | F29: Eastern Asia | G29: 9349155.5 | H29: 382823.89 | I29: 9731979.4 | J29: 1423998017 | K29: 6225.7581 | L29: 6391.153 | M29: 7000.8922 | N29: 8659.7778 | O29: 15490.338 | P29: 17450.39 | Q29: 17820.677 | R29: 17971.261 | S29: 18144.061 | T29: 19595.586 | U29: 22140.692 | V29: 24569.774 | W29: 34663.797 | X29: 37364.423 | Y29: 44575.145 | Z29: 53049.779 | AA29: 61507.133 | AB29: 66049.32 | AC29: 70221.22 | AD29: 76686.43 | AE29: 81248.365 | AF29: 87123.585 | AG29: 94205.94 | AH29: 104628.28 | AI29: 116716.92 | AJ29: 127203.45 | AK29: 137939.3 | AL29: 150176.05 | AM29: 167826.39 | AN29: 178683.21 | AO29: 197005.01 | AP29: 224823.43 | AQ29: 252730.73 | AR29: 282225.32 | AS29: 323174.12 | AT29: 353050.44 | AU29: 349710.62 | AV29: 345680.42 | AW29: 336048.71 | AX29: 325484.83 | AY29: 314488.18
A30: CIV | B30: ivory coast | C30: 88_Côte d'Ivoire_country | D30: Western Africa | E30: Africa | F30: Africa | G30: 321543.25 | H30: 2466.7868 | I30: 324010.03 | J30: 26477572 | K30: 55.867993 | L30: 60.165531 | M30: 64.463069 | N30: 73.058145 | O30: 81.65322 | P30: 85.950758 | Q30: 90.248296 | R30: 98.843372 | S30: 116.03352 | T30: 189.09167 | U30: 352.39811 | V30: 541.48978 | W30: 666.11838 | X30: 734.87898 | Y30: 945.45834 | Z30: 1027.1116 | AA30: 1074.3845 | AB30: 1113.0623 | AC30: 1143.1451 | AD30: 1216.2032 | AE30: 1246.286 | AF30: 1272.0712 | AG30: 1272.0712 | AH30: 1293.5589 | AI30: 1336.5343 | AJ30: 1353.7244 | AK30: 1405.2949 | AL30: 1422.485 | AM30: 1491.2457 | AN30: 1525.626 | AO30: 1594.3866 | AP30: 1637.3619 | AQ30: 1792.0733 | AR30: 2024.1404 | AS30: 2393.7286 | AT30: 2421.7572 | AU30: 2445.7533 | AV30: 2481.5355 | AW30: 2536.4749 | AX30: 2545.1603 | AY30: 2396.3365
A31: CMR | B31: Cameroon | C31: 74_Cameroon_country | D31: Western Africa | E31: Africa | F31: Africa | G31: 466040.04 | H31: 2406.1205 | I31: 468446.16 | J31: 26137122 | K31: 109.61825 | L31: 109.61825 | M31: 109.61825 | N31: 118.7531 | O31: 118.7531 | P31: 118.7531 | Q31: 118.7531 | R31: 118.7531 | S31: 127.88796 | T31: 155.29252 | U31: 228.37135 | V31: 383.66387 | W31: 557.2261 | X31: 648.57464 | Y31: 730.78832 | Z31: 858.67628 | AA31: 950.02482 | AB31: 950.02482 | AC31: 968.29453 | AD31: 986.56423 | AE31: 1004.8339 | AF31: 1013.9688 | AG31: 1023.1037 | AH31: 1032.2385 | AI31: 1032.2385 | AJ31: 1050.5082 | AK31: 1068.7779 | AL31: 1087.0476 | AM31: 1388.4978 | AN31: 1415.9024 | AO31: 1507.2509 | AP31: 1963.9936 | AQ31: 2082.7467 | AR31: 2320.2529 | AS31: 2384.1969 | AT31: 2318.6036 | AU31: 2319.0349 | AV31: 2319.6414 | AW31: 2260.8764 | AX31: 2088.6608 | AY31: 1639.0149
A32: COD | B32: congo democratic republic | C32: 79_Democratic Republic of the Congo_country | D32: Western Africa | E32: Africa | F32: Africa | G32: 2328869.3 | H32: 4142.8262 | I32: 2333012.1 | K32: 214.77117 | L32: 218.63495 | M32: 223.23393 | N32: 230.87277 | O32: 240.64861 | P32: 245.89315 | Q32: 254.13045 | R32: 265.2817 | S32: 306.14623 | T32: 368.46732 | U32: 509.3477 | V32: 690.12311 | W32: 921.91329 | X32: 999.0695 | Y32: 1153.9094 | Z32: 1321.4637 | AA32: 1444.8511 | AB32: 1476.8494 | AC32: 1543.5192 | AD32: 1610.7965 | AE32: 1659.5916 | AF32: 1722.5902 | AG32: 1776.9357 | AH32: 1818.8534 | AI32: 1864.83 | AJ32: 1931.7734 | AK32: 2006.3245 | AL32: 2102.947 | AM32: 2269.2456 | AN32: 2399.9442 | AO32: 2542.6485 | AP32: 2774.6234 | AQ32: 3117.8107 | AR32: 3501.1324 | AS32: 3816.8511 | AT32: 4062.5124 | AU32: 4073.5789 | AV32: 4083.8584 | AW32: 4008.6858 | AX32: 3629.4588 | AY32: 2739.6141
A33: COG | B33: Congo Brazzaville | C33: 78_Republic of the Congo_country | D33: Western Africa | E33: Africa | F33: Africa | G33: 341732.67 | H33: 429.13948 | I33: 342161.81 | J33: 5272024 | K33: 16.117915 | L33: 16.117915 | M33: 16.117915 | N33: 16.117915 | O33: 16.117915 | P33: 16.117915 | Q33: 16.117915 | R33: 16.117915 | S33: 18.132654 | T33: 22.162133 | U33: 34.250569 | V33: 54.397963 | W33: 78.574835 | X33: 80.589574 | Y33: 84.619053 | Z33: 86.633793 | AA33: 88.648532 | AB33: 90.663271 | AC33: 90.663271 | AD33: 90.663271 | AE33: 90.663271 | AF33: 94.69275 | AG33: 110.81066 | AH33: 110.81066 | AI33: 114.84014 | AJ33: 114.84014 | AK33: 132.9728 | AL33: 137.00228 | AM33: 147.07597 | AN33: 153.12019 | AO33: 173.26759 | AP33: 211.54763 | AQ33: 284.07825 | AR33: 332.43199 | AS33: 413.02157 | AT33: 410.67486 | AU33: 404.09137 | AV33: 396.24912 | AW33: 369.63695 | AX33: 311.97654 | AY33: 220.27817
A34: COL | B34: Colombia | C34: 45_Colombia_country | D34: Rest of South America | E34: Central and South America | F34: Latin America and Caribbean | G34: 1137241.3 | H34: 7273.2353 | I34: 1144514.5 | J34: 50617026 | K34: 94.632248 | L34: 114.55483 | M34: 134.4774 | N34: 161.87095 | O34: 199.22578 | P34: 261.48384 | Q34: 343.66448 | R34: 415.88382 | S34: 565.30316 | T34: 916.43861 | U34: 1486.7224 | V34: 2154.1288 | W34: 2968.4642 | X34: 3152.748 | Y34: 3879.9221 | Z34: 4335.6511 | AA34: 4430.2834 | AB34: 4477.5995 | AC34: 4509.9737 | AD34: 4592.1543 | AE34: 4664.3737 | AF34: 4679.3156 | AG34: 4696.7479 | AH34: 4709.1995 | AI34: 4726.6317 | AJ34: 4751.535 | AK34: 4778.9285 | AL34: 4791.3801 | AM34: 4935.8188 | AN34: 5035.4317 | AO34: 5187.3414 | AP34: 5471.2381 | AQ34: 5971.7929 | AR34: 6390.167 | AS34: 6671.5735 | AT34: 7009.1365 | AU34: 6965.5606 | AV34: 6908.5909 | AW34: 6764.0187 | AX34: 6545.357 | AY34: 6200.0927
A35: CRI | B35: Costa Rica | C35: 32_Costa Rica_country | D35: Central America | E35: Central and South America | F35: Latin America and Caribbean | G35: 51177.91 | H35: 1998.3282 | I35: 53176.239 | J35: 5105361 | K35: 48.771433 | L35: 52.022861 | M35: 58.525719 | N35: 68.280006 | O35: 84.53715 | P35: 97.542865 | Q35: 104.04572 | R35: 130.05715 | S35: 185.33144 | T35: 260.11431 | U35: 409.68003 | V35: 601.51434 | W35: 952.66865 | X35: 1024.2001 | Y35: 1128.2458 | Z35: 1199.7772 | AA35: 1212.783 | AB35: 1219.2858 | AC35: 1225.7887 | AD35: 1248.5487 | AE35: 1268.0572 | AF35: 1303.823 | AG35: 1307.0744 | AH35: 1316.8287 | AI35: 1316.8287 | AJ35: 1316.8287 | AK35: 1323.3315 | AL35: 1326.583 | AM35: 1385.1087 | AN35: 1391.6115 | AO35: 1459.8916 | AP35: 1518.4173 | AQ35: 1680.9887 | AR35: 1723.2573 | AS35: 1798.0402 | AT35: 1924.3965 | AU35: 1910.3758 | AV35: 1894.7392 | AW35: 1857.3697 | AX35: 1810.1093 | AY35: 1746.9156
A36: CUB | B36: Cuba | C36: 33_Cuba_country | D36: Central America | E36: Central and South America | F36: Latin America and Caribbean | G36: 110730.65 | H36: 2365.6029 | I36: 113096.26 | K36: 90.481966 | L36: 98.914939 | M36: 112.6461 | N36: 129.59546 | O36: 152.26855 | P36: 174.27715 | Q36: 195.11341 | R36: 219.9606 | S36: 259.30493 | T36: 339.47062 | U36: 464.69831 | V36: 597.51862 | W36: 761.48584 | X36: 817.13696 | Y36: 979.59467 | Z36: 1091.9899 | AA36: 1167.973 | AB36: 1197.9814 | AC36: 1223.9421 | AD36: 1268.5659 | AE36: 1312.9922 | AF36: 1345.0307 | AG36: 1356.6278 | AH36: 1375.4885 | AI36: 1391.4001 | AJ36: 1414.246 | AK36: 1430.3888 | AL36: 1454.5174 | AM36: 1508.0469 | AN36: 1551.7184 | AO36: 1621.3448 | AP36: 1760.3146 | AQ36: 1953.9684 | AR36: 2110.635 | AS36: 2219.3845 | AT36: 2322.844 | AU36: 2317.892 | AV36: 2308.5207 | AW36: 2275.8368 | AX36: 2215.8485 | AY36: 2151.8901
A37: CYP | B37: Cyprus | C37: 120_Cyprus_country | D37: Central Europe | E37: Europe | F37: Europe | G37: 5719.8196 | H37: 492.87656 | I37: 6212.6962 | J37: 1233777 | K37: 13.798336 | L37: 16.558003 | M37: 20.237559 | N37: 24.837005 | O37: 34.035895 | P37: 38.635341 | Q37: 43.234786 | R37: 47.834231 | S37: 61.632567 | T37: 69.911569 | U37: 80.950238 | V37: 104.86735 | W37: 120.50547 | X37: 159.14081 | Y37: 183.97781 | Z37: 214.33415 | AA37: 222.61315 | AB37: 223.53304 | AC37: 225.37282 | AD37: 229.97227 | AE37: 229.97227 | AF37: 237.33138 | AG37: 243.7706 | AH37: 260.32861 | AI37: 267.68772 | AJ37: 275.04683 | AK37: 284.24572 | AL37: 295.28439 | AM37: 325.64073 | AN37: 349.55784 | AO37: 358.75674 | AP37: 421.30919 | AQ37: 463.62409 | AR37: 496.7401 | AS37: 514.21799 | AT37: 473.74287 | AU37: 472.54956 | AV37: 470.41446 | AW37: 464.24902 | AX37: 452.28136 | AY37: 439.85663
A38: CZE | B38: czech-republic | C38: 121_Czechia_country | D38: Central Europe | E38: Europe | F38: Europe | G38: 78837.644 | H38: 10683.085 | I38: 89520.73 | J38: 10537908 | K38: 885.88239 | L38: 1060.8715 | M38: 1240.2353 | N38: 1585.8389 | O38: 2325.1679 | P38: 2441.0981 | Q38: 2707.9565 | R38: 2707.9565 | S38: 2707.9565 | T38: 2952.9413 | U38: 3307.2943 | V38: 3967.8782 | W38: 4145.0547 | X38: 4155.9915 | Y38: 4556.2791 | Z38: 5319.6691 | AA38: 5676.2094 | AB38: 5868.6974 | AC38: 6061.1855 | AD38: 6233.9872 | AE38: 6332.4186 | AF38: 6441.7868 | AG38: 6538.0308 | AH38: 6592.7149 | AI38: 6632.0874 | AJ38: 6697.7084 | AK38: 6758.9546 | AL38: 6863.948 | AM38: 7078.3097 | AN38: 7231.4252 | AO38: 7649.2117 | AP38: 8108.5581 | AQ38: 8979.1289 | AR38: 9685.6475 | AS38: 10269.674 | AT38: 10493.248 | AU38: 10462.655 | AV38: 10422.338 | AW38: 10327.024 | AX38: 10193.683 | AY38: 10032.495
A39: DEU | B39: Germany | C39: 347_Germany_country | D39: Western Europe | E39: Europe | F39: Europe | G39: 357823.91 | H39: 65554.872 | I39: 423378.78 | J39: 83267652 | K39: 5237.4737 | L39: 6861.8271 | M39: 9013.4169 | N39: 12574.201 | O39: 18086.923 | P39: 18086.923 | Q39: 19565.899 | R39: 21283.294 | S39: 21327.877 | T39: 23754.715 | U39: 26261.026 | V39: 27197.259 | W39: 28443.63 | X39: 28860.379 | Y39: 31577.973 | Z39: 35266.69 | AA39: 37519.075 | AB39: 38610.377 | AC39: 39558.239 | AD39: 40548.746 | AE39: 41238.805 | AF39: 41645.863 | AG39: 41957.94 | AH39: 42271.956 | AI39: 42446.409 | AJ39: 42710.028 | AK39: 43049.242 | AL39: 43717.98 | AM39: 44640.643 | AN39: 45739.699 | AO39: 48079.31 | AP39: 50756.198 | AQ39: 55712.608 | AR39: 60260.023 | AS39: 64146.453 | AT39: 65058.149 | AU39: 64948.979 | AV39: 64790.951 | AW39: 64448.437 | AX39: 64001.487 | AY39: 63418.835
A40: DJI | B40: Djibouti | C40: 80_Djibouti_country | D40: Eastern Africa | E40: Africa | F40: Africa | G40: 22372.295 | H40: 52.672493 | I40: 22424.967 | J40: 1082341 | K40: 6.3005375 | L40: 6.3005375 | M40: 6.3005375 | N40: 6.3005375 | O40: 6.3005375 | P40: 6.3005375 | Q40: 6.3005375 | R40: 6.3005375 | S40: 6.3005375 | T40: 6.3005375 | U40: 7.560645 | V40: 10.08086 | W40: 11.340967 | X40: 12.601075 | Y40: 16.381397 | Z40: 16.381397 | AA40: 17.641505 | AB40: 17.641505 | AC40: 17.641505 | AD40: 17.641505 | AE40: 17.641505 | AF40: 18.901612 | AG40: 18.901612 | AH40: 18.901612 | AI40: 20.16172 | AJ40: 20.16172 | AK40: 21.421827 | AL40: 21.421827 | AM40: 22.681935 | AN40: 31.502687 | AO40: 42.843655 | AP40: 42.843655 | AQ40: 49.144192 | AR40: 55.44473 | AS40: 55.44473 | AT40: 51.664407 | AU40: 51.664407 | AV40: 51.664407 | AW40: 50.372797 | AX40: 49.316025 | AY40: 43.866006
A41: DNK | B41: Denmark | C41: 122_Denmark_country | D41: Western Europe | E41: Europe | F41: Europe | G41: 43144.849 | H41: 6975.4192 | I41: 50120.268 | J41: 5810771 | K41: 798.58661 | L41: 901.93311 | M41: 1031.1162 | N41: 1216.6702 | O41: 1465.6413 | P41: 1686.427 | Q41: 1864.9346 | R41: 2036.3959 | S41: 2160.8814 | T41: 2539.0357 | U41: 3060.4657 | V41: 3506.7347 | W41: 3666.452 | X41: 3833.2157 | Y41: 4091.582 | Z41: 4321.7628 | AA41: 4434.5045 | AB41: 4481.4801 | AC41: 4547.2461 | AD41: 4638.8487 | AE41: 4678.778 | AF41: 4702.2659 | AG41: 4714.0098 | AH41: 4732.8001 | AI41: 4739.8464 | AJ41: 4782.1245 | AK41: 4815.0075 | AL41: 4840.8441 | AM41: 4918.354 | AN41: 4977.0736 | AO41: 5092.164 | AP41: 5366.9718 | AQ41: 5806.1944 | AR41: 6391.0417 | AS41: 6856.1009 | AT41: 6841.8327 | AU41: 6832.3821 | AV41: 6814.2789 | AW41: 6802.7885 | AX41: 6801.2265 | AY41: 6838.9781
A42: DOM | B42: DominicanRepublic | C42: 29_Dominican Republic_country | D42: Central America | E42: Central and South America | F42: Latin America and Caribbean | G42: 48092.054 | H42: 2983.0677 | I42: 51075.122 | J42: 10939341 | K42: 68.954268 | L42: 84.866791 | M42: 106.08349 | N42: 137.90854 | O42: 180.34193 | P42: 233.38368 | Q42: 302.33794 | R42: 365.98804 | S42: 498.5924 | T42: 705.4552 | U42: 1013.0973 | V42: 1262.3935 | W42: 1288.9144 | X42: 1331.3478 | Y42: 1400.3021 | Z42: 1527.6022 | AA42: 1601.8607 | AB42: 1633.6857 | AC42: 1723.8567 | AD42: 1814.0277 | AE42: 2063.3239 | AF42: 2073.9322 | AG42: 2073.9322 | AH42: 2095.1489 | AI42: 2105.7573 | AJ42: 2105.7573 | AK42: 2121.6698 | AL42: 2142.8865 | AM42: 2158.799 | AN42: 2174.7115 | AO42: 2248.97 | AP42: 2328.5326 | AQ42: 2492.962 | AR42: 2689.2164 | AS42: 2747.5624 | AT42: 2865.8862 | AU42: 2841.5616 | AV42: 2814.2247 | AW42: 2733.0309 | AX42: 2624.524 | AY42: 2505.0712
A43: DZA | B43: Algeria | C43: 68_Algeria_country | D43: Northern Africa | E43: Africa | F43: Africa | G43: 2308026 | H43: 8264.262 | I43: 2316290.2 | J43: 43090992 | K43: 130.39469 | L43: 139.59902 | M43: 153.40552 | N43: 171.81418 | O43: 197.89312 | P43: 217.83583 | Q43: 240.84666 | R43: 266.9256 | S43: 296.07265 | T43: 452.54628 | U43: 773.16381 | V43: 1199.6311 | W43: 1965.1247 | X43: 2163.0178 | Y43: 2474.431 | Z43: 2678.4603 | AA43: 2870.2172 | AB43: 2936.1816 | AC43: 3009.8162 | AD43: 3127.9385 | AE43: 3204.6413 | AF43: 3324.2976 | AG43: 3405.6025 | AH43: 3519.1226 | AI43: 3620.3702 | AJ43: 3729.2881 | AK43: 3867.3531 | AL43: 4186.4366 | AM43: 4418.0789 | AN43: 4592.9612 | AO43: 4973.4069 | AP43: 5479.6451 | AQ43: 6119.3461 | AR43: 6872.5672 | AS43: 7839.0219 | AT43: 8049.0926 | AU43: 8015.8367 | AV43: 7967.652 | AW43: 7787.1061 | AX43: 7490.6956 | AY43: 7068.9199
A44: ECU | B44: Ecuador | C44: 46_Ecuador_country | D44: Rest of South America | E44: Central and South America | F44: Latin America and Caribbean | G44: 256339.74 | H44: 5408.6606 | I44: 261748.4 | J44: 17487158 | K44: 59.740202 | L44: 65.171129 | M44: 70.602057 | N44: 78.748448 | O44: 95.04123 | P44: 105.90308 | Q44: 114.04948 | R44: 171.07421 | S44: 200.94431 | T44: 279.69276 | U44: 431.75873 | V44: 700.58964 | W44: 1113.3401 | X44: 1281.6989 | Y44: 1441.9112 | Z44: 1596.6927 | AA44: 1767.7669 | AB44: 1993.1504 | AC44: 2071.8988 | AD44: 2156.0782 | AE44: 2199.5256 | AF44: 2294.5668 | AG44: 2329.8679 | AH44: 2411.3318 | AI44: 2465.6411 | AJ44: 2552.5359 | AK44: 2604.1297 | AL44: 2767.0575 | AM44: 2968.0018 | AN44: 3158.0843 | AO44: 3326.443 | AP44: 3660.4451 | AQ44: 4236.1234 | AR44: 4635.2966 | AS44: 5181.1048 | AT44: 5231.001 | AU44: 5198.0697 | AV44: 5156.9377 | AW44: 5032.4458 | AX44: 4862.5156 | AY44: 4636.0485
A45: EGY | B45: Egypt | C45: 160_Egypt_country | D45: Northern Africa | E45: Africa | F45: Africa | G45: 983764.18 | H45: 18999.881 | I45: 1002764.1 | J45: 106538717 | K45: 165.84756 | L45: 199.49779 | M45: 295.64131 | N45: 390.58303 | O45: 490.33192 | P45: 563.64135 | Q45: 647.76693 | R45: 765.54273 | S45: 954.22438 | T45: 1368.8433 | U45: 1982.96 | V45: 2598.2785 | W45: 3324.162 | X45: 3461.1665 | Y45: 3917.8482 | Z45: 4381.7406 | AA45: 4893.7049 | AB45: 5178.53 | AC45: 5408.0727 | AD45: 5774.6198 | AE45: 6136.3598 | AF45: 6609.8666 | AG45: 7226.3869 | AH45: 7684.2704 | AI45: 8192.6292 | AJ45: 8477.4543 | AK45: 8995.4275 | AL45: 9525.4186 | AM45: 11222.352 | AN45: 12258.298 | AO45: 13290.639 | AP45: 14375.859 | AQ45: 15298.837 | AR45: 16218.209 | AS45: 17269.779 | AT45: 18155.23 | AU45: 18030.286 | AV45: 17862.941 | AW45: 17311.634 | AX45: 16522.706 | AY45: 15587.306
A46: ERI | B46: Eritrea | C46: 82_Eritrea_country | D46: Eastern Africa | E46: Africa | F46: Africa | G46: 120457.45 | H46: 123.28536 | I46: 120580.73 | J46: 3523652 | K46: 9.6316685 | L46: 9.6316685 | M46: 9.6316685 | N46: 9.6316685 | O46: 9.6316685 | P46: 9.6316685 | Q46: 9.6316685 | R46: 9.6316685 | S46: 12.842225 | T46: 16.052781 | U46: 22.473893 | V46: 28.895005 | W46: 35.316118 | X46: 35.316118 | Y46: 35.316118 | Z46: 44.947786 | AA46: 54.579455 | AB46: 57.790011 | AC46: 80.263904 | AD46: 80.263904 | AE46: 80.263904 | AF46: 80.263904 | AG46: 80.263904 | AH46: 80.263904 | AI46: 80.263904 | AJ46: 80.263904 | AK46: 80.263904 | AL46: 93.106128 | AM46: 93.106128 | AN46: 93.106128 | AO46: 93.106128 | AP46: 93.106128 | AQ46: 93.106128 | AR46: 93.106128 | AS46: 93.106128 | AT46: 109.15891 | AU46: 109.15891 | AV46: 106.4965 | AW46: 105.39481 | AX46: 100.97199 | AY46: 98.040872
A47: ESP | B47: Spain | C47: 143_Spain_country | D47: Western Europe | E47: Europe | F47: Europe | G47: 506044.32 | H47: 27843.797 | I47: 533888.12 | J47: 47329955 | K47: 2857.3743 | L47: 3159.9358 | M47: 3466.5676 | N47: 3706.7173 | O47: 4153.0973 | P47: 4477.3672 | Q47: 5005.1538 | R47: 5538.3675 | S47: 6034.9483 | T47: 6918.2107 | U47: 8995.4377 | V47: 10995.328 | W47: 11772.762 | X47: 12211.001 | Y47: 13139.038 | Z47: 14604.358 | AA47: 15681.639 | AB47: 15985.558 | AC47: 16484.852 | AD47: 17232.437 | AE47: 17929.82 | AF47: 18505.094 | AG47: 18893.133 | AH47: 19414.135 | AI47: 19775.038 | AJ47: 20308.252 | AK47: 20814.33 | AL47: 21764.075 | AM47: 22803.367 | AN47: 23261.958 | AO47: 24061.1 | AP47: 24569.892 | AQ47: 25321.547 | AR47: 26318.778 | AS47: 27024.303 | AT47: 27260.136 | AU47: 27187.369 | AV47: 27084.463 | AW47: 26832.028 | AX47: 26470.547 | AY47: 26036.125
A48: EST | B48: Estonia | C48: 123_Estonia_country | D48: Central Europe | E48: Europe | F48: Europe | G48: 45489.857 | H48: 945.99209 | I48: 46435.849 | J48: 1329091 | K48: 74.595449 | L48: 83.729586 | M48: 94.386079 | N48: 107.32611 | O48: 123.31084 | P48: 131.6838 | Q48: 142.3403 | R48: 152.99679 | S48: 163.65328 | T48: 184.20509 | U48: 216.17457 | V48: 239.77109 | W48: 252.71111 | X48: 254.99465 | Y48: 318.9336 | Z48: 348.61955 | AA48: 376.02196 | AB48: 378.30549 | AC48: 388.96199 | AD48: 468.88568 | AE48: 470.40804 | AF48: 470.40804 | AG48: 475.73628 | AH48: 479.54217 | AI48: 484.10924 | AJ48: 490.19867 | AK48: 496.28809 | AL48: 503.89987 | AM48: 514.55636 | AN48: 536.63053 | AO48: 589.91299 | AP48: 662.98609 | AQ48: 733.77564 | AR48: 856.32531 | AS48: 891.3395 | AT48: 922.5478 | AU48: 922.5478 | AV48: 920.89152 | AW48: 916.39748 | AX48: 905.30392 | AY48: 889.98729
... A57: GMB | B57: Gambia | C57: 191_Gambia_country | D57: Western Africa | E57: Africa | F57: Africa | G57: 10670.505 | H57: 246.51719 | I57: 10917.022 | J57: 2541048 | K57: 28.66479 | L57: 28.66479 | M57: 28.66479 | N57: 28.66479 | O57: 28.66479 | P57: 28.66479 | Q57: 28.66479 | R57: 28.66479 | S57: 28.66479 | T57: 28.66479 | U57: 42.997185 | V57: 57.329579 | W57: 71.661974 | X57: 78.828172 | Y57: 78.828172 | Z57: 85.994369 | AA57: 150.49015 | AB57: 150.49015 | AC57: 150.49015 | AD57: 150.49015 | AE57: 150.49015 | AF57: 150.49015 | AG57: 150.49015 | AH57: 150.49015 | AI57: 150.49015 | AJ57: 150.49015 | AK57: 157.65634 | AL57: 157.65634 | AM57: 157.65634 | AN57: 164.82254 | AO57: 186.32113 | AP57: 193.48733 | AQ57: 193.48733 | AR57: 193.48733 | AS57: 200.65353 | AT57: 229.31832 | AU57: 236.96226 | AV57: 242.80763 | AW57: 240.23824 | AX57: 238.49105 | AY57: 241.17961
A58: GNB | B58: Guinea-Bissau | C58: 86_Guinea-Bissau_country | D58: Western Africa | E58: Africa | F58: Africa | G58: 33882.279 | H58: 106.3428 | I58: 33988.622 | K58: 5.5129918 | L58: 5.6121719 | M58: 5.7302238 | N58: 5.9263062 | O58: 6.1772437 | P58: 6.3118665 | Q58: 6.523311 | R58: 6.809554 | S58: 7.8585115 | T58: 9.4582403 | U58: 13.074519 | V58: 17.714869 | W58: 23.664724 | X58: 25.645258 | Y58: 29.619865 | Z58: 33.920842 | AA58: 37.088089 | AB58: 37.909459 | AC58: 39.620815 | AD58: 41.347765 | AE58: 42.600295 | AF58: 44.217415 | AG58: 45.612417 | AH58: 46.688407 | AI58: 47.868589 | AJ58: 49.586968 | AK58: 51.500629 | AL58: 53.980846 | AM58: 58.249589 | AN58: 61.60451 | AO58: 65.267608 | AP58: 71.222206 | AQ58: 80.031528 | AR58: 89.871069 | AS58: 97.975297 | AT58: 104.28121 | AU58: 104.56528 | AV58: 104.82915 | AW58: 102.89953 | AX58: 93.165097 | AY58: 70.323547
A59: GRC | B59: Greece | C59: 125_Greece_country | D59: Western Europe | E59: Europe | F59: Europe | G59: 132578.71 | H59: 5280.2336 | I59: 137858.95 | J59: 10543345 | K59: 113.02515 | L59: 123.57416 | M59: 155.22121 | N59: 236.59932 | O59: 539.50672 | P59: 583.20978 | Q59: 657.05288 | R59: 773.09203 | S59: 819.80909 | T59: 1011.1983 | U59: 1368.3578 | V59: 1677.2932 | W59: 1838.5425 | X59: 1938.0046 | Y59: 2060.0717 | Z59: 2298.1781 | AA59: 2462.4413 | AB59: 2530.2564 | AC59: 2679.4496 | AD59: 2807.5447 | AE59: 2934.1329 | AF59: 3062.2281 | AG59: 3247.5893 | AH59: 3357.6005 | AI59: 3419.3876 | AJ59: 3567.0738 | AK59: 3665.0289 | AL59: 3800.6591 | AM59: 3996.5693 | AN59: 4109.5945 | AO59: 4278.3787 | AP59: 4439.6279 | AQ59: 4634.0312 | AR59: 4926.3896 | AS59: 5185.5939 | AT59: 5188.6536 | AU59: 5175.5699 | AV59: 5158.9577 | AW59: 5112.1757 | AX59: 5045.7393 | AY59: 4958.8242
A60: GTM | B60: Guatemala | C60: 35_Guatemala_country | D60: Central America | E60: Central and South America | F60: Latin America and Caribbean | G60: 109144.78 | H60: 3602.9102 | I60: 112747.69 | J60: 17231175 | K60: 89.291455 | L60: 89.291455 | M60: 89.291455 | N60: 94.872171 | O60: 106.0336 | P60: 111.61432 | Q60: 122.77575 | R60: 150.67933 | S60: 212.06721 | T60: 312.52009 | U60: 468.78014 | V60: 652.94376 | W60: 931.97956 | X60: 998.94815 | Y60: 1149.6275 | Z60: 1283.5647 | AA60: 1484.4704 | AB60: 1568.1812 | AC60: 1629.5691 | AD60: 1696.5376 | AE60: 1730.0219 | AF60: 1757.9255 | AG60: 1774.6677 | AH60: 1785.8291 | AI60: 1808.152 | AJ60: 1852.7977 | AK60: 1863.9591 | AL60: 1863.9591 | AM60: 1908.6048 | AN60: 1986.7349 | AO60: 2131.8335 | AP60: 2237.8671 | AQ60: 2500.1607 | AR60: 2879.6494 | AS60: 3181.0081 | AT60: 3478.0068 | AU60: 3533.2133 | AV60: 3596.6567 | AW60: 3708.5718 | AX60: 3807.3684 | AY60: 3876.6663
A61: GUY | B61: Guyana | C61: 13_Guyana_country | D61: Brazil | E61: Central and South America | F61: Latin America and Caribbean | G61: 209744.07 | H61: 174.86051 | I61: 209918.93 | J61: 791845 | K61: 21.067531 | L61: 21.067531 | M61: 21.067531 | N61: 21.067531 | O61: 21.067531 | P61: 21.067531 | Q61: 21.067531 | R61: 21.067531 | S61: 21.067531 | T61: 26.334414 | U61: 31.601297 | V61: 36.868179 | W61: 36.868179 | X61: 42.135062 | Y61: 89.537007 | Z61: 89.537007 | AA61: 89.537007 | AB61: 89.537007 | AC61: 89.537007 | AD61: 89.537007 | AE61: 89.537007 | AF61: 89.537007 | AG61: 89.537007 | AH61: 89.537007 | AI61: 89.537007 | AJ61: 94.80389 | AK61: 94.80389 | AL61: 94.80389 | AM61: 105.33766 | AN61: 105.33766 | AO61: 110.60454 | AP61: 115.87142 | AQ61: 142.20583 | AR61: 168.54025 | AS61: 168.54025 | AT61: 168.54025 | AU61: 168.54025 | AV61: 168.54025 | AW61: 164.10498 | AX61: 152.64022 | AY61: 145.93119
A62: HND | B62: Honduras | C62: 41_Honduras_country | D62: Central America | E62: Central and South America | F62: Latin America and Caribbean | G62: 112289.74 | H62: 2694.1797 | I62: 114983.92 | J62: 10041783 | K62: 78.514812 | L62: 84.123013 | M62: 89.731214 | N62: 95.339415 | O62: 106.55582 | P62: 117.77222 | Q62: 145.81322 | R62: 173.85423 | S62: 201.89523 | T62: 257.97724 | U62: 358.92486 | V62: 471.08887 | W62: 616.9021 | X62: 644.9431 | Y62: 762.71532 | Z62: 908.52854 | AA62: 1177.7222 | AB62: 1205.7632 | AC62: 1228.196 | AD62: 1306.7108 | AE62: 1351.5764 | AF62: 1418.8748 | AG62: 1424.483 | AH62: 1542.2552 | AI62: 1553.4716 | AJ62: 1609.5537 | AK62: 1615.1619 | AL62: 1643.2029 | AM62: 1783.4079 | AN62: 1968.4785 | AO62: 2046.9933 | AP62: 2063.8179 | AQ62: 2243.2804 | AR62: 2349.8362 | AS62: 2439.5674 | AT62: 2611.074 | AU62: 2629.2793 | AV62: 2650.8269 | AW62: 2682.3722 | AX62: 2702.1693 | AY62: 2703.8292
A63: HRV | B63: Croatia | C63: 119_Croatia_country | D63: Central Europe | E63: Europe | F63: Europe | G63: 57078.573 | H63: 2860.1151 | I63: 59938.688 | J63: 4114644 | K63: 43.599316 | L63: 50.058474 | M63: 59.747211 | N63: 75.895106 | O63: 100.11695 | P63: 116.26484 | Q63: 137.25711 | R63: 161.47895 | S63: 192.15995 | T63: 243.83321 | U63: 352.02411 | V63: 466.67416 | W63: 542.56927 | X63: 574.86506 | Y63: 668.52285 | Z63: 792.86164 | AA63: 850.99406 | AB63: 886.51943 | AC63: 962.41453 | AD63: 1060.9167 | AE63: 1122.2787 | AF63: 1191.7146 | AG63: 1253.0766 | AH63: 1626.093 | AI63: 1650.3149 | AJ63: 1700.3733 | AK63: 1768.1945 | AL63: 1792.4163 | AM63: 1955.5101 | AN63: 2055.627 | AO63: 2147.67 | AP63: 2228.4095 | AQ63: 2378.5849 | AR63: 2569.1301 | AS63: 2843.6443 | AT63: 2810.8943 | AU63: 2803.191 | AV63: 2790.8901 | AW63: 2755.8114 | AX63: 2707.522 | AY63: 2647.399
A64: HTI | B64: Haiti | C64: 28_Haiti_country | D64: Central America | E64: Central and South America | F64: Latin America and Caribbean | G64: 27107.104 | H64: 933.98831 | I64: 28041.093 | J64: 11234505 | K64: 105.41629 | L64: 105.41629 | M64: 105.41629 | N64: 105.41629 | O64: 115.95792 | P64: 115.95792 | Q64: 115.95792 | R64: 115.95792 | S64: 115.95792 | T64: 126.49954 | U64: 147.5828 | V64: 147.5828 | W64: 189.74932 | X64: 221.3742 | Y64: 221.3742 | Z64: 252.99909 | AA64: 326.79049 | AB64: 347.87375 | AC64: 347.87375 | AD64: 347.87375 | AE64: 347.87375 | AF64: 347.87375 | AG64: 347.87375 | AH64: 347.87375 | AI64: 347.87375 | AJ64: 347.87375 | AK64: 347.87375 | AL64: 347.87375 | AM64: 347.87375 | AN64: 347.87375 | AO64: 347.87375 | AP64: 632.49772 | AQ64: 811.70541 | AR64: 853.87193 | AS64: 864.41356 | AT64: 862.0882 | AU64: 838.99812 | AV64: 800.26389 | AW64: 617.21645 | AX64: 322.48348 | AY64: 138.02769
A65: HUN | B65: Hungary | C65: 126_Hungary_country | D65: Central Europe | E65: Europe | F65: Europe | G65: 93039.709 | H65: 9380.0439 | I65: 102419.75 | J65: 9770123 | K65: 544.96342 | L65: 664.52172 | M65: 817.44513 | N65: 1048.2205 | O65: 1359.6281 | P65: 1429.1388 | Q65: 1568.16 | R65: 1723.8639 | S65: 1879.5677 | T65: 2099.2213 | U65: 2405.0682 | V65: 2669.2086 | W65: 2769.3039 | X65: 2769.3039 | Y65: 3545.0427 | Z65: 4415.3159 | AA65: 4751.7474 | AB65: 4918.5729 | AC65: 5057.5942 | AD65: 5282.8087 | AE65: 5374.5627 | AF65: 5596.9968 | AG65: 5955.6717 | AH65: 6086.3517 | AI65: 6200.3491 | AJ65: 6275.4206 | AK65: 6339.3704 | AL65: 6489.5134 | AM65: 6678.5823 | AN65: 6775.8972 | AO65: 7315.2998 | AP65: 7749.0462 | AQ65: 8193.9143 | AR65: 8825.0709 | AS65: 9244.9152 | AT65: 9305.7794 | AU65: 9282.425 | AV65: 9245.7977 | AW65: 9160.9425 | AX65: 9048.098 | AY65: 8899.3385
A66: IDN | B66: Indonesia | C66: 169_Indonesia_country | D66: Indonesia region | E66: South and East Asia | F66: South-East Asia and developing Pacific | G66: 1890242.9 | H66: 66854.112 | I66: 1957097 | J66: 270825846 | K66: 1537.854 | L66: 1963.2178 | M66: 2464.9291 | N66: 3042.9877 | O66: 4002.7831 | P66: 4733.5364 | Q66: 5464.2897 | R66: 6162.3227 | S66: 6576.7798 | T66: 7569.2955 | U66: 8703.5991 | V66: 10274.173 | W66: 13131.746 | X66: 14331.49 | Y66: 19294.069 | Z66: 22795.141 | AA66: 27463.236 | AB66: 27975.854 | AC66: 28215.803 | AD66: 28630.26 | AE66: 28968.37 | AF66: 29415.547 | AG66: 29862.725 | AH66: 30386.25 | AI66: 31040.655 | AJ66: 31716.875 | AK66: 33603.745 | AL66: 34945.278 | AM66: 36843.055 | AN66: 38053.706 | AO66: 41227.575 | AP66: 46670.051 | AQ66: 52036.18 | AR66: 57064.199 | AS66: 60881.567 | AT66: 63280.825 | AU66: 62747.664 | AV66: 62055.976 | AW66: 59867.628 | AX66: 56862.334 | AY66: 53002.369
A67: IND | B67: India | C67: 304_India_country | D67: India | E67: South and East Asia | F67: Southern Asia | G67: 3019311.7 | H67: 128270.33 | I67: 3147582 | J67: 1309657000 | K67: 8568.914 | L67: 9135.8689 | M67: 10273.367 | N67: 11590.281 | O67: 12440.714 | P67: 12440.714 | Q67: 12440.714 | R67: 12440.714 | S67: 12498.127 | T67: 13858.101 | U67: 17012.237 | V67: 22746.376 | W67: 28706.579 | X67: 30123.967 | Y67: 33938.353 | Z67: 38700.057 | AA67: 41872.134 | AB67: 43314.64 | AC67: 44491.61 | AD67: 47387.386 | AE67: 49091.839 | AF67: 50903.942 | AG67: 52163.443 | AH67: 53620.302 | AI67: 54915.686 | AJ67: 56530.431 | AK67: 58170.295 | AL67: 60316.112 | AM67: 65386.411 | AN67: 68791.729 | AO67: 74120.388 | AP67: 81002.79 | AQ67: 90766.616 | AR67: 100652.44 | AS67: 108205.86 | AT67: 116932.22 | AU67: 115142.14 | AV67: 113023.39 | AW67: 106037.2 | AX67: 97344.523 | AY67: 87826.783
A68: IRL | B68: Ireland | C68: 189_Ireland_country | D68: Western Europe | E68: Europe | F68: Europe | G68: 70266.242 | H68: 4200.6322 | I68: 74466.875 | J68: 4925076 | K68: 205.91334 | L68: 211.5548 | M68: 211.5548 | N68: 211.5548 | O68: 234.12065 | P68: 251.04503 | Q68: 251.04503 | R68: 273.61088 | S68: 1444.2141 | T68: 1703.7213 | U68: 2067.5956 | V68: 2067.5956 | W68: 2067.5956 | X68: 2078.8785 | Y68: 2211.4529 | Z68: 2349.6687 | AA68: 2527.3747 | AB68: 2626.1003 | AC68: 2722.0051 | AD68: 2834.8344 | AE68: 2868.6831 | AF68: 2927.9185 | AG68: 3001.2575 | AH68: 3071.7757 | AI68: 3102.8038 | AJ68: 3193.0672 | AK68: 3235.3781 | AL68: 3272.0476 | AM68: 3342.5659 | AN68: 3396.1598 | AO68: 3489.2439 | AP68: 3523.0927 | AQ68: 3630.2804 | AR68: 3791.0621 | AS68: 3870.0425 | AT68: 4057.057 | AU68: 4036.9983 | AV68: 4004.6791 | AW68: 3942.9026 | AX68: 3865.534 | AY68: 3782.1969
A69: IRN | B69: Iran | C69: 173_Iran_country | D69: Middle East | E69: Middle East and Central Asia | F69: Middle East | G69: 1621745.3 | H69: 18738.305 | I69: 1640483.6 | J69: 86990161 | K69: 299.18302 | L69: 339.53336 | M69: 388.74109 | N69: 441.88544 | O69: 515.69704 | P69: 567.85724 | Q69: 625.92237 | R69: 689.89242 | S69: 761.73571 | T69: 1125.8729 | U69: 1875.7988 | V69: 3177.8354 | W69: 5341.9915 | X69: 5793.7185 | Y69: 6369.449 | Z69: 7062.2939 | AA69: 7573.0701 | AB69: 7721.6775 | AC69: 7935.2391 | AD69: 8388.9344 | AE69: 8713.7054 | AF69: 8941.0451 | AG69: 9184.1313 | AH69: 9770.6875 | AI69: 10269.654 | AJ69: 10638.712 | AK69: 11097.328 | AL69: 11819.698 | AM69: 12482.034 | AN69: 12968.206 | AO69: 13539.016 | AP69: 14190.526 | AQ69: 15206.174 | AR69: 16257.251 | AS69: 17562.24 | AT69: 18225.629 | AU69: 18145.098 | AV69: 18030.389 | AW69: 17713.904 | AX69: 17255.724 | AY69: 16697.995
A70: IRQ | B70: Iraq | C70: 174_Iraq_country | D70: Middle East | E70: Middle East and Central Asia | F70: Middle East | G70: 436454.49 | H70: 8875.9895 | I70: 445330.48 | J70: 42042956 | K70: 66.877558 | L70: 74.67994 | M70: 84.711574 | N70: 99.201711 | O70: 120.3796 | P70: 133.75512 | Q70: 142.67212 | R70: 209.54968 | S70: 276.42724 | T70: 425.78712 | U70: 774.66505 | V70: 1279.5906 | W70: 1809.038 | X70: 1906.0104 | Y70: 2067.6312 | Z70: 2142.3111 | AA70: 2195.8132 | AB70: 2218.1057 | AC70: 2347.4023 | AD70: 2536.8887 | AE70: 2844.5255 | AF70: 2901.3714 | AG70: 2964.9051 | AH70: 3003.917 | AI70: 3144.3599 | AJ70: 3266.9687 | AK70: 3371.7436 | AL70: 3466.4868 | AM70: 3602.4711 | AN70: 3738.4555 | AO70: 3995.9341 | AP70: 4843.0498 | AQ70: 5739.2091 | AR70: 6566.2616 | AS70: 7560.508 | AT70: 8063.7894 | AU70: 7863.0383 | AV70: 7627.1929 | AW70: 6563.6059 | AX70: 5155.6647 | AY70: 4073.3609
... A87: LKA | B87: Sri Lanka | C87: 166_Sri Lanka_country | D87: Rest of South Asia | E87: South and East Asia | F87: Southern Asia | G87: 65837.403 | H87: 4931.8019 | I87: 70769.205 | J87: 21683158 | K87: 346.93411 | L87: 360.27773 | M87: 386.96497 | N87: 467.02669 | O87: 533.74479 | P87: 560.43203 | Q87: 573.77565 | R87: 587.11927 | S87: 733.89909 | T87: 840.64804 | U87: 1120.8641 | V87: 1174.2385 | W87: 1174.2385 | X87: 1174.2385 | Y87: 1694.6397 | Z87: 2415.1952 | AA87: 2602.0059 | AB87: 2668.724 | AC87: 2668.724 | AD87: 2722.0984 | AE87: 2748.7857 | AF87: 2762.1293 | AG87: 2802.1601 | AH87: 2802.1601 | AI87: 2815.5038 | AJ87: 2882.2219 | AK87: 2922.2527 | AL87: 3015.6581 | AM87: 3175.7815 | AN87: 3349.2486 | AO87: 3389.2794 | AP87: 4096.4913 | AQ87: 4403.3945 | AR87: 4630.2361 | AS87: 4656.9233 | AT87: 4815.2004 | AU87: 4771.303 | AV87: 4730.6478 | AW87: 4629.1241 | AX87: 4503.3327 | AY87: 4306.6131
A88: LSO | B88: Lesotho | C88: 90_Lesotho_country | D88: Rest of Southern Africa | E88: Africa | F88: Africa | G88: 30545.275 | H88: #N/A | I88: #N/A | J88: 2239604 | K88: #N/A | L88: #N/A | M88: #N/A | N88: #N/A | O88: #N/A | P88: #N/A | Q88: #N/A | R88: #N/A | S88: #N/A | T88: #N/A | U88: #N/A | V88: #N/A | W88: #N/A | X88: #N/A | Y88: #N/A | Z88: #N/A | AA88: #N/A | AB88: #N/A | AC88: #N/A | AD88: #N/A | AE88: #N/A | AF88: #N/A | AG88: #N/A | AH88: #N/A | AI88: #N/A | AJ88: #N/A | AK88: #N/A | AL88: #N/A | AM88: #N/A | AN88: #N/A | AO88: #N/A | AP88: #N/A | AQ88: #N/A | AR88: #N/A | AS88: #N/A | AT88: #N/A | AU88: #N/A | AV88: #N/A | AW88: #N/A | AX88: #N/A | AY88: #N/A
A89: LTU | B89: Lithuania | C89: 130_Lithuania_country | D89: Central Europe | E89: Europe | F89: Europe | G89: 65016.842 | H89: 2788.3943 | I89: 67805.236 | J89: 2835902 | K89: 82.891986 | L89: 94.404762 | M89: 108.22009 | N89: 126.64053 | O89: 151.96864 | P89: 163.48142 | Q89: 177.29675 | R89: 218.74274 | S89: 223.34785 | T89: 294.72706 | U89: 428.27526 | V89: 584.84902 | W89: 711.48955 | X89: 713.79211 | Y89: 1045.3601 | Z89: 1220.3542 | AA89: 1386.1382 | AB89: 1411.4663 | AC89: 1501.266 | AD89: 1572.6452 | AE89: 1616.3937 | AF89: 1627.9065 | AG89: 1646.327 | AH89: 1664.7474 | AI89: 1685.4704 | AJ89: 1701.5883 | AK89: 1706.1934 | AL89: 1766.0598 | AM89: 1830.5314 | AN89: 1892.7004 | AO89: 2044.669 | AP89: 2185.1249 | AQ89: 2440.7085 | AR89: 2581.1644 | AS89: 2675.5691 | AT89: 2723.9189 | AU89: 2715.0426 | AV89: 2702.5006 | AW89: 2675.5072 | AX89: 2644.1009 | AY89: 2594.4568
A90: LUX | B90: Luxembourg | C90: 131_Luxembourg_country | D90: Western Europe | E90: Europe | F90: Europe | G90: 2581.5543 | H90: 1056.12 | I90: 3637.6743 | J90: 626072 | K90: 105.07995 | L90: 113.0607 | M90: 125.03184 | N90: 138.3331 | O90: 152.96448 | P90: 162.27536 | Q90: 171.58625 | R90: 182.22725 | S90: 183.55738 | T90: 200.84902 | U90: 234.10216 | V90: 271.34569 | W90: 292.62771 | X90: 300.60846 | Y90: 303.26871 | Z90: 345.83274 | AA90: 368.44488 | AB90: 373.76539 | AC90: 396.37753 | AD90: 405.68841 | AE90: 416.32942 | AF90: 417.65954 | AG90: 424.31017 | AH90: 424.31017 | AI90: 440.27169 | AJ90: 440.27169 | AK90: 441.60181 | AL90: 445.59219 | AM90: 445.59219 | AN90: 457.56332 | AO90: 469.53446 | AP90: 534.71063 | AQ90: 598.55667 | AR90: 641.1207 | AS90: 976.31244 | AT90: 1021.9656 | AU90: 1022.0453 | AV90: 1018.0884 | AW90: 1011.3256 | AX90: 997.85107 | AY90: 982.8749
A91: LVA | B91: Latvia | C91: 129_Latvia_country | D91: Central Europe | E91: Europe | F91: Europe | G91: 64710.103 | H91: 1882.0539 | I91: 66592.157 | J91: 1907241 | K91: 211.86347 | L91: 239.6075 | M91: 274.91808 | N91: 322.83958 | O91: 388.41637 | P91: 413.63821 | Q91: 443.90442 | R91: 466.60408 | S91: 474.17063 | T91: 567.49145 | U91: 733.9556 | V91: 882.76447 | W91: 993.74057 | X91: 1013.918 | Y91: 1145.0716 | Z91: 1251.0034 | AA91: 1283.7918 | AB91: 1311.5358 | AC91: 1319.1023 | AD91: 1331.7133 | AE91: 1341.802 | AF91: 1344.3242 | AG91: 1359.4573 | AH91: 1369.546 | AI91: 1407.3788 | AJ91: 1425.0341 | AK91: 1452.7781 | AL91: 1528.4436 | AM91: 1581.4095 | AN91: 1604.1092 | AO91: 1674.7303 | AP91: 1715.0853 | AQ91: 1795.7952 | AR91: 1868.9385 | AS91: 1884.0716 | AT91: 1853.3986 | AU91: 1848.105 | AV91: 1837.7863 | AW91: 1813.3888 | AX91: 1781.5989 | AY91: 1747.5969
A92: MAR | B92: Morocco | C92: 98_Morocco_country | D92: Northern Africa | E92: Africa | F92: Africa | G92: 413477.27 | H92: 5668.0105 | I92: 419145.28 | J92: 36488841 | K92: 99.243287 | L92: 106.20773 | M92: 114.91328 | N92: 128.84216 | O92: 147.99438 | P92: 161.92326 | Q92: 179.33436 | R92: 205.45102 | S92: 247.23766 | T92: 405.6787 | U92: 712.11411 | V92: 1051.6306 | W92: 1551.3293 | X92: 1627.9381 | Y92: 1784.6381 | Z92: 1944.8202 | AA92: 2071.9213 | AB92: 2099.779 | AC92: 2150.2712 | AD92: 2313.9356 | AE92: 2387.0622 | AF92: 2449.7422 | AG92: 2507.1988 | AH92: 2585.5488 | AI92: 2648.2288 | AJ92: 2726.5787 | AK92: 2801.4465 | AL92: 2921.5831 | AM92: 3215.8307 | AN92: 3353.3784 | AO92: 3569.2761 | AP92: 3880.9349 | AQ92: 4467.689 | AR92: 4990.0221 | AS92: 5350.432 | AT92: 5494.1223 | AU92: 5464.9965 | AV92: 5423.5586 | AW92: 5283.5555 | AX92: 5062.8658 | AY92: 4745.5799
A93: MDA | B93: Moldova | C93: 133_Moldova_country | D93: Ukraine region | E93: Middle East and Central Asia | F93: Eurasia | G93: 33907.87 | H93: 1412.6896 | I93: 35320.56 | J93: 3095022 | K93: 48.902299 | L93: 62.594943 | M93: 82.155862 | N93: 107.58506 | O93: 138.88253 | P93: 154.53127 | Q93: 164.31172 | R93: 166.26782 | S93: 168.22391 | T93: 168.22391 | U93: 195.6092 | V93: 240.59931 | W93: 311.01862 | X93: 311.01862 | Y93: 311.01862 | Z93: 320.79908 | AA93: 328.62345 | AB93: 328.62345 | AC93: 328.62345 | AD93: 346.22828 | AE93: 346.22828 | AF93: 352.09655 | AG93: 354.05265 | AH93: 357.96483 | AI93: 357.96483 | AJ93: 359.92092 | AK93: 359.92092 | AL93: 367.74529 | AM93: 397.08667 | AN93: 426.42805 | AO93: 457.72552 | AP93: 492.93517 | AQ93: 598.56414 | AR93: 719.84184 | AS93: 760.91977 | AT93: 924.70652 | AU93: 904.71897 | AV93: 895.03346 | AW93: 871.09279 | AX93: 858.26324 | AY93: 858.26324
A94: MDG | B94: Madagascar | C94: 93_Madagascar_country | D94: Eastern Africa | E94: Africa | F94: Africa | G94: 591446.37 | H94: 540.12236 | I94: 591986.49 | J94: 27879129 | K94: 24.551016 | L94: 24.551016 | M94: 24.551016 | N94: 24.551016 | O94: 24.551016 | P94: 24.551016 | Q94: 24.551016 | R94: 24.551016 | S94: 29.46122 | T94: 34.371423 | U94: 44.191829 | V94: 63.832643 | W94: 93.293862 | X94: 98.204065 | Y94: 127.66529 | Z94: 186.58772 | AA94: 206.22854 | AB94: 211.13874 | AC94: 211.13874 | AD94: 225.86935 | AE94: 225.86935 | AF94: 230.77955 | AG94: 230.77955 | AH94: 235.68976 | AI94: 235.68976 | AJ94: 245.51016 | AK94: 250.42037 | AL94: 265.15098 | AM94: 309.34281 | AN94: 358.44484 | AO94: 387.90606 | AP94: 417.36728 | AQ94: 432.09789 | AR94: 437.00809 | AS94: 471.37951 | AT94: 510.66114 | AU94: 521.0828 | AV94: 529.57452 | AW94: 538.58792 | AX94: 548.10962 | AY94: 560.26822
A95: MEX | B95: Mexico | C95: 297_Mexico_country | D95: Mexico | E95: Central and South America | F95: Latin America and Caribbean | G95: 1951230.5 | H95: 51715.396 | I95: 2002945.9 | J95: 119530753 | K95: 942.20846 | L95: 1024.017 | M95: 1297.6524 | N95: 1641.8123 | O95: 2076.2438 | P95: 2076.2438 | Q95: 2474.0025 | R95: 3026.9152 | S95: 4414.839 | T95: 6665.9838 | U95: 10463.027 | V95: 15805.97 | W95: 21391.517 | X95: 22920.49 | Y95: 25075.722 | Z95: 26759.849 | AA95: 27958.767 | AB95: 28503.216 | AC95: 29030.74 | AD95: 30035.01 | AE95: 30712.046 | AF95: 31264.959 | AG95: 31837.619 | AH95: 32387.711 | AI95: 32855.994 | AJ95: 33569.703 | AK95: 34153.646 | AL95: 34997.12 | AM95: 37002.839 | AN95: 37916.838 | AO95: 39510.694 | AP95: 41993.159 | AQ95: 44585.643 | AR95: 46754.979 | AS95: 48295.236 | AT95: 50097.435 | AU95: 49814.597 | AV95: 49425.218 | AW95: 48438.346 | AX95: 47089.545 | AY95: 45593.687
A96: MKD | B96: Macedonia | C96: 172_North Macedonia_country | D96: Central Europe | E96: Europe | F96: Europe | G96: 24909.984 | H96: #N/A | I96: #N/A | J96: 2114026 | K96: #N/A | L96: #N/A | M96: #N/A | N96: #N/A | O96: #N/A | P96: #N/A | Q96: #N/A | R96: #N/A | S96: #N/A | T96: #N/A | U96: #N/A | V96: #N/A | W96: #N/A | X96: #N/A | Y96: #N/A | Z96: #N/A | AA96: #N/A | AB96: #N/A | AC96: #N/A | AD96: #N/A | AE96: #N/A | AF96: #N/A | AG96: #N/A | AH96: #N/A | AI96: #N/A | AJ96: #N/A | AK96: #N/A | AL96: #N/A | AM96: #N/A | AN96: #N/A | AO96: #N/A | AP96: #N/A | AQ96: #N/A | AR96: #N/A | AS96: #N/A | AT96: #N/A | AU96: #N/A | AV96: #N/A | AW96: #N/A | AX96: #N/A | AY96: #N/A
A97: MLI | B97: Mali | C97: 95_Mali_country | D97: Western Africa | E97: Africa | F97: Africa | G97: 1251195.7 | H97: 1093.364 | I97: 1252289.1 | J97: 20886783 | K97: 39.614636 | L97: 39.614636 | M97: 39.614636 | N97: 39.614636 | O97: 39.614636 | P97: 39.614636 | Q97: 39.614636 | R97: 39.614636 | S97: 39.614636 | T97: 39.614636 | U97: 44.566466 | V97: 49.518296 | W97: 59.421955 | X97: 64.373784 | Y97: 113.89208 | Z97: 252.54331 | AA97: 292.15794 | AB97: 302.0616 | AC97: 307.01343 | AD97: 336.72441 | AE97: 361.48356 | AF97: 376.33905 | AG97: 396.14636 | AH97: 406.05002 | AI97: 420.90551 | AJ97: 440.71283 | AK97: 480.32747 | AL97: 539.74942 | AM97: 579.36406 | AN97: 623.93052 | AO97: 678.40065 | AP97: 782.38907 | AQ97: 881.42566 | AR97: 906.18481 | AS97: 935.89579 | AT97: 1020.0769 | AU97: 1014.6219 | AV97: 1005.4346 | AW97: 958.25405 | AX97: 906.06829 | AY97: 841.27689
A98: MLT | B98: Malta | C98: 132_Malta_country | D98: Western Europe | E98: Europe | F98: Europe | G98: 323.36781 | H98: 261.44779 | I98: 584.81559 | J98: 509586 | K98: 60.60048 | L98: 67.526249 | M98: 74.452019 | N98: 83.10923 | O98: 96.960768 | P98: 107.34942 | Q98: 117.73808 | R98: 128.12673 | S98: 138.51538 | T98: 138.51538 | U98: 138.51538 | V98: 148.90404 | W98: 164.48702 | X98: 167.9499 | Y98: 169.68134 | Z98: 180.07 | AA98: 181.80144 | AB98: 183.53288 | AC98: 185.26433 | AD98: 197.38442 | AE98: 199.11586 | AF98: 199.11586 | AG98: 202.57875 | AH98: 202.57875 | AI98: 202.57875 | AJ98: 206.04163 | AK98: 206.04163 | AL98: 209.50452 | AM98: 209.50452 | AN98: 214.69884 | AO98: 218.16173 | AP98: 225.0875 | AQ98: 235.47615 | AR98: 240.67048 | AS98: 261.44779 | AT98: 261.44779 | AU98: 261.44779 | AV98: 259.33934 | AW98: 255.59448 | AX98: 252.73286 | AY98: 247.68738
A99: MMR | B99: Myanmar | C99: 163_Myanmar_country | D99: Southeastern Asia | E99: South and East Asia | F99: South-East Asia and developing Pacific | G99: 669297.41 | H99: 5423.7366 | I99: 674721.15 | K99: 190.65046 | L99: 218.41854 | M99: 247.82944 | N99: 291.14389 | O99: 337.71656 | P99: 380.90015 | Q99: 456.09064 | R99: 519.17155 | S99: 544.52045 | T99: 691.8797 | U99: 910.34336 | V99: 1069.003 | W99: 1333.513 | X99: 1412.0361 | Y99: 1646.477 | Z99: 2004.8402 | AA99: 2253.674 | AB99: 2468.8407 | AC99: 2554.8304 | AD99: 2628.5123 | AE99: 2698.9581 | AF99: 2753.0682 | AG99: 2834.0442 | AH99: 2911.2683 | AI99: 2960.9889 | AJ99: 3019.6716 | AK99: 3069.1717 | AL99: 3151.6105 | AM99: 3313.2101 | AN99: 3403.6093 | AO99: 3540.9853 | AP99: 3874.0876 | AQ99: 4228.6392 | AR99: 4506.9439 | AS99: 4840.1853 | AT99: 5117.9362 | AU99: 5107.4293 | AV99: 5094.3297 | AW99: 5016.0995 | AX99: 4907.7568 | AY99: 4778.2036
A100: MNE | B100: Montenegro | C100: 134_Montenegro_country | D100: Central Europe | E100: Europe | F100: Europe | G100: 13336.641 | H100: 94.941856 | I100: 13431.583 | K100: 9.9785392 | L100: 11.074101 | M100: 12.276471 | N100: 13.871986 | O100: 16.27003 | P100: 17.207209 | Q100: 18.569181 | R100: 19.739701 | S100: 21.652782 | T100: 24.203544 | U100: 28.407123 | V100: 32.148144 | W100: 34.842878 | X100: 36.181074 | Y100: 40.509493 | Z100: 45.135966 | AA100: 47.781577 | AB100: 48.967624 | AC100: 50.452079 | AD100: 52.562857 | AE100: 53.901117 | AF100: 55.017865 | AG100: 56.227181 | AH100: 57.507495 | AI100: 58.339739 | AJ100: 59.35948 | AK100: 60.354239 | AL100: 61.98424 | AM100: 64.20655 | AN100: 66.149947 | AO100: 69.649986 | AP100: 73.777926 | AQ100: 80.073144 | AR100: 86.723802 | AS100: 92.138873 | AT100: 94.057903 | AU100: 93.831352 | AV100: 93.501745 | AW100: 92.658108 | AX100: 91.467282 | AY100: 89.959845
A101: MNG | B101: Mongolia | C101: 186_Mongolia_country | D101: China region | E101: South and East Asia | F101: Eastern Asia | G101: 1566250.2 | H101: 383.24303 | I101: 1566633.5 | J101: 3266460 | K101: 15.112107 | L101: 15.112107 | M101: 16.623318 | N101: 18.134528 | O101: 21.15695 | P101: 21.15695 | Q101: 21.15695 | R101: 21.15695 | S101: 21.15695 | T101: 33.246636 | U101: 52.892375 | V101: 80.094167 | W101: 117.87443 | X101: 120.89686 | Y101: 120.89686 | Z101: 120.89686 | AA101: 120.89686 | AB101: 120.89686 | AC101: 120.89686 | AD101: 123.91928 | AE101: 123.91928 | AF101: 123.91928 | AG101: 123.91928 | AH101: 131.47533 | AI101: 131.47533 | AJ101: 131.47533 | AK101: 142.05381 | AL101: 149.60986 | AM101: 152.63228 | AN101: 154.14349 | AO101: 175.30044 | AP101: 207.03587 | AQ101: 285.61882 | AR101: 317.35425 | AS101: 352.11209 | AT101: 365.71299 | AU101: 365.71299 | AV101: 363.4555 | AW101: 354.7416 | AX101: 338.38213 | AY101: 315.00489
A102: MOZ | B102: Mozambique | C102: 152_Mozambique_country | D102: Rest of Southern Africa | E102: Africa | F102: Africa | G102: 787460.65 | H102: 1824.9084 | I102: 789285.55 | J102: 30720751 | K102: 20.628204 | L102: 20.628204 | M102: 20.628204 | N102: 20.628204 | O102: 20.628204 | P102: 20.628204 | Q102: 20.628204 | R102: 20.628204 | S102: 20.628204 | T102: 24.066238 | U102: 34.38034 | V102: 79.074781 | W102: 116.89315 | X102: 140.95939 | Y102: 175.33973 | Z102: 209.72007 | AA102: 213.15811 | AB102: 220.03417 | AC102: 220.03417 | AD102: 220.03417 | AE102: 244.10041 | AF102: 261.29058 | AG102: 495.07689 | AH102: 519.14313 | AI102: 529.45723 | AJ102: 605.09398 | AK102: 642.91235 | AL102: 708.235 | AM102: 773.55764 | AN102: 804.49995 | AO102: 935.14524 | AP102: 1203.3119 | AQ102: 1306.4529 | AR102: 1471.4785 | AS102: 1657.1324 | AT102: 1720.0903 | AU102: 1705.0131 | AV102: 1674.8896 | AW102: 1589.3473 | AX102: 1455.4373 | AY102: 1276.8597
A103: MRT | B103: Mauritania | C103: 96_Mauritania_country | D103: Western Africa | E103: Africa | F103: Africa | G103: 1041174.3 | H103: 275.514 | I103: 1041449.8 | J103: 4440928 | K103: 10.110606 | L103: 10.110606 | M103: 10.110606 | N103: 10.110606 | O103: 10.110606 | P103: 10.110606 | Q103: 10.110606 | R103: 10.110606 | S103: 10.110606 | T103: 10.110606 | U103: 15.165908 | V103: 25.276514 | W103: 37.914771 | X103: 37.914771 | Y103: 70.774239 | Z103: 70.774239 | AA103: 73.30189 | AB103: 75.829542 | AC103: 78.357193 | AD103: 78.357193 | AE103: 85.940147 | AF103: 90.99545 | AG103: 98.578404 | AH103: 101.10606 | AI103: 103.63371 | AJ103: 106.16136 | AK103: 113.74431 | AL103: 113.74431 | AM103: 156.71439 | AN103: 166.82499 | AO103: 174.40795 | AP103: 181.9909 | AQ103: 209.79506 | AR103: 235.07158 | AS103: 252.76514 | AT103: 265.4034 | AU103: 268.19712 | AV103: 265.4034 | AW103: 263.13499 | AX103: 255.71714 | AY103: 243.15401
A104: MWI | B104: Malawi | C104: 94_Malawi_country | D104: Rest of Southern Africa | E104: Africa | F104: Africa | G104: 117926.93 | H104: 741.64245 | I104: 118668.57 | J104: 19120889 | K104: 28.970408 | L104: 28.970408 | M104: 28.970408 | N104: 28.970408 | O104: 28.970408 | P104: 28.970408 | Q104: 28.970408 | R104: 28.970408 | S104: 38.627211 | T104: 43.455612 | U104: 62.769218 | V104: 115.88163 | W104: 212.44966 | X104: 231.76327 | Y104: 275.21888 | Z104: 294.53248 | AA104: 323.50289 | AB104: 323.50289 | AC104: 323.50289 | AD104: 323.50289 | AE104: 328.33129 | AF104: 376.61531 | AG104: 420.07092 | AH104: 439.38453 | AI104: 458.69813 | AJ104: 463.52653 | AK104: 463.52653 | AL104: 463.52653 | AM104: 473.18334 | AN104: 478.01174 | AO104: 487.66854 | AP104: 487.66854 | AQ104: 526.29575 | AR104: 560.09456 | AS104: 589.06497 | AT104: 681.65667 | AU104: 691.22378 | AV104: 697.92347 | AW104: 720.58376 | AX104: 747.13158 | AY104: 764.3391
A105: MYS | B105: Malaysia | C105: 302_Malaysia_country | D105: Southeastern Asia | E105: South and East Asia | F105: South-East Asia and developing Pacific | G105: 329578.76 | H105: 11361.14 | I105: 340939.9 | J105: 33003633 | K105: 108.42234 | L105: 136.95454 | M105: 176.89961 | N105: 213.04039 | O105: 279.61552 | P105: 338.58205 | Q105: 407.05932 | R105: 473.63444 | S105: 475.53659 | T105: 616.29542 | U105: 855.96586 | V105: 1137.4835 | W105: 1504.5978 | X105: 1675.7909 | Y105: 2299.695 | Z105: 2788.5466 | AA105: 3397.2334 | AB105: 3684.4575 | AC105: 3840.4335 | AD105: 4036.3546 | AE105: 4401.5667 | AF105: 4859.984 | AG105: 5209.9789 | AH105: 5502.9094 | AI105: 5774.9164 | AJ105: 5991.7611 | AK105: 6147.7371 | AL105: 6391.2118 | AM105: 7106.4188 | AN105: 7648.5305 | AO105: 8127.8714 | AP105: 8827.8613 | AQ105: 9474.591 | AR105: 9967.247 | AS105: 10477.022 | AT105: 10910.282 | AU105: 10842.847 | AV105: 10748.744 | AW105: 10512.331 | AX105: 10213.668 | AY105: 9879.7007
A106: NAM | B106: Namibia | C106: 99_Namibia_country | D106: Rest of Southern Africa | E106: Africa | F106: Africa | G106: 824048.01 | H106: 166.20987 | I106: 824214.22 | J106: 2467078 | K106: 14.127224 | L106: 15.355679 | M106: 16.584133 | N106: 19.041042 | O106: 20.883723 | P106: 22.112177 | Q106: 22.726405 | R106: 22.726405 | S106: 22.726405 | T106: 25.79754 | U106: 31.939812 | V106: 37.467856 | W106: 48.523945 | X106: 51.595081 | Y106: 60.808488 | Z106: 67.564987 | AA106: 77.392621 | AB106: 79.84953 | AC106: 81.077984 | AD106: 84.763347 | AE106: 89.062937 | AF106: 90.905618 | AG106: 90.905618 | AH106: 92.7483 | AI106: 93.362527 | AJ106: 93.976754 | AK106: 95.205208 | AL106: 95.205208 | AM106: 97.04789 | AN106: 98.890571 | AO106: 99.504799 | AP106: 102.57593 | AQ106: 121.61698 | AR106: 146.18606 | AS106: 151.71411 | AT106: 161.04531 | AU106: 161.01334 | AV106: 161.63274 | AW106: 162.73311 | AX106: 162.53986 | AY106: 161.85476
A107: NCL | B107: New Caledonia | C107: 57_New Caledonia_country | D107: Oceania | E107: Oceania | F107: South-East Asia and developing Pacific | G107: 18827.032 | H107: #N/A | I107: #N/A | K107: #N/A | L107: #N/A | M107: #N/A | N107: #N/A | O107: #N/A | P107: #N/A | Q107: #N/A | R107: #N/A | S107: #N/A | T107: #N/A | U107: #N/A | V107: #N/A | W107: #N/A | X107: #N/A | Y107: #N/A | Z107: #N/A | AA107: #N/A | AB107: #N/A | AC107: #N/A | AD107: #N/A | AE107: #N/A | AF107: #N/A | AG107: #N/A | AH107: #N/A | AI107: #N/A | AJ107: #N/A | AK107: #N/A | AL107: #N/A | AM107: #N/A | AN107: #N/A | AO107: #N/A | AP107: #N/A | AQ107: #N/A | AR107: #N/A | AS107: #N/A | AT107: #N/A | AU107: #N/A | AV107: #N/A | AW107: #N/A | AX107: #N/A | AY107: #N/A
A108: NER | B108: Niger | C108: 100_Niger_country | D108: Western Africa | E108: Africa | F108: Africa | G108: 1183671 | H108: 598.42562 | I108: 1184269.4 | J108: 23881690 | K108: 33.245868 | L108: 33.245868 | M108: 33.245868 | N108: 33.245868 | O108: 33.245868 | P108: 33.245868 | Q108: 33.245868 | R108: 33.245868 | S108: 33.245868 | T108: 37.995278 | U108: 56.992917 | V108: 94.988194 | W108: 128.23406 | X108: 132.98347 | Y108: 142.48229 | Z108: 151.98111 | AA108: 156.73052 | AB108: 156.73052 | AC108: 161.47993 | AD108: 180.47757 | AE108: 189.97639 | AF108: 199.47521 | AG108: 204.22462 | AH108: 204.22462 | AI108: 204.22462 | AJ108: 204.22462 | AK108: 204.22462 | AL108: 232.72108 | AM108: 242.2199 | AN108: 251.71872 | AO108: 261.21753 | AP108: 289.71399 | AQ108: 360.95514 | AR108: 460.69274 | AS108: 531.93389 | AT108: 566.14902 | AU108: 576.29158 | AV108: 579.26834 | AW108: 609.99221 | AX108: 633.13482 | AY108: 628.71808
A109: NGA | B109: Nigeria | C109: 183_Nigeria_country | D109: Western Africa | E109: Africa | F109: Africa | G109: 908410.14 | H109: 30777.325 | I109: 939187.46 | J109: 205780600 | K109: 1099.4129 | L109: 1192.98 | M109: 1286.5471 | N109: 1380.1141 | O109: 1473.6812 | P109: 1473.6812 | Q109: 1473.6812 | R109: 1481.4784 | S109: 1707.5988 | T109: 2612.0804 | U109: 4046.7753 | V109: 6027.2781 | W109: 8764.1145 | X109: 9606.2181 | Y109: 10565.28 | Z109: 11103.291 | AA109: 11337.209 | AB109: 11438.573 | AC109: 11594.518 | AD109: 11742.666 | AE109: 11875.219 | AF109: 11953.192 | AG109: 12054.556 | AH109: 12350.852 | AI109: 12576.972 | AJ109: 13114.983 | AK109: 13738.763 | AL109: 14222.193 | AM109: 15001.918 | AN109: 15578.915 | AO109: 16421.019 | AP109: 18775.79 | AQ109: 21270.911 | AR109: 23524.318 | AS109: 26487.275 | AT109: 28814.881 | AU109: 28857.27 | AV109: 28909.506 | AW109: 28135.677 | AX109: 24404.987 | AY109: 15592.163
A110: NIC | B110: Nicaragua | C110: 38_Nicaragua_country | D110: Central America | E110: Central and South America | F110: Latin America and Caribbean | G110: 128178.85 | H110: 1630.9962 | I110: 129809.85 | J110: 6709704 | K110: 72.812328 | L110: 72.812328 | M110: 72.812328 | N110: 72.812328 | O110: 72.812328 | P110: 72.812328 | Q110: 80.902587 | R110: 88.992846 | S110: 105.17336 | T110: 137.5344 | U110: 210.34673 | V110: 299.33957 | W110: 396.42268 | X110: 412.60319 | Y110: 550.13759 | Z110: 614.85966 | AA110: 647.22069 | AB110: 703.85251 | AC110: 711.94276 | AD110: 728.12328 | AE110: 744.3038 | AF110: 768.57457 | AG110: 784.75509 | AH110: 792.84535 | AI110: 825.20639 | AJ110: 825.20639 | AK110: 825.20639 | AL110: 833.29664 | AM110: 833.29664 | AN110: 849.47716 | AO110: 1003.1921 | AP110: 1237.8096 | AQ110: 1359.1635 | AR110: 1456.2466 | AS110: 1537.1491 | AT110: 1585.6907 | AU110: 1576.3079 | AV110: 1567.7733 | AW110: 1537.6395 | AX110: 1471.4672 | AY110: 1349.8443
A111: NLD | B111: Netherlands | C111: 135_Netherlands_country | D111: Western Europe | E111: Europe | F111: Europe | G111: 37686.935 | H111: 19552.703 | I111: 57239.639 | J111: 17402279 | K111: 1653.8158 | L111: 1896.5445 | M111: 2191.804 | N111: 2554.0857 | O111: 2999.6921 | P111: 3483.3381 | Q111: 4070.2344 | R111: 4619.0911 | S111: 5267.5753 | T111: 6209.5076 | U111: 7281.8613 | V111: 8270.8902 | W111: 9274.4104 | X111: 9663.8631 | Y111: 11272.394 | Z111: 12455.243 | AA111: 12947.946 | AB111: 13158.07 | AC111: 13357.325 | AD111: 13527.597 | AE111: 13699.681 | AF111: 13808.365 | AG111: 13907.993 | AH111: 13980.449 | AI111: 14098.191 | AJ111: 14215.932 | AK111: 14295.634 | AL111: 14507.569 | AM111: 14973.101 | AN111: 15232.132 | AO111: 15694.041 | AP111: 16217.538 | AQ111: 17112.374 | AR111: 18302.469 | AS111: 18833.212 | AT111: 19187.714 | AU111: 19111.104 | AV111: 18999.719 | AW111: 18757.65 | AX111: 18448.71 | AY111: 18060.441
A112: NOR | B112: Norway | C112: 136_Norway_country | D112: Western Europe | E112: Europe | F112: Europe | G112: 325121.23 | H112: 6483.1746 | I112: 331604.41 | J112: 5367948 | K112: 990.05826 | L112: 990.05826 | M112: 990.05826 | N112: 997.93671 | O112: 1114.8004 | P112: 1240.8555 | Q112: 1338.023 | R112: 1443.069 | S112: 1582.2549 | T112: 1735.8846 | U112: 2601.2008 | V112: 3039.7677 | W112: 3289.2519 | X112: 3593.8852 | Y112: 3806.6033 | Z112: 4036.3914 | AA112: 4125.6805 | AB112: 4180.8296 | AC112: 4211.0303 | AD112: 4243.8572 | AE112: 4254.3618 | AF112: 4255.6748 | AG112: 4255.6748 | AH112: 4260.9271 | AI112: 4264.8664 | AJ112: 4288.5017 | AK112: 4334.4593 | AL112: 4390.9215 | AM112: 4452.636 | AN112: 4555.0559 | AO112: 4748.0778 | AP112: 5008.0666 | AQ112: 5690.8654 | AR112: 6264.679 | AS112: 6445.8833 | AT112: 6291.4785 | AU112: 6274.3704 | AV112: 6248.0175 | AW112: 6196.5927 | AX112: 6149.8493 | AY112: 6104.3549
A113: NPL | B113: Nepal | C113: 164_Nepal_country | D113: Rest of South Asia | E113: South and East Asia | F113: Southern Asia | G113: 147662.64 | H113: 1217.2462 | I113: 148879.88 | J113: 28999223 | K113: 121.94634 | L113: 133.03237 | M113: 133.03237 | N113: 133.03237 | O113: 144.1184 | P113: 144.1184 | Q113: 144.1184 | R113: 144.1184 | S113: 144.1184 | T113: 155.20443 | U113: 177.37649 | V113: 277.15077 | W113: 410.18314 | X113: 454.52726 | Y113: 532.12948 | Z113: 665.16185 | AA113: 676.24788 | AB113: 709.50597 | AC113: 720.592 | AD113: 731.67803 | AE113: 742.76406 | AF113: 742.76406 | AG113: 742.76406 | AH113: 742.76406 | AI113: 764.93612 | AJ113: 798.19422 | AK113: 820.36628 | AL113: 820.36628 | AM113: 820.36628 | AN113: 842.53834 | AO113: 853.62437 | AP113: 864.7104 | AQ113: 920.14055 | AR113: 997.74277 | AS113: 1075.345 | AT113: 1176.5497 | AU113: 1199.6669 | AV113: 1229.9219 | AW113: 1261.036 | AX113: 1301.9927 | AY113: 1325.9186
A114: NZL | B114: New Zealand | C114: 58_New Zealand_country | D114: Oceania | E114: Oceania | F114: Asia-Pacific Developed | G114: 268709.44 | H114: 5604.7799 | I114: 274314.22 | J114: 5026485 | K114: 175.87324 | L114: 218.76915 | M114: 308.85057 | N114: 411.80076 | O114: 527.61972 | P114: 652.01787 | Q114: 780.7056 | R114: 909.39334 | S114: 1046.6603 | T114: 1355.5108 | U114: 1724.4157 | V114: 1986.0807 | W114: 2149.0852 | X114: 2372.144 | Y114: 3079.9265 | Z114: 3487.4377 | AA114: 3624.7046 | AB114: 3740.5236 | AC114: 3796.2882 | AD114: 3899.2384 | AE114: 3955.0031 | AF114: 4070.8221 | AG114: 4169.4827 | AH114: 4186.641 | AI114: 4199.5098 | AJ114: 4263.8537 | AK114: 4349.6455 | AL114: 4379.6726 | AM114: 4478.3332 | AN114: 4546.9667 | AO114: 4619.8898 | AP114: 4718.5504 | AQ114: 5018.8217 | AR114: 5194.695 | AS114: 5524.9935 | AT114: 5432.4822 | AU114: 5407.9497 | AV114: 5374.0981 | AW114: 5307.2759 | AX114: 5218.1875 | AY114: 5120.4597
A115: OMN | B115: Oman | C115: 193_Oman_country | D115: Middle East | E115: Middle East and Central Asia | F115: Middle East | G115: 309136.64 | H115: 1373.5311 | I115: 310510.17 | J115: 4589135 | K115: 22.849221 | L115: 25.192731 | M115: 25.192731 | N115: 28.122119 | O115: 31.637384 | P115: 33.395016 | Q115: 35.738526 | R115: 38.082036 | S115: 39.839668 | T115: 56.830115 | U115: 82.022846 | V115: 158.18692 | W115: 274.19066 | X115: 305.24216 | Y115: 331.60665 | Z115: 363.24403 | AA115: 414.21537 | AB115: 434.72109 | AC115: 445.26688 | AD115: 459.91382 | AE115: 479.83365 | AF115: 507.95577 | AG115: 510.88516 | AH115: 517.32981 | AI115: 524.94622 | AJ115: 531.39087 | AK115: 548.38132 | AL115: 569.4729 | AM115: 627.47477 | AN115: 660.28391 | AO115: 751.09492 | AP115: 853.0376 | AQ115: 1022.9421 | AR115: 1220.3828 | AS115: 1294.2033 | AT115: 1321.4597 | AU115: 1310.7296 | AV115: 1296.0103 | AW115: 1262.5163 | AX115: 1224.3534 | AY115: 1181.8661
A116: PAK | B116: Pakistan | C116: 165_Pakistan_country | D116: Rest of South Asia | E116: South and East Asia | F116: Southern Asia | G116: 792381.41 | H116: 26356.473 | I116: 818737.88 | J116: 225112859 | K116: 1839.8934 | L116: 2052.1888 | M116: 2285.7137 | N116: 2551.0829 | O116: 2855.373 | P116: 3120.7422 | Q116: 3566.5626 | R116: 4139.7601 | S116: 5823.9702 | T116: 6878.3706 | U116: 7628.481 | V116: 8488.2773 | W116: 9903.58 | X116: 10225.561 | Y116: 10887.215 | Z116: 12076.069 | AA116: 12783.721 | AB116: 13109.24 | AC116: 13562.137 | AD116: 14259.174 | AE116: 14726.224 | AF116: 15182.659 | AG116: 15490.487 | AH116: 15957.537 | AI116: 16254.75 | AJ116: 16728.877 | AK116: 17157.006 | AL116: 17602.826 | AM116: 18540.464 | AN116: 19032.282 | AO116: 19517.023 | AP116: 20097.297 | AQ116: 21049.088 | AR116: 22061.029 | AS116: 23090.662 | AT116: 25404.18 | AU116: 25709.236 | AV116: 26117.656 | AW116: 26797.065 | AX116: 27543.302 | AY116: 28093.736
A117: PAN | B117: Panama | C117: 42_Panama_country | D117: Central America | E117: Central and South America | F117: Latin America and Caribbean | G117: 75452.349 | H117: 2297.2641 | I117: 77749.614 | J117: 4265542 | K117: 50.158605 | L117: 50.158605 | M117: 50.158605 | N117: 50.158605 | O117: 56.428431 | P117: 56.428431 | Q117: 56.428431 | R117: 68.968082 | S117: 87.777559 | T117: 119.12669 | U117: 175.55512 | V117: 238.25337 | W117: 326.03093 | X117: 357.38006 | Y117: 677.14117 | Z117: 871.50577 | AA117: 890.31524 | AB117: 896.58507 | AC117: 896.58507 | AD117: 902.85489 | AE117: 940.47385 | AF117: 1015.7118 | AG117: 1028.2514 | AH117: 1047.0609 | AI117: 1059.6005 | AJ117: 1090.9497 | AK117: 1128.5686 | AL117: 1141.1083 | AM117: 1147.3781 | AN117: 1191.2669 | AO117: 1253.9651 | AP117: 1341.7427 | AQ117: 1529.8375 | AR117: 1918.5666 | AS117: 2125.4709 | AT117: 2224.9039 | AU117: 2218.2798 | AV117: 2193.0132 | AW117: 2160.2491 | AX117: 2099.7878 | AY117: 2033.7658
A118: PER | B118: Peru | C118: 48_Peru_country | D118: Rest of South America | E118: Central and South America | F118: Latin America and Caribbean | G118: 1292462.6 | H118: 6420.258 | I118: 1298882.9 | J118: 33090275 | K118: 122.69125 | L118: 148.98224 | M118: 204.48542 | N118: 262.90983 | O118: 312.57057 | P118: 341.78278 | Q118: 376.83742 | R118: 420.65572 | S118: 435.26183 | T118: 601.77138 | U118: 1004.8998 | V118: 1524.877 | W118: 2120.8059 | X118: 2231.8123 | Y118: 2748.8683 | Z118: 3061.4389 | AA118: 3292.2153 | AB118: 3374.0095 | AC118: 3482.0946 | AD118: 3581.4161 | AE118: 3631.0768 | AF118: 3677.8164 | AG118: 3695.3437 | AH118: 3718.7135 | AI118: 3747.9257 | AJ118: 3788.8227 | AK118: 3873.5381 | AL118: 3943.6474 | AM118: 4042.9689 | AN118: 4130.6055 | AO118: 4335.0909 | AP118: 4598.0008 | AQ118: 5126.7416 | AR118: 5681.7735 | AS118: 5991.4229 | AT118: 6259.692 | AU118: 6223.9852 | AV118: 6172.5842 | AW118: 6037.6542 | AX118: 5865.196 | AY118: 5678.2137
A119: PHL | B119: Philippines | C119: 155_Philippines_country | D119: Southeastern Asia | E119: South and East Asia | F119: South-East Asia and developing Pacific | G119: 295856.81 | H119: 15318.419 | I119: 311175.23 | J119: 111287624 | K119: 456.88901 | L119: 554.09944 | M119: 680.47299 | N119: 865.17281 | O119: 1166.5251 | P119: 1428.9933 | Q119: 1720.6246 | R119: 2099.7452 | S119: 2391.3765 | T119: 2964.918 | U119: 3392.6439 | V119: 3752.3225 | W119: 4870.2424 | X119: 5084.1054 | Y119: 5988.1624 | Z119: 6960.2666 | AA119: 8214.2811 | AB119: 8962.8014 | AC119: 9312.759 | AD119: 9429.4115 | AE119: 9662.7165 | AF119: 9798.8111 | AG119: 9993.232 | AH119: 10236.258 | AI119: 10372.353 | AJ119: 10489.005 | AK119: 10595.937 | AL119: 10634.821 | AM119: 10965.336 | AN119: 11072.268 | AO119: 11218.083 | AP119: 12102.698 | AQ119: 12588.75 | AR119: 13308.108 | AS119: 13842.765 | AT119: 14736.19 | AU119: 14891.703 | AV119: 15081.395 | AW119: 15367.068 | AX119: 15646.949 | AY119: 15834.25
... A121: POL | B121: Poland | C121: 137_Poland_country | D121: Central Europe | E121: Europe | F121: Europe | G121: 312400.07 | H121: 42555.519 | I121: 354955.59 | J121: 38477961 | K121: 1347.8113 | L121: 1781.5001 | M121: 2277.5154 | N121: 2703.4134 | O121: 3181.2502 | P121: 3181.2502 | Q121: 3910.99 | R121: 3910.99 | S121: 3910.99 | T121: 5354.888 | U121: 6513.1228 | V121: 8034.929 | W121: 9219.1331 | X121: 9335.9954 | Y121: 10320.235 | Z121: 12727.598 | AA121: 14789.567 | AB121: 15667.332 | AC121: 16687.929 | AD121: 18427.878 | AE121: 19321.225 | AF121: 20393.761 | AG121: 20910.552 | AH121: 21479.282 | AI121: 21806.496 | AJ121: 22180.455 | AK121: 22655.695 | AL121: 23424.389 | AM121: 24164.517 | AN121: 25096.818 | AO121: 27226.308 | AP121: 31259.354 | AQ121: 34954.798 | AR121: 38281.476 | AS121: 40881.012 | AT121: 41835.987 | AU121: 41757.725 | AV121: 41643.424 | AW121: 41372.923 | AX121: 40949.777 | AY121: 40390.385
A122: PRK | B122: North Korea | C122: 156_North Korea_country | D122: Korea region | E122: South and East Asia | F122: Eastern Asia | G122: 122706.36 | H122: 2942.2697 | I122: 125648.63 | K122: 170.73008 | L122: 176.25419 | M122: 191.19055 | N122: 218.69286 | O122: 304.37331 | P122: 329.62169 | Q122: 345.40102 | R122: 359.0422 | S122: 381.38703 | T122: 446.12617 | U122: 533.07556 | V122: 596.89799 | W122: 741.19687 | X122: 772.00394 | Y122: 861.57807 | Z122: 940.63247 | AA122: 1026.8917 | AB122: 1049.3936 | AC122: 1071.7552 | AD122: 1112.9677 | AE122: 1185.3151 | AF122: 1232.6143 | AG122: 1275.1425 | AH122: 1332.1017 | AI122: 1370.8817 | AJ122: 1410.5888 | AK122: 1473.5804 | AL122: 1547.6306 | AM122: 1631.9798 | AN122: 1680.8515 | AO122: 1808.6667 | AP122: 1979.8961 | AQ122: 2251.6994 | AR122: 2453.4426 | AS122: 2690.0823 | AT122: 2661.4473 | AU122: 2655.779 | AV122: 2647.2916 | AW122: 2629.6355 | AX122: 2616.8679 | AY122: 2616.8679
A123: PRT | B123: Portugal | C123: 138_Portugal_country | D123: Western Europe | E123: Europe | F123: Europe | G123: 91878.033 | H123: 4232.9114 | I123: 96110.944 | J123: 10298401 | K123: 186.43 | L123: 201.05196 | M123: 243.45565 | N123: 285.12824 | O123: 357.50694 | P123: 371.39781 | Q123: 407.95271 | R123: 471.55824 | S123: 527.85279 | T123: 611.19796 | U123: 689.42545 | V123: 853.92251 | W123: 978.94028 | X123: 1054.2434 | Y123: 1208.5051 | Z123: 1328.4051 | AA123: 1619.3822 | AB123: 1703.4584 | AC123: 1810.1988 | AD123: 1930.0988 | AE123: 2016.3684 | AF123: 2120.9154 | AG123: 2324.8918 | AH123: 2495.2376 | AI123: 2599.7846 | AJ123: 2674.3566 | AK123: 2794.9878 | AL123: 2953.6361 | AM123: 3102.049 | AN123: 3184.6631 | AO123: 3260.6973 | AP123: 3438.3541 | AQ123: 3665.7256 | AR123: 3920.8788 | AS123: 4149.7125 | AT123: 4158.7523 | AU123: 4149.0946 | AV123: 4135.8058 | AW123: 4099.4387 | AX123: 4044.5668 | AY123: 3972.6523
A124: PRY | B124: Paraguay | C124: 47_Paraguay_country | D124: Rest of South America | E124: Central and South America | F124: Latin America and Caribbean | G124: 399285.3 | H124: 2458.5138 | I124: 401743.82 | J124: 6573036 | K124: 49.509771 | L124: 54.224987 | M124: 61.297811 | N124: 68.370636 | O124: 94.304325 | P124: 120.23801 | Q124: 150.88692 | R124: 181.53583 | S124: 233.4032 | T124: 341.85318 | U124: 440.87272 | V124: 532.81944 | W124: 754.4346 | X124: 806.30198 | Y124: 945.40086 | Z124: 1053.8508 | AA124: 1195.3073 | AB124: 1214.1682 | AC124: 1249.5323 | AD124: 1258.9627 | AE124: 1289.6116 | AF124: 1303.7573 | AG124: 1310.8301 | AH124: 1327.3334 | AI124: 1327.3334 | AJ124: 1343.8366 | AK124: 1350.9095 | AL124: 1353.2671 | AM124: 1433.4257 | AN124: 1532.4453 | AO124: 1593.7431 | AP124: 1765.8485 | AQ124: 2006.3245 | AR124: 2062.9071 | AS124: 2258.5886 | AT124: 2395.0291 | AU124: 2409.3481 | AV124: 2430.3399 | AW124: 2449.2195 | AX124: 2433.9377 | AY124: 2326.0525
A125: PSE | B125: Palestine | C125: 303_Palestine_country | D125: Middle East | E125: Middle East and Central Asia | F125: Middle East | G125: 6219.9614 | H125: 1223.3145 | I125: 7443.2759 | K125: 18.609213 | L125: 20.483106 | M125: 22.385018 | N125: 24.682758 | O125: 28.034137 | P125: 30.813498 | Q125: 34.287549 | R125: 40.789188 | S125: 47.128476 | T125: 75.94623 | U125: 124.13928 | V125: 191.88118 | W125: 296.09772 | X125: 370.98092 | Y125: 406.67604 | Z125: 449.2651 | AA125: 505.29165 | AB125: 524.49534 | AC125: 544.64629 | AD125: 565.78558 | AE125: 583.12543 | AF125: 596.08877 | AG125: 607.72516 | AH125: 620.95808 | AI125: 635.85292 | AJ125: 654.80778 | AK125: 671.35497 | AL125: 690.94593 | AM125: 728.1196 | AN125: 751.91238 | AO125: 793.11845 | AP125: 854.13635 | AQ125: 928.43907 | AR125: 1002.8118 | AS125: 1072.7454 | AT125: 1134.8267 | AU125: 1131.1812 | AV125: 1127.1544 | AW125: 1099.802 | AX125: 1063.8288 | AY125: 1036.9251
A126: QAT | B126: Qatar | C126: 195_Qatar_country | D126: Middle East | E126: Middle East and Central Asia | F126: Middle East | G126: 11583.407 | H126: 1179.9514 | I126: 12763.359 | K126: 17.949568 | L126: 19.757036 | M126: 21.591531 | N126: 23.807823 | O126: 27.040404 | P126: 29.721245 | Q126: 33.072151 | R126: 39.343324 | S126: 45.457902 | T126: 73.254147 | U126: 119.73889 | V126: 185.07952 | W126: 285.60188 | X126: 357.83067 | Y126: 392.2605 | Z126: 433.3399 | AA126: 487.38046 | AB126: 505.90343 | AC126: 525.34009 | AD126: 545.73005 | AE126: 562.45525 | AF126: 574.95907 | AG126: 586.18299 | AH126: 598.94684 | AI126: 613.3137 | AJ126: 631.59666 | AK126: 647.5573 | AL126: 666.45382 | AM126: 702.30978 | AN126: 725.25917 | AO126: 765.0046 | AP126: 823.85959 | AQ126: 895.52848 | AR126: 967.26486 | AS126: 1034.7195 | AT126: 1094.6002 | AU126: 1091.0839 | AV126: 1087.1999 | AW126: 1060.8171 | AX126: 1026.119 | AY126: 1000.169
...

Sheet Input_final
A1: Cntry_ISO | B1: Cntry_name | C1: eFUA_name | D1: IMAGE-region | E1: GRIP-region | F1: R10 | G1: FUA_area | H1: FUA_urban | I1: FUA_total_area | J1: FUA_p_2015 | K1: 1870 | L1: 1880 | M1: 1890 | N1: 1900 | O1: 1910 | P1: 1920 | Q1: 1930 | R1: 1940 | S1: 1950 | T1: 1960 | U1: 1970 | V1: 1980 | W1: 1990 | X1: 1992 | Y1: 1993 | Z1: 1994 | AA1: 1995 | AB1: 1996 | AC1: 1997 | AD1: 1998 | AE1: 1999 | AF1: 2000 | AG1: 2001 | AH1: 2002 | AI1: 2003 | AJ1: 2004 | AK1: 2005 | AL1: 2006 | AM1: 2007 | AN1: 2008 | AO1: 2009 | AP1: 2010 | AQ1: 2011 | AR1: 2012 | AS1: 2013 | AT1: 2020 | AU1: 2024 | AV1: 2030 | AW1: 2040 | AX1: 2050 | AY1: 2060
A2: AFG | B2: Afghanistan | C2: 161_Afghanistan_country | D2: Rest of South Asia | E2: South and East Asia | F2: Southern Asia | G2: 643838.73 | H2: 1917.352 | I2: 645756.08 | K2: 131.84812 | L2: 142.60477 | M2: 153.64254 | N2: 170.19085 | O2: 188.72652 | P2: 196.10551 | Q2: 206.15466 | R2: 217.69632 | S2: 254.86721 | T2: 291.83836 | U2: 357.18789 | V2: 466.79345 | W2: 578.13683 | X2: 609.68643 | Y2: 705.36716 | Z2: 849.2652 | AA2: 893.55539 | AB2: 920.79412 | AC2: 935.11603 | AD2: 962.27858 | AE2: 980.45841 | AF2: 997.88307 | AG2: 1016.8153 | AH2: 1037.3453 | AI2: 1059.3365 | AJ2: 1090.3345 | AK2: 1112.2849 | AL2: 1134.9743 | AM2: 1181.275 | AN2: 1224.1342 | AO2: 1263.823 | AP2: 1359.6194 | AQ2: 1474.6454 | AR2: 1607.5437 | AS2: 1719.2458 | AT2: 1829.6659 | AU2: 1836.4786 | AV2: 1844.784 | AW2: 1850.0082 | AX2: 1838.642 | AY2: 1763.1448
A3: AGO | B3: Angola | C3: 69_Angola_country | D3: Rest of Southern Africa | E3: Africa | F3: Africa | G3: 1246918.1 | H3: 4318.8619 | I3: 1251237 | K3: 223.89716 | L3: 227.92512 | M3: 232.71952 | N3: 240.68294 | O3: 250.87418 | P3: 256.34157 | Q3: 264.92889 | R3: 276.55397 | S3: 319.15491 | T3: 384.12412 | U3: 530.99074 | V3: 719.44761 | W3: 961.08695 | X3: 1041.5217 | Y3: 1202.941 | Z3: 1377.615 | AA3: 1506.2453 | AB3: 1539.6032 | AC3: 1609.1059 | AD3: 1679.2419 | AE3: 1730.1105 | AF3: 1795.786 | AG3: 1852.4407 | AH3: 1896.1395 | AI3: 1944.0698 | AJ3: 2013.8577 | AK3: 2091.5766 | AL3: 2192.3047 | AM3: 2365.6697 | AN3: 2501.9219 | AO3: 2650.6899 | AP3: 2892.5219 | AQ3: 3250.2917 | AR3: 3649.9015 | AS3: 3979.0356 | AT3: 4342.7228 | AU3: 4366.6678 | AV3: 4396.7451 | AW3: 4417.1823 | AX3: 4344.2633 | AY3: 4054.3708
A4: ALB | B4: Albania | C4: 114_Albania_country | D4: Central Europe | E4: Europe | F4: Europe | G4: 28727.645 | H4: 806.29565 | I4: 29533.941 | K4: 84.742947 | L4: 94.047032 | M4: 104.25818 | N4: 117.80812 | O4: 138.17356 | P4: 146.13257 | Q4: 157.69914 | R4: 167.63982 | S4: 183.88669 | T4: 205.54909 | U4: 241.24807 | V4: 273.01877 | W4: 295.90385 | X4: 307.26851 | Y4: 344.02769 | Z4: 383.31811 | AA4: 405.78601 | AB4: 415.85854 | AC4: 428.46531 | AD4: 446.39113 | AE4: 457.75633 | AF4: 467.24033 | AG4: 477.51048 | AH4: 488.38357 | AI4: 495.45142 | AJ4: 504.11159 | AK4: 512.5596 | AL4: 526.40242 | AM4: 545.27543 | AN4: 561.77977 | AO4: 591.50392 | AP4: 626.56054 | AQ4: 680.02281 | AR4: 736.50365 | AS4: 782.49125 | AT4: 798.78865 | AU4: 796.86467 | AV4: 794.06547 | AW4: 786.90087 | AX4: 776.78775 | AY4: 763.98581
A5: ARE | B5: United Arab Emirates | C5: 194_United Arab Emirates_country | D5: Middle East | E5: Middle East and Central Asia | F5: Middle East | G5: 71093.261 | H5: 3889.0822 | I5: 74982.343 | K5: 59.161203 | L5: 65.118563 | M5: 71.164999 | N5: 78.469826 | O5: 89.124312 | P5: 97.960277 | Q5: 109.00476 | R5: 129.67434 | S5: 149.8278 | T5: 241.44334 | U5: 394.65557 | V5: 610.01621 | W5: 941.33471 | X5: 1179.3985 | Y5: 1292.8781 | Z5: 1428.2745 | AA5: 1606.3905 | AB5: 1667.4416 | AC5: 1731.5042 | AD5: 1798.7089 | AE5: 1853.8346 | AF5: 1895.0468 | AG5: 1932.0405 | AH5: 1974.1097 | AI5: 2021.4624 | AJ5: 2081.7225 | AK5: 2134.3282 | AL5: 2196.6106 | AM5: 2314.7907 | AN5: 2390.4311 | AO5: 2521.4308 | AP5: 2715.415 | AQ5: 2951.6334 | AR5: 3188.0742 | AS5: 3410.4026 | AT5: 3607.7675 | AU5: 3596.1779 | AV5: 3583.3762 | AW5: 3496.4193 | AX5: 3382.0555 | AY5: 3296.5251
A6: ARG | B6: Argentina | C6: 45_Argentina_country | D6: Rest of South America | E6: Central and South America | F6: Latin America and Caribbean | G6: 2779049.5 | H6: 18828.018 | I6: 2797877.5 | J6: 44908441 | K6: 374.52099 | L6: 586.38506 | M6: 811.91777 | N6: 1161.8352 | O6: 1707.2143 | P6: 2243.0254 | Q6: 2829.4104 | R6: 3388.4582 | S6: 3977.577 | T6: 4614.536 | U6: 4794.9622 | V6: 4915.2463 | W6: 4982.2227 | X6: 5072.4358 | Y6: 7293.5913 | Z6: 8449.959 | AA6: 9010.3737 | AB6: 9312.4508 | AC6: 9546.1847 | AD6: 9938.4749 | AE6: 10438.748 | AF6: 10709.387 | AG6: 10896.647 | AH6: 11022.399 | AI6: 11134.482 | AJ6: 11287.571 | AK6: 11491.234 | AL6: 11847.985 | AM6: 12243.009 | AN6: 12695.442 | AO6: 13340.602 | AP6: 14341.147 | AQ6: 15524.852 | AR6: 16630.646 | AS6: 17811.617 | AT6: =Sheet1!$AT6*_xlfn.XLOOKUP($A6,'[1]SSP4-change-rate'!$B$2:$B$147,'[1]SSP4-change-rate'!C$2:C$147) -> 18351.102 | AU6: =Sheet1!$AT6*_xlfn.XLOOKUP($A6,'[1]SSP4-change-rate'!$B$2:$B$147,'[1]SSP4-change-rate'!D$2:D$147) -> 18249.595 | AV6: =Sheet1!$AT6*_xlfn.XLOOKUP($A6,'[1]SSP4-change-rate'!$B$2:$B$147,'[1]SSP4-change-rate'!E$2:E$147) -> 18105.192 | AW6: =Sheet1!$AT6*_xlfn.XLOOKUP($A6,'[1]SSP4-change-rate'!$B$2:$B$147,'[1]SSP4-change-rate'!F$2:F$147) -> 17756.357 | AX6: =Sheet1!$AT6*_xlfn.XLOOKUP($A6,'[1]SSP4-change-rate'!$B$2:$B$147,'[1]SSP4-change-rate'!G$2:G$147) -> 17289.666 | AY6: =Sheet1!$AT6*_xlfn.XLOOKUP($A6,'[1]SSP4-change-rate'!$B$2:$B$147,'[1]SSP4-change-rate'!H$2:H$147) -> 16733.315
A7: ARM | B7: Armenia | C7: 158_Armenia_country | D7: Russia region | E7: Europe | F7: Eurasia | G7: 29690.165 | H7: 779.13352 | I7: 30469.298 | J7: 2812494 | K7: 7.3089448 | L7: 7.3089448 | M7: 7.3089448 | N7: 7.3089448 | O7: 7.3089448 | P7: 7.3089448 | Q7: 7.3089448 | R7: 9.136181 | S7: 9.136181 | T7: 12.790653 | U7: 20.099598 | V7: 27.408543 | W7: 32.890252 | X7: 32.890252 | Y7: 32.890252 | Z7: 56.644322 | AA7: 89.534574 | AB7: 124.25206 | AC7: 186.37809 | AD7: 199.16875 | AE7: 208.30493 | AF7: 219.26834 | AG7: 222.92282 | AH7: 226.57729 | AI7: 239.36794 | AJ7: 253.98583 | AK7: 303.32121 | AL7: 339.86593 | AM7: 385.54684 | AN7: 403.8192 | AO7: 416.60986 | AP7: 427.57327 | AQ7: 462.29076 | AR7: 575.57941 | AS7: 676.0774 | AT7: =Sheet1!$AT7*_xlfn.XLOOKUP($A7,'[1]SSP4-change-rate'!$B$2:$B$147,'[1]SSP4-change-rate'!C$2:C$147) -> 730.89448 | AU7: =Sheet1!$AT7*_xlfn.XLOOKUP($A7,'[1]SSP4-change-rate'!$B$2:$B$147,'[1]SSP4-change-rate'!D$2:D$147) -> 723.20086 | AV7: =Sheet1!$AT7*_xlfn.XLOOKUP($A7,'[1]SSP4-change-rate'!$B$2:$B$147,'[1]SSP4-change-rate'!E$2:E$147) -> 717.01674 | AW7: =Sheet1!$AT7*_xlfn.XLOOKUP($A7,'[1]SSP4-change-rate'!$B$2:$B$147,'[1]SSP4-change-rate'!F$2:F$147) -> 699.28823 | AX7: =Sheet1!$AT7*_xlfn.XLOOKUP($A7,'[1]SSP4-change-rate'!$B$2:$B$147,'[1]SSP4-change-rate'!G$2:G$147) -> 681.46201 | AY7: =Sheet1!$AT7*_xlfn.XLOOKUP($A7,'[1]SSP4-change-rate'!$B$2:$B$147,'[1]SSP4-change-rate'!H$2:H$147) -> 662.37312
A8: AUS | B8: Australia | C8: 55_Australia_country | D8: Oceania | E8: Oceania | F8: Asia-Pacific Developed | G8: 7688058.2 | H8: 33097.674 | I8: 7721155.9 | J8: 25544183 | K8: 788.12958 | L8: 1073.8658 | M8: 1598.2389 | N8: 2125.7519 | O8: 2901.3216 | P8: 3535.5933 | Q8: 4232.664 | R8: 4832.3961 | S8: 5711.5845 | T8: 7520.2006 | U8: 9972.5081 | V8: 11862.763 | W8: 14095.274 | X8: 14663.606 | Y8: 16833.317 | Z8: 18283.978 | AA8: 18805.211 | AB8: 19106.647 | AC8: 19467.743 | AD8: 19850.818 | AE8: 20243.312 | AF8: 20720.586 | AG8: 21084.821 | AH8: 21433.357 | AI8: 21932.61 | AJ8: 22315.685 | AK8: 22648.521 | AL8: 22927.977 | AM8: 23829.145 | AN8: 24381.778 | AO8: 24755.433 | AP8: 25515.303 | AQ8: 26969.103 | AR8: 28579.902 | AS8: 29628.648 | AT8: =Sheet1!$AT8*_xlfn.XLOOKUP($A8,'[1]SSP4-change-rate'!$B$2:$B$147,'[1]SSP4-change-rate'!C$2:C$147) -> 31650.091 | AU8: =Sheet1!$AT8*_xlfn.XLOOKUP($A8,'[1]SSP4-change-rate'!$B$2:$B$147,'[1]SSP4-change-rate'!D$2:D$147) -> 31508.541 | AV8: =Sheet1!$AT8*_xlfn.XLOOKUP($A8,'[1]SSP4-change-rate'!$B$2:$B$147,'[1]SSP4-change-rate'!E$2:E$147) -> 31328.589 | AW8: =Sheet1!$AT8*_xlfn.XLOOKUP($A8,'[1]SSP4-change-rate'!$B$2:$B$147,'[1]SSP4-change-rate'!F$2:F$147) -> 30963.347 | AX8: =Sheet1!$AT8*_xlfn.XLOOKUP($A8,'[1]SSP4-change-rate'!$B$2:$B$147,'[1]SSP4-change-rate'!G$2:G$147) -> 30495.55 | AY8: =Sheet1!$AT8*_xlfn.XLOOKUP($A8,'[1]SSP4-change-rate'!$B$2:$B$147,'[1]SSP4-change-rate'!H$2:H$147) -> 29969.634
A9: AUT | B9: Austria | C9: 115_Austria_country | D9: Western Europe | E9: Europe | F9: Europe | G9: 83946.896 | H9: 6142.9455 | I9: 90089.841 | J9: 8901100 | K9: 631.31838 | L9: 901.26141 | M9: 1055.8256 | N9: 1197.328 | O9: 1334.4764 | P9: 1334.4764 | Q9: 1399.7852 | R9: 1452.0323 | S9: 1543.4646 | T9: 1602.2425 | U9: 1728.5062 | V9: 1795.9919 | W9: 1872.1855 | X9: 1898.309 | Y9: 2192.1986 | Z9: 2499.15 | AA9: 2660.245 | AB9: 2747.3234 | AC9: 2808.2783 | AD9: 2934.542 | AE9: 3012.9125 | AF9: 3045.5669 | AG9: 3078.2213 | AH9: 3121.7605 | AI9: 3154.4149 | AJ9: 3226.2546 | AK9: 3261.086 | AL9: 3348.1644 | AM9: 3476.605 | AN9: 3591.9839 | AO9: 3853.2191 | AP9: 4277.7262 | AQ9: 4832.851 | AR9: 5488.116 | AS9: 5897.3844 | AT9: =Sheet1!$AT9*_xlfn.XLOOKUP($A9,'[1]SSP4-change-rate'!$B$2:$B$147,'[1]SSP4-change-rate'!C$2:C$147) -> 6041.6417 | AU9: =Sheet1!$AT9*_xlfn.XLOOKUP($A9,'[1]SSP4-change-rate'!$B$2:$B$147,'[1]SSP4-change-rate'!D$2:D$147) -> 6038.0046 | AV9: =Sheet1!$AT9*_xlfn.XLOOKUP($A9,'[1]SSP4-change-rate'!$B$2:$B$147,'[1]SSP4-change-rate'!E$2:E$147) -> 6030.9895 | AW9: =Sheet1!$AT9*_xlfn.XLOOKUP($A9,'[1]SSP4-change-rate'!$B$2:$B$147,'[1]SSP4-change-rate'!F$2:F$147) -> 6017.9073 | AX9: =Sheet1!$AT9*_xlfn.XLOOKUP($A9,'[1]SSP4-change-rate'!$B$2:$B$147,'[1]SSP4-change-rate'!G$2:G$147) -> 5996.4008 | AY9: =Sheet1!$AT9*_xlfn.XLOOKUP($A9,'[1]SSP4-change-rate'!$B$2:$B$147,'[1]SSP4-change-rate'!H$2:H$147) -> 5974.2223
A10: AZE | B10: Azerbaijan | C10: 159_Azerbaijan_country | D10: Russia region | E10: Middle East and Central Asia | F10: Eurasia | G10: 86235.488 | H10: 2080.6983 | I10: 88316.186 | J10: 10273527 | K10: 50.086696 | L10: 58.165196 | M10: 69.475095 | N10: 88.863493 | O10: 114.71469 | P10: 124.40889 | Q10: 135.71879 | R10: 150.26009 | S10: 166.41709 | T10: 240.73928 | U10: 340.91267 | V10: 434.62327 | W10: 533.18096 | X10: 534.79666 | Y10: 559.03216 | Z10: 602.65606 | AA10: 618.81305 | AB10: 625.27585 | AC10: 641.43285 | AD10: 657.58985 | AE10: 668.89975 | AF10: 672.13115 | AG10: 691.51955 | AH10: 735.14345 | AI10: 877.32503 | AJ10: 885.40353 | AK10: 945.18443 | AL10: 969.41993 | AM10: 1064.7462 | AN10: 1111.6015 | AO10: 1156.8411 | AP10: 1197.2336 | AQ10: 1297.407 | AR10: 1436.3572 | AS10: 1736.8774 | AT10: =Sheet1!$AT10*_xlfn.XLOOKUP($A10,'[1]SSP4-change-rate'!$B$2:$B$147,'[1]SSP4-change-rate'!C$2:C$147) -> 1927.5622 | AU10: =Sheet1!$AT10*_xlfn.XLOOKUP($A10,'[1]SSP4-change-rate'!$B$2:$B$147,'[1]SSP4-change-rate'!D$2:D$147) -> 1910.6261 | AV10: =Sheet1!$AT10*_xlfn.XLOOKUP($A10,'[1]SSP4-change-rate'!$B$2:$B$147,'[1]SSP4-change-rate'!E$2:E$147) -> 1889.8786 | AW10: =Sheet1!$AT10*_xlfn.XLOOKUP($A10,'[1]SSP4-change-rate'!$B$2:$B$147,'[1]SSP4-change-rate'!F$2:F$147) -> 1833.1789 | AX10: =Sheet1!$AT10*_xlfn.XLOOKUP($A10,'[1]SSP4-change-rate'!$B$2:$B$147,'[1]SSP4-change-rate'!G$2:G$147) -> 1764.9331 | AY10: =Sheet1!$AT10*_xlfn.XLOOKUP($A10,'[1]SSP4-change-rate'!$B$2:$B$147,'[1]SSP4-change-rate'!H$2:H$147) -> 1692.2045
A11: BDI | B11: Burundi | C11: 73_Burundi_country | D11: Eastern Africa | E11: Africa | F11: Africa | G11: 26935.291 | H11: 377.46844 | I11: 27312.76 | J11: 12053895 | K11: 22.46836 | L11: 22.46836 | M11: 22.46836 | N11: 22.46836 | O11: 22.46836 | P11: 22.46836 | Q11: 22.46836 | R11: 22.46836 | S11: 22.46836 | T11: 22.46836 | U11: 22.46836 | V11: 29.957813 | W11: 37.447266 | X11: 37.447266 | Y11: 67.405079 | Z11: 67.405079 | AA11: 67.405079 | AB11: 67.405079 | AC11: 67.405079 | AD11: 67.405079 | AE11: 67.405079 | AF11: 67.405079 | AG11: 67.405079 | AH11: 67.405079 | AI11: 67.405079 | AJ11: 82.383985 | AK11: 97.362891 | AL11: 97.362891 | AM11: 97.362891 | AN11: 112.3418 | AO11: 112.3418 | AP11: 134.81016 | AQ11: 254.64141 | AR11: 366.98321 | AS11: 374.47266 | AT11: =Sheet1!$AT11*_xlfn.XLOOKUP($A11,'[1]SSP4-change-rate'!$B$2:$B$147,'[1]SSP4-change-rate'!C$2:C$147) -> 374.47266 | AU11: =Sheet1!$AT11*_xlfn.XLOOKUP($A11,'[1]SSP4-change-rate'!$B$2:$B$147,'[1]SSP4-change-rate'!D$2:D$147) -> 374.47266 | AV11: =Sheet1!$AT11*_xlfn.XLOOKUP($A11,'[1]SSP4-change-rate'!$B$2:$B$147,'[1]SSP4-change-rate'!E$2:E$147) -> 374.47266 | AW11: =Sheet1!$AT11*_xlfn.XLOOKUP($A11,'[1]SSP4-change-rate'!$B$2:$B$147,'[1]SSP4-change-rate'!F$2:F$147) -> 357.82943 | AX11: =Sheet1!$AT11*_xlfn.XLOOKUP($A11,'[1]SSP4-change-rate'!$B$2:$B$147,'[1]SSP4-change-rate'!G$2:G$147) -> 345.10225 | AY11: =Sheet1!$AT11*_xlfn.XLOOKUP($A11,'[1]SSP4-change-rate'!$B$2:$B$147,'[1]SSP4-change-rate'!H$2:H$147) -> 293.81701
A12: BEL | B12: Belgium | C12: 116_Belgium_country | D12: Western Europe | E12: Europe | F12: Europe | G12: 30707.466 | H12: 14803.846 | I12: 45511.312 | J12: 11541270 | K12: 2697.6111 | L12: 3181.5444 | M12: 3713.4478 | N12: 4335.6479 | O12: 5083.4166 | P12: 5138.4411 | Q12: 5598.3895 | R12: 5800.1459 | S12: 6034.3528 | T12: 6473.1378 | U12: 6940.1406 | V12: 7237.8372 | W12: 7431.1284 | X12: 7538.3556 | Y12: 8695.2808 | Z12: 9392.2577 | AA12: 9606.7122 | AB12: 9715.3503 | AC12: 9788.7163 | AD12: 9949.5571 | AE12: 10267.006 | AF12: 10319.209 | AG12: 10346.016 | AH12: 10358.714 | AI12: 10381.288 | AJ12: 10434.901 | AK12: 10480.05 | AL12: 10539.307 | AM12: 10746.707 | AN12: 10908.959 | AO12: 11178.437 | AP12: 11699.054 | AQ12: 12393.209 | AR12: 13574.119 | AS12: 14247.111 | AT12: =Sheet1!$AT12*_xlfn.XLOOKUP($A12,'[1]SSP4-change-rate'!$B$2:$B$147,'[1]SSP4-change-rate'!C$2:C$147) -> 14508.563 | AU12: =Sheet1!$AT12*_xlfn.XLOOKUP($A12,'[1]SSP4-change-rate'!$B$2:$B$147,'[1]SSP4-change-rate'!D$2:D$147) -> 14431.56 | AV12: =Sheet1!$AT12*_xlfn.XLOOKUP($A12,'[1]SSP4-change-rate'!$B$2:$B$147,'[1]SSP4-change-rate'!E$2:E$147) -> 14322.461 | AW12: =Sheet1!$AT12*_xlfn.XLOOKUP($A12,'[1]SSP4-change-rate'!$B$2:$B$147,'[1]SSP4-change-rate'!F$2:F$147) -> 14088.835 | AX12: =Sheet1!$AT12*_xlfn.XLOOKUP($A12,'[1]SSP4-change-rate'!$B$2:$B$147,'[1]SSP4-change-rate'!G$2:G$147) -> 13784.456 | AY12: =Sheet1!$AT12*_xlfn.XLOOKUP($A12,'[1]SSP4-change-rate'!$B$2:$B$147,'[1]SSP4-change-rate'!H$2:H$147) -> 13402.579
A13: BEN | B13: Benin | C13: 70_Benin_country | D13: Western Africa | E13: Africa | F13: Africa | G13: 115286.16 | H13: 1192.2221 | I13: 116478.38 | J13: 12466822 | K13: 63.755194 | L13: 63.755194 | M13: 63.755194 | N13: 63.755194 | O13: 63.755194 | P13: 63.755194 | Q13: 63.755194 | R13: 63.755194 | S13: 63.755194 | T13: 71.724593 | U13: 111.57159 | V13: 191.26558 | W13: 278.92897 | X13: 278.92897 | Y13: 286.89837 | Z13: 398.46996 | AA13: 430.34756 | AB13: 438.31696 | AC13: 438.31696 | AD13: 462.22516 | AE13: 462.22516 | AF13: 533.94975 | AG13: 541.91915 | AH13: 557.85795 | AI13: 557.85795 | AJ13: 573.79675 | AK13: 597.70495 | AL13: 613.64374 | AM13: 661.46014 | AN13: 725.21533 | AO13: 820.84813 | AP13: 868.66452 | AQ13: 924.45032 | AR13: 1028.0525 | AS13: 1036.0219 | AT13: =Sheet1!$AT13*_xlfn.XLOOKUP($A13,'[1]SSP4-change-rate'!$B$2:$B$147,'[1]SSP4-change-rate'!C$2:C$147) -> 1140.4957 | AU13: =Sheet1!$AT13*_xlfn.XLOOKUP($A13,'[1]SSP4-change-rate'!$B$2:$B$147,'[1]SSP4-change-rate'!D$2:D$147) -> 1139.915 | AV13: =Sheet1!$AT13*_xlfn.XLOOKUP($A13,'[1]SSP4-change-rate'!$B$2:$B$147,'[1]SSP4-change-rate'!E$2:E$147) -> 1154.4397 | AW13: =Sheet1!$AT13*_xlfn.XLOOKUP($A13,'[1]SSP4-change-rate'!$B$2:$B$147,'[1]SSP4-change-rate'!F$2:F$147) -> 1164.5516 | AX13: =Sheet1!$AT13*_xlfn.XLOOKUP($A13,'[1]SSP4-change-rate'!$B$2:$B$147,'[1]SSP4-change-rate'!G$2:G$147) -> 1171.8658 | AY13: =Sheet1!$AT13*_xlfn.XLOOKUP($A13,'[1]SSP4-change-rate'!$B$2:$B$147,'[1]SSP4-change-rate'!H$2:H$147) -> 1171.8913
A14: BFA | B14: Burkina Faso | C14: 72_Burkina Faso_country | D14: Western Africa | E14: Africa | F14: Africa | G14: 272946.96 | H14: 1446.1177 | I14: 274393.08 | J14: 21231890 | K14: 55.40681 | L14: 55.40681 | M14: 55.40681 | N14: 55.40681 | O14: 55.40681 | P14: 55.40681 | Q14: 55.40681 | R14: 55.40681 | S14: 60.947491 | T14: 66.488172 | U14: 72.028853 | V14: 99.732257 | W14: 155.13907 | X14: 160.67975 | Y14: 199.46451 | Z14: 249.33064 | AA14: 332.44086 | AB14: 382.30699 | AC14: 398.92903 | AD14: 432.17312 | AE14: 448.79516 | AF14: 465.4172 | AG14: 465.4172 | AH14: 465.4172 | AI14: 509.74265 | AJ14: 542.98674 | AK14: 603.93423 | AL14: 687.04444 | AM14: 714.74785 | AN14: 764.61397 | AO14: 792.31738 | AP14: 941.91577 | AQ14: 1069.3514 | AR14: 1141.3803 | AS14: 1279.8973 | AT14: =Sheet1!$AT14*_xlfn.XLOOKUP($A14,'[1]SSP4-change-rate'!$B$2:$B$147,'[1]SSP4-change-rate'!C$2:C$147) -> 1379.6296 | AU14: =Sheet1!$AT14*_xlfn.XLOOKUP($A14,'[1]SSP4-change-rate'!$B$2:$B$147,'[1]SSP4-change-rate'!D$2:D$147) -> 1385.5507 | AV14: =Sheet1!$AT14*_xlfn.XLOOKUP($A14,'[1]SSP4-change-rate'!$B$2:$B$147,'[1]SSP4-change-rate'!E$2:E$147) -> 1385.0826 | AW14: =Sheet1!$AT14*_xlfn.XLOOKUP($A14,'[1]SSP4-change-rate'!$B$2:$B$147,'[1]SSP4-change-rate'!F$2:F$147) -> 1389.0791 | AX14: =Sheet1!$AT14*_xlfn.XLOOKUP($A14,'[1]SSP4-change-rate'!$B$2:$B$147,'[1]SSP4-change-rate'!G$2:G$147) -> 1391.9111 | AY14: =Sheet1!$AT14*_xlfn.XLOOKUP($A14,'[1]SSP4-change-rate'!$B$2:$B$147,'[1]SSP4-change-rate'!H$2:H$147) -> 1376.1101
A15: BGD | B15: Bangladesh | C15: 162_Bangladesh_country | D15: Rest of South Asia | E15: South and East Asia | F15: Southern Asia | G15: 139384.37 | H15: 24194.401 | I15: 163578.77 | J15: 166426991 | K15: 887.65911 | L15: 978.70107 | M15: 1115.264 | N15: 1274.5874 | O15: 1456.6714 | P15: 1547.7133 | Q15: 1707.0368 | R15: 1843.5997 | S15: 1911.8812 | T15: 2276.049 | U15: 3300.2711 | V15: 6099.8113 | W15: 8057.2135 | X15: 8603.4653 | Y15: 9217.9985 | Z15: 10128.418 | AA15: 10538.107 | AB15: 10697.43 | AC15: 10742.951 | AD15: 10788.472 | AE15: 10833.993 | AF15: 11107.119 | AG15: 11585.089 | AH15: 12176.862 | AI15: 12541.03 | AJ15: 12768.635 | AK15: 12814.156 | AL15: 12973.479 | AM15: 13292.126 | AN15: 13610.773 | AO15: 14248.067 | AP15: 14771.558 | AQ15: 16706.2 | AR15: 19642.303 | AS15: 22646.688 | AT15: =Sheet1!$AT15*_xlfn.XLOOKUP($A15,'[1]SSP4-change-rate'!$B$2:$B$147,'[1]SSP4-change-rate'!C$2:C$147) -> 23379.368 | AU15: =Sheet1!$AT15*_xlfn.XLOOKUP($A15,'[1]SSP4-change-rate'!$B$2:$B$147,'[1]SSP4-change-rate'!D$2:D$147) -> 23299.047 | AV15: =Sheet1!$AT15*_xlfn.XLOOKUP($A15,'[1]SSP4-change-rate'!$B$2:$B$147,'[1]SSP4-change-rate'!E$2:E$147) -> 23149.669 | AW15: =Sheet1!$AT15*_xlfn.XLOOKUP($A15,'[1]SSP4-change-rate'!$B$2:$B$147,'[1]SSP4-change-rate'!F$2:F$147) -> 22697.068 | AX15: =Sheet1!$AT15*_xlfn.XLOOKUP($A15,'[1]SSP4-change-rate'!$B$2:$B$147,'[1]SSP4-change-rate'!G$2:G$147) -> 21695.393 | AY15: =Sheet1!$AT15*_xlfn.XLOOKUP($A15,'[1]SSP4-change-rate'!$B$2:$B$147,'[1]SSP4-change-rate'!H$2:H$147) -> 19057.568
A16: BGR | B16: Bulgaria | C16: 118_Bulgaria_country | D16: Central Europe | E16: Europe | F16: Europe | G16: 111587.67 | H16: 2710.5348 | I16: 114298.21 | J16: 7020239 | K16: 52.300002 | L16: 64.503336 | M16: 81.93667 | N16: 92.396671 | O16: 129.00667 | P16: 148.18334 | Q16: 184.79334 | R16: 240.58001 | S16: 277.19001 | T16: 364.35668 | U16: 571.81336 | V16: 725.2267 | W16: 791.47337 | X16: 796.70337 | Y16: 911.76338 | Z16: 1037.2834 | AA16: 1065.1767 | AB16: 1084.3534 | AC16: 1103.5301 | AD16: 1155.8301 | AE16: 1194.1834 | AF16: 1262.1734 | AG16: 1317.9601 | AH16: 1354.5701 | AI16: 1389.4367 | AJ16: 1413.8434 | AK16: 1473.1167 | AL16: 1591.6634 | AM16: 1704.9801 | AN16: 1779.9434 | AO16: 1868.8534 | AP16: 1936.8434 | AQ16: 2111.1768 | AR16: 2391.8534 | AS16: 2604.5401 | AT16: =Sheet1!$AT16*_xlfn.XLOOKUP($A16,'[1]SSP4-change-rate'!$B$2:$B$147,'[1]SSP4-change-rate'!C$2:C$147) -> 2655.0168 | AU16: =Sheet1!$AT16*_xlfn.XLOOKUP($A16,'[1]SSP4-change-rate'!$B$2:$B$147,'[1]SSP4-change-rate'!D$2:D$147) -> 2649.9349 | AV16: =Sheet1!$AT16*_xlfn.XLOOKUP($A16,'[1]SSP4-change-rate'!$B$2:$B$147,'[1]SSP4-change-rate'!E$2:E$147) -> 2640.1919 | AW16: =Sheet1!$AT16*_xlfn.XLOOKUP($A16,'[1]SSP4-change-rate'!$B$2:$B$147,'[1]SSP4-change-rate'!F$2:F$147) -> 2610.4011 | AX16: =Sheet1!$AT16*_xlfn.XLOOKUP($A16,'[1]SSP4-change-rate'!$B$2:$B$147,'[1]SSP4-change-rate'!G$2:G$147) -> 2570.5267 | AY16: =Sheet1!$AT16*_xlfn.XLOOKUP($A16,'[1]SSP4-change-rate'!$B$2:$B$147,'[1]SSP4-change-rate'!H$2:H$147) -> 2520.4212
A17: BHR | B17: Bahrain | C17: 314_Bahrain_country | D17: Middle East | E17: Middle East and Central Asia | F17: Middle East | G17: 910.06629 | H17: 667.24695 | I17: 1577.3132 | J17: 1494035 | K17: 0 | L17: 0 | M17: 0 | N17: 0 | O17: 0 | P17: 0 | Q17: 0 | R17: 0 | S17: 0 | T17: 0 | U17: 0 | V17: 0 | W17: 0 | X17: 280.68691 | Y17: 292.99774 | Z17: 297.92207 | AA17: 300.38423 | AB17: 301.61532 | AC17: 301.61532 | AD17: 302.8464 | AE17: 304.07748 | AF17: 304.07748 | AG17: 307.77073 | AH17: 315.15723 | AI17: 320.08156 | AJ17: 321.31264 | AK17: 323.77481 | AL17: 325.00589 | AM17: 350.85863 | AN17: 361.93838 | AO17: 386.56004 | AP17: 438.26552 | AQ17: 513.36158 | AR17: 557.68057 | AS17: 578.60898 | AT17: =Sheet1!$AT17*_xlfn.XLOOKUP($A17,'[1]SSP4-change-rate'!$B$2:$B$147,'[1]SSP4-change-rate'!C$2:C$147) -> 664.36467 | AU17: =Sheet1!$AT17*_xlfn.XLOOKUP($A17,'[1]SSP4-change-rate'!$B$2:$B$147,'[1]SSP4-change-rate'!D$2:D$147) -> 659.54794 | AV17: =Sheet1!$AT17*_xlfn.XLOOKUP($A17,'[1]SSP4-change-rate'!$B$2:$B$147,'[1]SSP4-change-rate'!E$2:E$147) -> 654.0123 | AW17: =Sheet1!$AT17*_xlfn.XLOOKUP($A17,'[1]SSP4-change-rate'!$B$2:$B$147,'[1]SSP4-change-rate'!F$2:F$147) -> 641.13337 | AX17: =Sheet1!$AT17*_xlfn.XLOOKUP($A17,'[1]SSP4-change-rate'!$B$2:$B$147,'[1]SSP4-change-rate'!G$2:G$147) -> 624.86983 | AY17: =Sheet1!$AT17*_xlfn.XLOOKUP($A17,'[1]SSP4-change-rate'!$B$2:$B$147,'[1]SSP4-change-rate'!H$2:H$147) -> 607.091
... A19: BIH | B19: bosnia-herzegovina | C19: 117_Bosnia and Herzegovina_country | D19: Central Europe | E19: Europe | F19: Europe | G19: 51068.854 | H19: 790.81654 | I19: 51859.671 | J19: 3340977 | K19: 3.9527651 | L19: 3.9527651 | M19: 3.9527651 | N19: 5.2703535 | O19: 6.5879418 | P19: 7.9055302 | Q19: 9.2231186 | R19: 9.2231186 | S19: 9.2231186 | T19: 9.2231186 | U19: 10.540707 | V19: 13.175884 | W19: 15.81106 | X19: 17.128649 | Y19: 23.716591 | Z19: 36.892474 | AA19: 83.008067 | AB19: 126.48848 | AC19: 172.60408 | AD19: 204.2262 | AE19: 264.83526 | AF19: 281.96391 | AG19: 300.41015 | AH19: 318.85638 | AI19: 332.03227 | AJ19: 351.79609 | AK19: 367.60715 | AL19: 386.05339 | AM19: 407.13481 | AN19: 450.61522 | AO19: 505.95393 | AP19: 566.563 | AQ19: 610.04341 | AR19: 640.34795 | AS19: 736.5319 | AT19: =Sheet1!$AT19*_xlfn.XLOOKUP($A19,'[1]SSP4-change-rate'!$B$2:$B$147,'[1]SSP4-change-rate'!C$2:C$147) -> 768.15402 | AU19: =Sheet1!$AT19*_xlfn.XLOOKUP($A19,'[1]SSP4-change-rate'!$B$2:$B$147,'[1]SSP4-change-rate'!D$2:D$147) -> 764.24484 | AV19: =Sheet1!$AT19*_xlfn.XLOOKUP($A19,'[1]SSP4-change-rate'!$B$2:$B$147,'[1]SSP4-change-rate'!E$2:E$147) -> 760.71427 | AW19: =Sheet1!$AT19*_xlfn.XLOOKUP($A19,'[1]SSP4-change-rate'!$B$2:$B$147,'[1]SSP4-change-rate'!F$2:F$147) -> 747.57846 | AX19: =Sheet1!$AT19*_xlfn.XLOOKUP($A19,'[1]SSP4-change-rate'!$B$2:$B$147,'[1]SSP4-change-rate'!G$2:G$147) -> 731.2698 | AY19: =Sheet1!$AT19*_xlfn.XLOOKUP($A19,'[1]SSP4-change-rate'!$B$2:$B$147,'[1]SSP4-change-rate'!H$2:H$147) -> 711.87343
A20: BLR | B20: Belarus | C20: 146_Belarus_country | D20: Ukraine region | E20: Middle East and Central Asia | F20: Eurasia | G20: 207069.81 | H20: 3844.6981 | I20: 210914.51 | K20: 102.80584 | L20: 117.16622 | M20: 138.72749 | N20: 183.98634 | O20: 263.70183 | P20: 289.65913 | Q20: 306.67482 | R20: 339.31735 | S20: 362.53675 | T20: 485.5194 | U20: 670.85243 | V20: 857.85246 | W20: 1033.6264 | X20: 1044.7891 | Y20: 1127.0334 | Z20: 1197.111 | AA20: 1237.1839 | AB20: 1274.5114 | AC20: 1313.0808 | AD20: 1339.0463 | AE20: 1356.2237 | AF20: 1374.4645 | AG20: 1388.541 | AH20: 1413.4092 | AI20: 1459.9013 | AJ20: 1526.7754 | AK20: 1596.5759 | AL20: 1661.0305 | AM20: 1772.1807 | AN20: 1849.1222 | AO20: 1932.5027 | AP20: 2038.6038 | AQ20: 2302.2597 | AR20: 2642.961 | AS20: 2930.0919 | AT20: 3078.6181 | AU20: 3067.1507 | AV20: 3054.6267 | AW20: 3004.058 | AX20: 2939.5025 | AY20: 2858.6961
A21: BOL | B21: Bolivia | C21: 46_Bolivia_country | D21: Rest of South America | E21: Central and South America | F21: Latin America and Caribbean | G21: 1084380.2 | H21: 2854.2508 | I21: 1087234.5 | J21: 11862352 | K21: 22.652784 | L21: 22.652784 | M21: 56.63196 | N21: 56.63196 | O21: 79.284744 | P21: 124.59031 | Q21: 129.12087 | R21: 158.56949 | S21: 158.56949 | T21: 206.14033 | U21: 283.1598 | V21: 421.34178 | W21: 652.40018 | X21: 699.97102 | Y21: 847.21412 | Z21: 967.27387 | AA21: 1057.885 | AB21: 1085.0683 | AC21: 1130.3739 | AD21: 1177.9448 | AE21: 1189.2712 | AF21: 1257.2295 | AG21: 1288.9434 | AH21: 1354.6365 | AI21: 1395.4115 | AJ21: 1474.6962 | AK21: 1524.5324 | AL21: 1592.4907 | AM21: 1678.5713 | AN21: 1748.7949 | AO21: 1828.0797 | AP21: 2004.7714 | AQ21: 2285.6659 | AR21: 2487.2757 | AS21: 2639.0493 | AT21: =Sheet1!$AT21*_xlfn.XLOOKUP($A21,'[1]SSP4-change-rate'!$B$2:$B$147,'[1]SSP4-change-rate'!C$2:C$147) -> 2784.2486 | AU21: =Sheet1!$AT21*_xlfn.XLOOKUP($A21,'[1]SSP4-change-rate'!$B$2:$B$147,'[1]SSP4-change-rate'!D$2:D$147) -> 2801.7394 | AV21: =Sheet1!$AT21*_xlfn.XLOOKUP($A21,'[1]SSP4-change-rate'!$B$2:$B$147,'[1]SSP4-change-rate'!E$2:E$147) -> 2824.5135 | AW21: =Sheet1!$AT21*_xlfn.XLOOKUP($A21,'[1]SSP4-change-rate'!$B$2:$B$147,'[1]SSP4-change-rate'!F$2:F$147) -> 2855.2336 | AX21: =Sheet1!$AT21*_xlfn.XLOOKUP($A21,'[1]SSP4-change-rate'!$B$2:$B$147,'[1]SSP4-change-rate'!G$2:G$147) -> 2868.9776 | AY21: =Sheet1!$AT21*_xlfn.XLOOKUP($A21,'[1]SSP4-change-rate'!$B$2:$B$147,'[1]SSP4-change-rate'!H$2:H$147) -> 2854.6192
A22: BRA | B22: Brazil | C22: 53_brazil_country | D22: Brazil | E22: Central and South America | F22: Latin America and Caribbean | G22: 8509083.3 | H22: 73053.988 | I22: 8582137.3 | J22: 213317639 | K22: 1729.6824 | L22: 2124.0142 | M22: 2908.1966 | N22: 3873.8613 | O22: 5363.8079 | P22: 7572.9619 | Q22: 10277.271 | R22: 10694.008 | S22: 13747.838 | T22: 18726.277 | U22: 21275.99 | V22: 21376.813 | W22: 22573.252 | X22: 24636.772 | Y22: 29503.184 | Z22: 33027.524 | AA22: 35707.187 | AB22: 37008.93 | AC22: 38256.9 | AD22: 39560.884 | AE22: 40999.298 | AF22: 41917.912 | AG22: 42507.169 | AH22: 43251.022 | AI22: 44113.623 | AJ22: 45186.833 | AK22: 46251.08 | AL22: 47617.798 | AM22: 50167.511 | AN22: 51594.724 | AO22: 53635.838 | AP22: 56293.097 | AQ22: 61421.65 | AR22: 65976.629 | AS22: 69476.324 | AT22: =Sheet1!$AT22*_xlfn.XLOOKUP($A22,'[1]SSP4-change-rate'!$B$2:$B$147,'[1]SSP4-change-rate'!C$2:C$147) -> 71254.21 | AU22: =Sheet1!$AT22*_xlfn.XLOOKUP($A22,'[1]SSP4-change-rate'!$B$2:$B$147,'[1]SSP4-change-rate'!D$2:D$147) -> 70889.052 | AV22: =Sheet1!$AT22*_xlfn.XLOOKUP($A22,'[1]SSP4-change-rate'!$B$2:$B$147,'[1]SSP4-change-rate'!E$2:E$147) -> 70379.664 | AW22: =Sheet1!$AT22*_xlfn.XLOOKUP($A22,'[1]SSP4-change-rate'!$B$2:$B$147,'[1]SSP4-change-rate'!F$2:F$147) -> 69090.252 | AX22: =Sheet1!$AT22*_xlfn.XLOOKUP($A22,'[1]SSP4-change-rate'!$B$2:$B$147,'[1]SSP4-change-rate'!G$2:G$147) -> 67246.411 | AY22: =Sheet1!$AT22*_xlfn.XLOOKUP($A22,'[1]SSP4-change-rate'!$B$2:$B$147,'[1]SSP4-change-rate'!H$2:H$147) -> 64938.958
A23: BRN | B23: Brunei | C23: 302_Brunei_country | D23: Southeastern Asia | E23: South and East Asia | F23: South-East Asia and developing Pacific | G23: 5777.4914 | H23: 115.2332 | I23: 5892.7246 | J23: 439894 | K23: 2.9460643 | L23: 2.9460643 | M23: 2.9460643 | N23: 2.9460643 | O23: 2.9460643 | P23: 2.9460643 | Q23: 3.3669306 | R23: 3.7877969 | S23: 4.2086632 | T23: 8.4173264 | U23: 14.309455 | V23: 15.99292 | W23: 18.518118 | X23: 19.359851 | Y23: 35.352771 | Z23: 60.60475 | AA23: 73.23074 | AB23: 79.964601 | AC23: 82.910665 | AD23: 83.331532 | AE23: 85.014997 | AF23: 85.014997 | AG23: 86.277596 | AH23: 86.277596 | AI23: 86.277596 | AJ23: 86.698462 | AK23: 86.698462 | AL23: 86.698462 | AM23: 86.698462 | AN23: 87.119329 | AO23: 90.065393 | AP23: 90.065393 | AQ23: 92.590591 | AR23: 95.957521 | AS23: 100.58705 | AT23: =Sheet1!$AT23*_xlfn.XLOOKUP($A23,'[1]SSP4-change-rate'!$B$2:$B$147,'[1]SSP4-change-rate'!C$2:C$147) -> 107.50896 | AU23: =Sheet1!$AT23*_xlfn.XLOOKUP($A23,'[1]SSP4-change-rate'!$B$2:$B$147,'[1]SSP4-change-rate'!D$2:D$147) -> 105.87577 | AV23: =Sheet1!$AT23*_xlfn.XLOOKUP($A23,'[1]SSP4-change-rate'!$B$2:$B$147,'[1]SSP4-change-rate'!E$2:E$147) -> 103.72086 | AW23: =Sheet1!$AT23*_xlfn.XLOOKUP($A23,'[1]SSP4-change-rate'!$B$2:$B$147,'[1]SSP4-change-rate'!F$2:F$147) -> 98.861499 | AX23: =Sheet1!$AT23*_xlfn.XLOOKUP($A23,'[1]SSP4-change-rate'!$B$2:$B$147,'[1]SSP4-change-rate'!G$2:G$147) -> 94.346352 | AY23: =Sheet1!$AT23*_xlfn.XLOOKUP($A23,'[1]SSP4-change-rate'!$B$2:$B$147,'[1]SSP4-change-rate'!H$2:H$147) -> 89.269749
A24: BWA | B24: Botswana | C24: 71_Botswana_country | D24: Rest of Southern Africa | E24: Africa | F24: Africa | G24: 577870.82 | H24: 548.48246 | I24: 578419.31 | J24: 2523551 | K24: 10.194841 | L24: 10.194841 | M24: 10.194841 | N24: 10.194841 | O24: 10.194841 | P24: 10.194841 | Q24: 10.194841 | R24: 10.194841 | S24: 10.194841 | T24: 10.194841 | U24: 18.350714 | V24: 30.584524 | W24: 81.558729 | X24: 85.636666 | Y24: 108.06532 | Z24: 148.84468 | AA24: 175.35127 | AB24: 185.54611 | AC24: 193.70198 | AD24: 197.77992 | AE24: 212.0527 | AF24: 238.55928 | AG24: 256.91 | AH24: 275.26071 | AI24: 287.49452 | AJ24: 299.72833 | AK24: 303.80627 | AL24: 303.80627 | AM24: 309.92317 | AN24: 311.96214 | AO24: 330.31285 | AP24: 340.5077 | AQ24: 393.52087 | AR24: 481.1965 | AS24: 507.70309 | AT24: =Sheet1!$AT24*_xlfn.XLOOKUP($A24,'[1]SSP4-change-rate'!$B$2:$B$147,'[1]SSP4-change-rate'!C$2:C$147) -> 529.5362 | AU24: =Sheet1!$AT24*_xlfn.XLOOKUP($A24,'[1]SSP4-change-rate'!$B$2:$B$147,'[1]SSP4-change-rate'!D$2:D$147) -> 522.03412 | AV24: =Sheet1!$AT24*_xlfn.XLOOKUP($A24,'[1]SSP4-change-rate'!$B$2:$B$147,'[1]SSP4-change-rate'!E$2:E$147) -> 517.72264 | AW24: =Sheet1!$AT24*_xlfn.XLOOKUP($A24,'[1]SSP4-change-rate'!$B$2:$B$147,'[1]SSP4-change-rate'!F$2:F$147) -> 497.27427 | AX24: =Sheet1!$AT24*_xlfn.XLOOKUP($A24,'[1]SSP4-change-rate'!$B$2:$B$147,'[1]SSP4-change-rate'!G$2:G$147) -> 475.22255 | AY24: =Sheet1!$AT24*_xlfn.XLOOKUP($A24,'[1]SSP4-change-rate'!$B$2:$B$147,'[1]SSP4-change-rate'!H$2:H$147) -> 449.34944
A25: CAF | B25: Central African Republic | C25: 76_Central African Republic_country | D25: Western Africa | E25: Africa | F25: Africa | G25: 620199.67 | H25: 204.63717 | I25: 620404.31 | J25: 5352088 | K25: 59.192569 | L25: 59.192569 | M25: 59.192569 | N25: 59.192569 | O25: 59.192569 | P25: 59.192569 | Q25: 59.192569 | R25: 59.192569 | S25: 76.104732 | T25: 84.560813 | U25: 101.47298 | V25: 109.92906 | W25: 109.92906 | X25: 109.92906 | Y25: 118.38514 | Z25: 126.84122 | AA25: 126.84122 | AB25: 126.84122 | AC25: 135.2973 | AD25: 135.2973 | AE25: 135.2973 | AF25: 135.2973 | AG25: 135.2973 | AH25: 135.2973 | AI25: 135.2973 | AJ25: 135.2973 | AK25: 135.2973 | AL25: 135.2973 | AM25: 135.2973 | AN25: 152.20946 | AO25: 152.20946 | AP25: 160.66555 | AQ25: 160.66555 | AR25: 194.48987 | AS25: 194.48987 | AT25: =Sheet1!$AT25*_xlfn.XLOOKUP($A25,'[1]SSP4-change-rate'!$B$2:$B$147,'[1]SSP4-change-rate'!C$2:C$147) -> 194.48987 | AU25: =Sheet1!$AT25*_xlfn.XLOOKUP($A25,'[1]SSP4-change-rate'!$B$2:$B$147,'[1]SSP4-change-rate'!D$2:D$147) -> 203.75129 | AV25: =Sheet1!$AT25*_xlfn.XLOOKUP($A25,'[1]SSP4-change-rate'!$B$2:$B$147,'[1]SSP4-change-rate'!E$2:E$147) -> 202.94595 | AW25: =Sheet1!$AT25*_xlfn.XLOOKUP($A25,'[1]SSP4-change-rate'!$B$2:$B$147,'[1]SSP4-change-rate'!F$2:F$147) -> 201.97025 | AX25: =Sheet1!$AT25*_xlfn.XLOOKUP($A25,'[1]SSP4-change-rate'!$B$2:$B$147,'[1]SSP4-change-rate'!G$2:G$147) -> 208.382 | AY25: =Sheet1!$AT25*_xlfn.XLOOKUP($A25,'[1]SSP4-change-rate'!$B$2:$B$147,'[1]SSP4-change-rate'!H$2:H$147) -> 207.0376
A26: CAN | B26: Canada | C26: 182_Canada_country | D26: Canada | E26: North-America | F26: North America | G26: 9955196.2 | H26: 47487.542 | I26: 10002684 | J26: 37758236 | K26: 1826.9026 | L26: 2356.9197 | M26: 3034.3478 | N26: 3522.9572 | O26: 4796.6545 | P26: 6080.2896 | Q26: 7486.4912 | R26: 8539.9001 | S26: 10393.304 | T26: 14595.345 | U26: 19585.787 | V26: 22485.974 | W26: 26106.654 | X26: 27552.606 | Y26: 30235.818 | Z26: 32215.1 | AA26: 32769.962 | AB26: 32996.876 | AC26: 33250.29 | AD26: 33558.362 | AE26: 33685.898 | AF26: 33882.998 | AG26: 34050.284 | AH26: 34167.882 | AI26: 34277.198 | AJ26: 34472.642 | AK26: 34692.93 | AL26: 35085.474 | AM26: 35741.37 | AN26: 36236.605 | AO26: 36720.245 | AP26: 37145.915 | AQ26: 38626.651 | AR26: 41129.325 | AS26: 44463.464 | AT26: =Sheet1!$AT26*_xlfn.XLOOKUP($A26,'[1]SSP4-change-rate'!$B$2:$B$147,'[1]SSP4-change-rate'!C$2:C$147) -> 46021.872 | AU26: =Sheet1!$AT26*_xlfn.XLOOKUP($A26,'[1]SSP4-change-rate'!$B$2:$B$147,'[1]SSP4-change-rate'!D$2:D$147) -> 45791.381 | AV26: =Sheet1!$AT26*_xlfn.XLOOKUP($A26,'[1]SSP4-change-rate'!$B$2:$B$147,'[1]SSP4-change-rate'!E$2:E$147) -> 45478.86 | AW26: =Sheet1!$AT26*_xlfn.XLOOKUP($A26,'[1]SSP4-change-rate'!$B$2:$B$147,'[1]SSP4-change-rate'!F$2:F$147) -> 44832.028 | AX26: =Sheet1!$AT26*_xlfn.XLOOKUP($A26,'[1]SSP4-change-rate'!$B$2:$B$147,'[1]SSP4-change-rate'!G$2:G$147) -> 43946.094 | AY26: =Sheet1!$AT26*_xlfn.XLOOKUP($A26,'[1]SSP4-change-rate'!$B$2:$B$147,'[1]SSP4-change-rate'!H$2:H$147) -> 42917.539
A27: CHE | B27: Switzerland | C27: 145_Switzerland_country | D27: Western Europe | E27: Europe | F27: Europe | G27: 41235.436 | H27: 8253.9036 | I27: 49489.34 | J27: 8606426 | K27: 489.28749 | L27: 533.1979 | M27: 572.92638 | N27: 687.92985 | O27: 834.2979 | P27: 874.02637 | Q27: 934.66456 | R27: 1003.6666 | S27: 1141.6708 | T27: 1423.9521 | U27: 1875.602 | V27: 1942.5131 | W27: 2676.4444 | X27: 2707.809 | Y27: 2952.4527 | Z27: 3201.2784 | AA27: 3389.4659 | AB27: 3475.1958 | AC27: 3533.743 | AD27: 4058.577 | AE27: 4121.3062 | AF27: 4192.3992 | AG27: 4303.2207 | AH27: 4409.8603 | AI27: 4441.2249 | AJ27: 4520.6818 | AK27: 4696.3235 | AL27: 4792.5082 | AM27: 4984.8777 | AN27: 5099.8811 | AO27: 5712.536 | AP27: 6047.0915 | AQ27: 6377.4651 | AR27: 7071.6679 | AS27: 7872.5102 | AT27: =Sheet1!$AT27*_xlfn.XLOOKUP($A27,'[1]SSP4-change-rate'!$B$2:$B$147,'[1]SSP4-change-rate'!C$2:C$147) -> 8113.0033 | AU27: =Sheet1!$AT27*_xlfn.XLOOKUP($A27,'[1]SSP4-change-rate'!$B$2:$B$147,'[1]SSP4-change-rate'!D$2:D$147) -> 8099.5945 | AV27: =Sheet1!$AT27*_xlfn.XLOOKUP($A27,'[1]SSP4-change-rate'!$B$2:$B$147,'[1]SSP4-change-rate'!E$2:E$147) -> 8077.1772 | AW27: =Sheet1!$AT27*_xlfn.XLOOKUP($A27,'[1]SSP4-change-rate'!$B$2:$B$147,'[1]SSP4-change-rate'!F$2:F$147) -> 8032.2937 | AX27: =Sheet1!$AT27*_xlfn.XLOOKUP($A27,'[1]SSP4-change-rate'!$B$2:$B$147,'[1]SSP4-change-rate'!G$2:G$147) -> 7971.0006 | AY27: =Sheet1!$AT27*_xlfn.XLOOKUP($A27,'[1]SSP4-change-rate'!$B$2:$B$147,'[1]SSP4-change-rate'!H$2:H$147) -> 7895.8002
A28: CHL | B28: Chile | C28: 47_Chile_country | D28: Rest of South America | E28: Central and South America | F28: Latin America and Caribbean | G28: 752545.1 | H28: 8755.98 | I28: 761301.08 | J28: 19206692 | K28: 172.73357 | L28: 211.88652 | M28: 255.64569 | N28: 317.82977 | O28: 423.77303 | P28: 481.35089 | Q28: 555.05055 | R28: 677.11561 | S28: 852.15229 | T28: 1197.6194 | U28: 1706.6077 | V28: 2204.0804 | W28: 2719.978 | X28: 2878.8929 | Y28: 3615.8895 | Z28: 4078.8154 | AA28: 4246.9428 | AB28: 4302.2175 | AC28: 4396.6452 | AD28: 4525.6196 | AE28: 4739.8092 | AF28: 4901.0272 | AG28: 5006.9705 | AH28: 5103.7013 | AI28: 5156.6729 | AJ28: 5237.2819 | AK28: 5327.1034 | AL28: 5423.8342 | AM28: 5654.1456 | AN28: 5843.001 | AO28: 6047.9782 | AP28: 6483.2668 | AQ28: 7229.4758 | AR28: 7786.8295 | AS28: 8288.9084 | AT28: =Sheet1!$AT28*_xlfn.XLOOKUP($A28,'[1]SSP4-change-rate'!$B$2:$B$147,'[1]SSP4-change-rate'!C$2:C$147) -> 8540.0437 | AU28: =Sheet1!$AT28*_xlfn.XLOOKUP($A28,'[1]SSP4-change-rate'!$B$2:$B$147,'[1]SSP4-change-rate'!D$2:D$147) -> 8500.7891 | AV28: =Sheet1!$AT28*_xlfn.XLOOKUP($A28,'[1]SSP4-change-rate'!$B$2:$B$147,'[1]SSP4-change-rate'!E$2:E$147) -> 8438.3234 | AW28: =Sheet1!$AT28*_xlfn.XLOOKUP($A28,'[1]SSP4-change-rate'!$B$2:$B$147,'[1]SSP4-change-rate'!F$2:F$147) -> 8292.5733 | AX28: =Sheet1!$AT28*_xlfn.XLOOKUP($A28,'[1]SSP4-change-rate'!$B$2:$B$147,'[1]SSP4-change-rate'!G$2:G$147) -> 8111.4224 | AY28: =Sheet1!$AT28*_xlfn.XLOOKUP($A28,'[1]SSP4-change-rate'!$B$2:$B$147,'[1]SSP4-change-rate'!H$2:H$147) -> 7901.5796
A29: CHN | B29: China | C29: 184_China_country | D29: China region | E29: South and East Asia | F29: Eastern Asia | G29: 9349155.5 | H29: 382823.89 | I29: 9731979.4 | J29: 1423998017 | K29: 6225.7581 | L29: 6391.153 | M29: 7000.8922 | N29: 8659.7778 | O29: 15490.338 | P29: 17450.39 | Q29: 17820.677 | R29: 17971.261 | S29: 18144.061 | T29: 19595.586 | U29: 22140.692 | V29: 24569.774 | W29: 34663.797 | X29: 37364.423 | Y29: 44575.145 | Z29: 53049.779 | AA29: 61507.133 | AB29: 66049.32 | AC29: 70221.22 | AD29: 76686.43 | AE29: 81248.365 | AF29: 87123.585 | AG29: 94205.94 | AH29: 104628.28 | AI29: 116716.92 | AJ29: 127203.45 | AK29: 137939.3 | AL29: 150176.05 | AM29: 167826.39 | AN29: 178683.21 | AO29: 197005.01 | AP29: 224823.43 | AQ29: 252730.73 | AR29: 282225.32 | AS29: 323174.12 | AT29: =Sheet1!$AT29*_xlfn.XLOOKUP($A29,'[1]SSP4-change-rate'!$B$2:$B$147,'[1]SSP4-change-rate'!C$2:C$147) -> 353050.44 | AU29: =Sheet1!$AT29*_xlfn.XLOOKUP($A29,'[1]SSP4-change-rate'!$B$2:$B$147,'[1]SSP4-change-rate'!D$2:D$147) -> 349710.62 | AV29: =Sheet1!$AT29*_xlfn.XLOOKUP($A29,'[1]SSP4-change-rate'!$B$2:$B$147,'[1]SSP4-change-rate'!E$2:E$147) -> 345680.42 | AW29: =Sheet1!$AT29*_xlfn.XLOOKUP($A29,'[1]SSP4-change-rate'!$B$2:$B$147,'[1]SSP4-change-rate'!F$2:F$147) -> 336048.71 | AX29: =Sheet1!$AT29*_xlfn.XLOOKUP($A29,'[1]SSP4-change-rate'!$B$2:$B$147,'[1]SSP4-change-rate'!G$2:G$147) -> 325484.83 | AY29: =Sheet1!$AT29*_xlfn.XLOOKUP($A29,'[1]SSP4-change-rate'!$B$2:$B$147,'[1]SSP4-change-rate'!H$2:H$147) -> 314488.18
A30: CIV | B30: ivory coast | C30: 88_Côte d'Ivoire_country | D30: Western Africa | E30: Africa | F30: Africa | G30: 321543.25 | H30: 2466.7868 | I30: 324010.03 | J30: 26477572 | K30: 55.867993 | L30: 60.165531 | M30: 64.463069 | N30: 73.058145 | O30: 81.65322 | P30: 85.950758 | Q30: 90.248296 | R30: 98.843372 | S30: 116.03352 | T30: 189.09167 | U30: 352.39811 | V30: 541.48978 | W30: 666.11838 | X30: 734.87898 | Y30: 945.45834 | Z30: 1027.1116 | AA30: 1074.3845 | AB30: 1113.0623 | AC30: 1143.1451 | AD30: 1216.2032 | AE30: 1246.286 | AF30: 1272.0712 | AG30: 1272.0712 | AH30: 1293.5589 | AI30: 1336.5343 | AJ30: 1353.7244 | AK30: 1405.2949 | AL30: 1422.485 | AM30: 1491.2457 | AN30: 1525.626 | AO30: 1594.3866 | AP30: 1637.3619 | AQ30: 1792.0733 | AR30: 2024.1404 | AS30: 2393.7286 | AT30: =Sheet1!$AT30*_xlfn.XLOOKUP($A30,'[1]SSP4-change-rate'!$B$2:$B$147,'[1]SSP4-change-rate'!C$2:C$147) -> 2421.7572 | AU30: =Sheet1!$AT30*_xlfn.XLOOKUP($A30,'[1]SSP4-change-rate'!$B$2:$B$147,'[1]SSP4-change-rate'!D$2:D$147) -> 2445.7533 | AV30: =Sheet1!$AT30*_xlfn.XLOOKUP($A30,'[1]SSP4-change-rate'!$B$2:$B$147,'[1]SSP4-change-rate'!E$2:E$147) -> 2481.5355 | AW30: =Sheet1!$AT30*_xlfn.XLOOKUP($A30,'[1]SSP4-change-rate'!$B$2:$B$147,'[1]SSP4-change-rate'!F$2:F$147) -> 2536.4749 | AX30: =Sheet1!$AT30*_xlfn.XLOOKUP($A30,'[1]SSP4-change-rate'!$B$2:$B$147,'[1]SSP4-change-rate'!G$2:G$147) -> 2545.1603 | AY30: =Sheet1!$AT30*_xlfn.XLOOKUP($A30,'[1]SSP4-change-rate'!$B$2:$B$147,'[1]SSP4-change-rate'!H$2:H$147) -> 2396.3365
A31: CMR | B31: Cameroon | C31: 74_Cameroon_country | D31: Western Africa | E31: Africa | F31: Africa | G31: 466040.04 | H31: 2406.1205 | I31: 468446.16 | J31: 26137122 | K31: 109.61825 | L31: 109.61825 | M31: 109.61825 | N31: 118.7531 | O31: 118.7531 | P31: 118.7531 | Q31: 118.7531 | R31: 118.7531 | S31: 127.88796 | T31: 155.29252 | U31: 228.37135 | V31: 383.66387 | W31: 557.2261 | X31: 648.57464 | Y31: 730.78832 | Z31: 858.67628 | AA31: 950.02482 | AB31: 950.02482 | AC31: 968.29453 | AD31: 986.56423 | AE31: 1004.8339 | AF31: 1013.9688 | AG31: 1023.1037 | AH31: 1032.2385 | AI31: 1032.2385 | AJ31: 1050.5082 | AK31: 1068.7779 | AL31: 1087.0476 | AM31: 1388.4978 | AN31: 1415.9024 | AO31: 1507.2509 | AP31: 1963.9936 | AQ31: 2082.7467 | AR31: 2320.2529 | AS31: 2384.1969 | AT31: =Sheet1!$AT31*_xlfn.XLOOKUP($A31,'[1]SSP4-change-rate'!$B$2:$B$147,'[1]SSP4-change-rate'!C$2:C$147) -> 2318.6036 | AU31: =Sheet1!$AT31*_xlfn.XLOOKUP($A31,'[1]SSP4-change-rate'!$B$2:$B$147,'[1]SSP4-change-rate'!D$2:D$147) -> 2319.0349 | AV31: =Sheet1!$AT31*_xlfn.XLOOKUP($A31,'[1]SSP4-change-rate'!$B$2:$B$147,'[1]SSP4-change-rate'!E$2:E$147) -> 2319.6414 | AW31: =Sheet1!$AT31*_xlfn.XLOOKUP($A31,'[1]SSP4-change-rate'!$B$2:$B$147,'[1]SSP4-change-rate'!F$2:F$147) -> 2260.8764 | AX31: =Sheet1!$AT31*_xlfn.XLOOKUP($A31,'[1]SSP4-change-rate'!$B$2:$B$147,'[1]SSP4-change-rate'!G$2:G$147) -> 2088.6608 | AY31: =Sheet1!$AT31*_xlfn.XLOOKUP($A31,'[1]SSP4-change-rate'!$B$2:$B$147,'[1]SSP4-change-rate'!H$2:H$147) -> 1639.0149
A32: COD | B32: congo democratic republic | C32: 79_Democratic Republic of the Congo_country | D32: Western Africa | E32: Africa | F32: Africa | G32: 2328869.3 | H32: 4142.8262 | I32: 2333012.1 | K32: 214.77117 | L32: 218.63495 | M32: 223.23393 | N32: 230.87277 | O32: 240.64861 | P32: 245.89315 | Q32: 254.13045 | R32: 265.2817 | S32: 306.14623 | T32: 368.46732 | U32: 509.3477 | V32: 690.12311 | W32: 921.91329 | X32: 999.0695 | Y32: 1153.9094 | Z32: 1321.4637 | AA32: 1444.8511 | AB32: 1476.8494 | AC32: 1543.5192 | AD32: 1610.7965 | AE32: 1659.5916 | AF32: 1722.5902 | AG32: 1776.9357 | AH32: 1818.8534 | AI32: 1864.83 | AJ32: 1931.7734 | AK32: 2006.3245 | AL32: 2102.947 | AM32: 2269.2456 | AN32: 2399.9442 | AO32: 2542.6485 | AP32: 2774.6234 | AQ32: 3117.8107 | AR32: 3501.1324 | AS32: 3816.8511 | AT32: 4062.5124 | AU32: 4073.5789 | AV32: 4083.8584 | AW32: 4008.6858 | AX32: 3629.4588 | AY32: 2739.6141
A33: COG | B33: Congo Brazzaville | C33: 78_Republic of the Congo_country | D33: Western Africa | E33: Africa | F33: Africa | G33: 341732.67 | H33: 429.13948 | I33: 342161.81 | J33: 5272024 | K33: 16.117915 | L33: 16.117915 | M33: 16.117915 | N33: 16.117915 | O33: 16.117915 | P33: 16.117915 | Q33: 16.117915 | R33: 16.117915 | S33: 18.132654 | T33: 22.162133 | U33: 34.250569 | V33: 54.397963 | W33: 78.574835 | X33: 80.589574 | Y33: 84.619053 | Z33: 86.633793 | AA33: 88.648532 | AB33: 90.663271 | AC33: 90.663271 | AD33: 90.663271 | AE33: 90.663271 | AF33: 94.69275 | AG33: 110.81066 | AH33: 110.81066 | AI33: 114.84014 | AJ33: 114.84014 | AK33: 132.9728 | AL33: 137.00228 | AM33: 147.07597 | AN33: 153.12019 | AO33: 173.26759 | AP33: 211.54763 | AQ33: 284.07825 | AR33: 332.43199 | AS33: 413.02157 | AT33: =Sheet1!$AT33*_xlfn.XLOOKUP($A33,'[1]SSP4-change-rate'!$B$2:$B$147,'[1]SSP4-change-rate'!C$2:C$147) -> 410.67486 | AU33: =Sheet1!$AT33*_xlfn.XLOOKUP($A33,'[1]SSP4-change-rate'!$B$2:$B$147,'[1]SSP4-change-rate'!D$2:D$147) -> 404.09137 | AV33: =Sheet1!$AT33*_xlfn.XLOOKUP($A33,'[1]SSP4-change-rate'!$B$2:$B$147,'[1]SSP4-change-rate'!E$2:E$147) -> 396.24912 | AW33: =Sheet1!$AT33*_xlfn.XLOOKUP($A33,'[1]SSP4-change-rate'!$B$2:$B$147,'[1]SSP4-change-rate'!F$2:F$147) -> 369.63695 | AX33: =Sheet1!$AT33*_xlfn.XLOOKUP($A33,'[1]SSP4-change-rate'!$B$2:$B$147,'[1]SSP4-change-rate'!G$2:G$147) -> 311.97654 | AY33: =Sheet1!$AT33*_xlfn.XLOOKUP($A33,'[1]SSP4-change-rate'!$B$2:$B$147,'[1]SSP4-change-rate'!H$2:H$147) -> 220.27817
A34: COL | B34: Colombia | C34: 45_Colombia_country | D34: Rest of South America | E34: Central and South America | F34: Latin America and Caribbean | G34: 1137241.3 | H34: 7273.2353 | I34: 1144514.5 | J34: 50617026 | K34: 94.632248 | L34: 114.55483 | M34: 134.4774 | N34: 161.87095 | O34: 199.22578 | P34: 261.48384 | Q34: 343.66448 | R34: 415.88382 | S34: 565.30316 | T34: 916.43861 | U34: 1486.7224 | V34: 2154.1288 | W34: 2968.4642 | X34: 3152.748 | Y34: 3879.9221 | Z34: 4335.6511 | AA34: 4430.2834 | AB34: 4477.5995 | AC34: 4509.9737 | AD34: 4592.1543 | AE34: 4664.3737 | AF34: 4679.3156 | AG34: 4696.7479 | AH34: 4709.1995 | AI34: 4726.6317 | AJ34: 4751.535 | AK34: 4778.9285 | AL34: 4791.3801 | AM34: 4935.8188 | AN34: 5035.4317 | AO34: 5187.3414 | AP34: 5471.2381 | AQ34: 5971.7929 | AR34: 6390.167 | AS34: 6671.5735 | AT34: =Sheet1!$AT34*_xlfn.XLOOKUP($A34,'[1]SSP4-change-rate'!$B$2:$B$147,'[1]SSP4-change-rate'!C$2:C$147) -> 7009.1365 | AU34: =Sheet1!$AT34*_xlfn.XLOOKUP($A34,'[1]SSP4-change-rate'!$B$2:$B$147,'[1]SSP4-change-rate'!D$2:D$147) -> 6965.5606 | AV34: =Sheet1!$AT34*_xlfn.XLOOKUP($A34,'[1]SSP4-change-rate'!$B$2:$B$147,'[1]SSP4-change-rate'!E$2:E$147) -> 6908.5909 | AW34: =Sheet1!$AT34*_xlfn.XLOOKUP($A34,'[1]SSP4-change-rate'!$B$2:$B$147,'[1]SSP4-change-rate'!F$2:F$147) -> 6764.0187 | AX34: =Sheet1!$AT34*_xlfn.XLOOKUP($A34,'[1]SSP4-change-rate'!$B$2:$B$147,'[1]SSP4-change-rate'!G$2:G$147) -> 6545.357 | AY34: =Sheet1!$AT34*_xlfn.XLOOKUP($A34,'[1]SSP4-change-rate'!$B$2:$B$147,'[1]SSP4-change-rate'!H$2:H$147) -> 6200.0927
A35: CRI | B35: Costa Rica | C35: 32_Costa Rica_country | D35: Central America | E35: Central and South America | F35: Latin America and Caribbean | G35: 51177.91 | H35: 1998.3282 | I35: 53176.239 | J35: 5105361 | K35: 48.771433 | L35: 52.022861 | M35: 58.525719 | N35: 68.280006 | O35: 84.53715 | P35: 97.542865 | Q35: 104.04572 | R35: 130.05715 | S35: 185.33144 | T35: 260.11431 | U35: 409.68003 | V35: 601.51434 | W35: 952.66865 | X35: 1024.2001 | Y35: 1128.2458 | Z35: 1199.7772 | AA35: 1212.783 | AB35: 1219.2858 | AC35: 1225.7887 | AD35: 1248.5487 | AE35: 1268.0572 | AF35: 1303.823 | AG35: 1307.0744 | AH35: 1316.8287 | AI35: 1316.8287 | AJ35: 1316.8287 | AK35: 1323.3315 | AL35: 1326.583 | AM35: 1385.1087 | AN35: 1391.6115 | AO35: 1459.8916 | AP35: 1518.4173 | AQ35: 1680.9887 | AR35: 1723.2573 | AS35: 1798.0402 | AT35: =Sheet1!$AT35*_xlfn.XLOOKUP($A35,'[1]SSP4-change-rate'!$B$2:$B$147,'[1]SSP4-change-rate'!C$2:C$147) -> 1924.3965 | AU35: =Sheet1!$AT35*_xlfn.XLOOKUP($A35,'[1]SSP4-change-rate'!$B$2:$B$147,'[1]SSP4-change-rate'!D$2:D$147) -> 1910.3758 | AV35: =Sheet1!$AT35*_xlfn.XLOOKUP($A35,'[1]SSP4-change-rate'!$B$2:$B$147,'[1]SSP4-change-rate'!E$2:E$147) -> 1894.7392 | AW35: =Sheet1!$AT35*_xlfn.XLOOKUP($A35,'[1]SSP4-change-rate'!$B$2:$B$147,'[1]SSP4-change-rate'!F$2:F$147) -> 1857.3697 | AX35: =Sheet1!$AT35*_xlfn.XLOOKUP($A35,'[1]SSP4-change-rate'!$B$2:$B$147,'[1]SSP4-change-rate'!G$2:G$147) -> 1810.1093 | AY35: =Sheet1!$AT35*_xlfn.XLOOKUP($A35,'[1]SSP4-change-rate'!$B$2:$B$147,'[1]SSP4-change-rate'!H$2:H$147) -> 1746.9156
A36: CUB | B36: Cuba | C36: 33_Cuba_country | D36: Central America | E36: Central and South America | F36: Latin America and Caribbean | G36: 110730.65 | H36: 2365.6029 | I36: 113096.26 | K36: 90.481966 | L36: 98.914939 | M36: 112.6461 | N36: 129.59546 | O36: 152.26855 | P36: 174.27715 | Q36: 195.11341 | R36: 219.9606 | S36: 259.30493 | T36: 339.47062 | U36: 464.69831 | V36: 597.51862 | W36: 761.48584 | X36: 817.13696 | Y36: 979.59467 | Z36: 1091.9899 | AA36: 1167.973 | AB36: 1197.9814 | AC36: 1223.9421 | AD36: 1268.5659 | AE36: 1312.9922 | AF36: 1345.0307 | AG36: 1356.6278 | AH36: 1375.4885 | AI36: 1391.4001 | AJ36: 1414.246 | AK36: 1430.3888 | AL36: 1454.5174 | AM36: 1508.0469 | AN36: 1551.7184 | AO36: 1621.3448 | AP36: 1760.3146 | AQ36: 1953.9684 | AR36: 2110.635 | AS36: 2219.3845 | AT36: 2322.844 | AU36: 2317.892 | AV36: 2308.5207 | AW36: 2275.8368 | AX36: 2215.8485 | AY36: 2151.8901
A37: CYP | B37: Cyprus | C37: 120_Cyprus_country | D37: Central Europe | E37: Europe | F37: Europe | G37: 5719.8196 | H37: 492.87656 | I37: 6212.6962 | J37: 1233777 | K37: 13.798336 | L37: 16.558003 | M37: 20.237559 | N37: 24.837005 | O37: 34.035895 | P37: 38.635341 | Q37: 43.234786 | R37: 47.834231 | S37: 61.632567 | T37: 69.911569 | U37: 80.950238 | V37: 104.86735 | W37: 120.50547 | X37: 159.14081 | Y37: 183.97781 | Z37: 214.33415 | AA37: 222.61315 | AB37: 223.53304 | AC37: 225.37282 | AD37: 229.97227 | AE37: 229.97227 | AF37: 237.33138 | AG37: 243.7706 | AH37: 260.32861 | AI37: 267.68772 | AJ37: 275.04683 | AK37: 284.24572 | AL37: 295.28439 | AM37: 325.64073 | AN37: 349.55784 | AO37: 358.75674 | AP37: 421.30919 | AQ37: 463.62409 | AR37: 496.7401 | AS37: 514.21799 | AT37: =Sheet1!$AT37*_xlfn.XLOOKUP($A37,'[1]SSP4-change-rate'!$B$2:$B$147,'[1]SSP4-change-rate'!C$2:C$147) -> 473.74287 | AU37: =Sheet1!$AT37*_xlfn.XLOOKUP($A37,'[1]SSP4-change-rate'!$B$2:$B$147,'[1]SSP4-change-rate'!D$2:D$147) -> 472.54956 | AV37: =Sheet1!$AT37*_xlfn.XLOOKUP($A37,'[1]SSP4-change-rate'!$B$2:$B$147,'[1]SSP4-change-rate'!E$2:E$147) -> 470.41446 | AW37: =Sheet1!$AT37*_xlfn.XLOOKUP($A37,'[1]SSP4-change-rate'!$B$2:$B$147,'[1]SSP4-change-rate'!F$2:F$147) -> 464.24902 | AX37: =Sheet1!$AT37*_xlfn.XLOOKUP($A37,'[1]SSP4-change-rate'!$B$2:$B$147,'[1]SSP4-change-rate'!G$2:G$147) -> 452.28136 | AY37: =Sheet1!$AT37*_xlfn.XLOOKUP($A37,'[1]SSP4-change-rate'!$B$2:$B$147,'[1]SSP4-change-rate'!H$2:H$147) -> 439.85663
A38: CZE | B38: czech-republic | C38: 121_Czechia_country | D38: Central Europe | E38: Europe | F38: Europe | G38: 78837.644 | H38: 10683.085 | I38: 89520.73 | J38: 10537908 | K38: 885.88239 | L38: 1060.8715 | M38: 1240.2353 | N38: 1585.8389 | O38: 2325.1679 | P38: 2441.0981 | Q38: 2707.9565 | R38: 2707.9565 | S38: 2707.9565 | T38: 2952.9413 | U38: 3307.2943 | V38: 3967.8782 | W38: 4145.0547 | X38: 4155.9915 | Y38: 4556.2791 | Z38: 5319.6691 | AA38: 5676.2094 | AB38: 5868.6974 | AC38: 6061.1855 | AD38: 6233.9872 | AE38: 6332.4186 | AF38: 6441.7868 | AG38: 6538.0308 | AH38: 6592.7149 | AI38: 6632.0874 | AJ38: 6697.7084 | AK38: 6758.9546 | AL38: 6863.948 | AM38: 7078.3097 | AN38: 7231.4252 | AO38: 7649.2117 | AP38: 8108.5581 | AQ38: 8979.1289 | AR38: 9685.6475 | AS38: 10269.674 | AT38: =Sheet1!$AT38*_xlfn.XLOOKUP($A38,'[1]SSP4-change-rate'!$B$2:$B$147,'[1]SSP4-change-rate'!C$2:C$147) -> 10493.248 | AU38: =Sheet1!$AT38*_xlfn.XLOOKUP($A38,'[1]SSP4-change-rate'!$B$2:$B$147,'[1]SSP4-change-rate'!D$2:D$147) -> 10462.655 | AV38: =Sheet1!$AT38*_xlfn.XLOOKUP($A38,'[1]SSP4-change-rate'!$B$2:$B$147,'[1]SSP4-change-rate'!E$2:E$147) -> 10422.338 | AW38: =Sheet1!$AT38*_xlfn.XLOOKUP($A38,'[1]SSP4-change-rate'!$B$2:$B$147,'[1]SSP4-change-rate'!F$2:F$147) -> 10327.024 | AX38: =Sheet1!$AT38*_xlfn.XLOOKUP($A38,'[1]SSP4-change-rate'!$B$2:$B$147,'[1]SSP4-change-rate'!G$2:G$147) -> 10193.683 | AY38: =Sheet1!$AT38*_xlfn.XLOOKUP($A38,'[1]SSP4-change-rate'!$B$2:$B$147,'[1]SSP4-change-rate'!H$2:H$147) -> 10032.495
A39: DEU | B39: Germany | C39: 347_Germany_country | D39: Western Europe | E39: Europe | F39: Europe | G39: 357823.91 | H39: 65554.872 | I39: 423378.78 | J39: 83267652 | K39: 5237.4737 | L39: 6861.8271 | M39: 9013.4169 | N39: 12574.201 | O39: 18086.923 | P39: 18086.923 | Q39: 19565.899 | R39: 21283.294 | S39: 21327.877 | T39: 23754.715 | U39: 26261.026 | V39: 27197.259 | W39: 28443.63 | X39: 28860.379 | Y39: 31577.973 | Z39: 35266.69 | AA39: 37519.075 | AB39: 38610.377 | AC39: 39558.239 | AD39: 40548.746 | AE39: 41238.805 | AF39: 41645.863 | AG39: 41957.94 | AH39: 42271.956 | AI39: 42446.409 | AJ39: 42710.028 | AK39: 43049.242 | AL39: 43717.98 | AM39: 44640.643 | AN39: 45739.699 | AO39: 48079.31 | AP39: 50756.198 | AQ39: 55712.608 | AR39: 60260.023 | AS39: 64146.453 | AT39: =Sheet1!$AT39*_xlfn.XLOOKUP($A39,'[1]SSP4-change-rate'!$B$2:$B$147,'[1]SSP4-change-rate'!C$2:C$147) -> 65058.149 | AU39: =Sheet1!$AT39*_xlfn.XLOOKUP($A39,'[1]SSP4-change-rate'!$B$2:$B$147,'[1]SSP4-change-rate'!D$2:D$147) -> 64948.979 | AV39: =Sheet1!$AT39*_xlfn.XLOOKUP($A39,'[1]SSP4-change-rate'!$B$2:$B$147,'[1]SSP4-change-rate'!E$2:E$147) -> 64790.951 | AW39: =Sheet1!$AT39*_xlfn.XLOOKUP($A39,'[1]SSP4-change-rate'!$B$2:$B$147,'[1]SSP4-change-rate'!F$2:F$147) -> 64448.437 | AX39: =Sheet1!$AT39*_xlfn.XLOOKUP($A39,'[1]SSP4-change-rate'!$B$2:$B$147,'[1]SSP4-change-rate'!G$2:G$147) -> 64001.487 | AY39: =Sheet1!$AT39*_xlfn.XLOOKUP($A39,'[1]SSP4-change-rate'!$B$2:$B$147,'[1]SSP4-change-rate'!H$2:H$147) -> 63418.835
A40: DJI | B40: Djibouti | C40: 80_Djibouti_country | D40: Eastern Africa | E40: Africa | F40: Africa | G40: 22372.295 | H40: 52.672493 | I40: 22424.967 | J40: 1082341 | K40: 6.3005375 | L40: 6.3005375 | M40: 6.3005375 | N40: 6.3005375 | O40: 6.3005375 | P40: 6.3005375 | Q40: 6.3005375 | R40: 6.3005375 | S40: 6.3005375 | T40: 6.3005375 | U40: 7.560645 | V40: 10.08086 | W40: 11.340967 | X40: 12.601075 | Y40: 16.381397 | Z40: 16.381397 | AA40: 17.641505 | AB40: 17.641505 | AC40: 17.641505 | AD40: 17.641505 | AE40: 17.641505 | AF40: 18.901612 | AG40: 18.901612 | AH40: 18.901612 | AI40: 20.16172 | AJ40: 20.16172 | AK40: 21.421827 | AL40: 21.421827 | AM40: 22.681935 | AN40: 31.502687 | AO40: 42.843655 | AP40: 42.843655 | AQ40: 49.144192 | AR40: 55.44473 | AS40: 55.44473 | AT40: =Sheet1!$AT40*_xlfn.XLOOKUP($A40,'[1]SSP4-change-rate'!$B$2:$B$147,'[1]SSP4-change-rate'!C$2:C$147) -> 51.664407 | AU40: =Sheet1!$AT40*_xlfn.XLOOKUP($A40,'[1]SSP4-change-rate'!$B$2:$B$147,'[1]SSP4-change-rate'!D$2:D$147) -> 51.664407 | AV40: =Sheet1!$AT40*_xlfn.XLOOKUP($A40,'[1]SSP4-change-rate'!$B$2:$B$147,'[1]SSP4-change-rate'!E$2:E$147) -> 51.664407 | AW40: =Sheet1!$AT40*_xlfn.XLOOKUP($A40,'[1]SSP4-change-rate'!$B$2:$B$147,'[1]SSP4-change-rate'!F$2:F$147) -> 50.372797 | AX40: =Sheet1!$AT40*_xlfn.XLOOKUP($A40,'[1]SSP4-change-rate'!$B$2:$B$147,'[1]SSP4-change-rate'!G$2:G$147) -> 49.316025 | AY40: =Sheet1!$AT40*_xlfn.XLOOKUP($A40,'[1]SSP4-change-rate'!$B$2:$B$147,'[1]SSP4-change-rate'!H$2:H$147) -> 43.866006
A41: DNK | B41: Denmark | C41: 122_Denmark_country | D41: Western Europe | E41: Europe | F41: Europe | G41: 43144.849 | H41: 6975.4192 | I41: 50120.268 | J41: 5810771 | K41: 798.58661 | L41: 901.93311 | M41: 1031.1162 | N41: 1216.6702 | O41: 1465.6413 | P41: 1686.427 | Q41: 1864.9346 | R41: 2036.3959 | S41: 2160.8814 | T41: 2539.0357 | U41: 3060.4657 | V41: 3506.7347 | W41: 3666.452 | X41: 3833.2157 | Y41: 4091.582 | Z41: 4321.7628 | AA41: 4434.5045 | AB41: 4481.4801 | AC41: 4547.2461 | AD41: 4638.8487 | AE41: 4678.778 | AF41: 4702.2659 | AG41: 4714.0098 | AH41: 4732.8001 | AI41: 4739.8464 | AJ41: 4782.1245 | AK41: 4815.0075 | AL41: 4840.8441 | AM41: 4918.354 | AN41: 4977.0736 | AO41: 5092.164 | AP41: 5366.9718 | AQ41: 5806.1944 | AR41: 6391.0417 | AS41: 6856.1009 | AT41: =Sheet1!$AT41*_xlfn.XLOOKUP($A41,'[1]SSP4-change-rate'!$B$2:$B$147,'[1]SSP4-change-rate'!C$2:C$147) -> 6841.8327 | AU41: =Sheet1!$AT41*_xlfn.XLOOKUP($A41,'[1]SSP4-change-rate'!$B$2:$B$147,'[1]SSP4-change-rate'!D$2:D$147) -> 6832.3821 | AV41: =Sheet1!$AT41*_xlfn.XLOOKUP($A41,'[1]SSP4-change-rate'!$B$2:$B$147,'[1]SSP4-change-rate'!E$2:E$147) -> 6814.2789 | AW41: =Sheet1!$AT41*_xlfn.XLOOKUP($A41,'[1]SSP4-change-rate'!$B$2:$B$147,'[1]SSP4-change-rate'!F$2:F$147) -> 6802.7885 | AX41: =Sheet1!$AT41*_xlfn.XLOOKUP($A41,'[1]SSP4-change-rate'!$B$2:$B$147,'[1]SSP4-change-rate'!G$2:G$147) -> 6801.2265 | AY41: =Sheet1!$AT41*_xlfn.XLOOKUP($A41,'[1]SSP4-change-rate'!$B$2:$B$147,'[1]SSP4-change-rate'!H$2:H$147) -> 6838.9781
A42: DOM | B42: DominicanRepublic | C42: 29_Dominican Republic_country | D42: Central America | E42: Central and South America | F42: Latin America and Caribbean | G42: 48092.054 | H42: 2983.0677 | I42: 51075.122 | J42: 10939341 | K42: 68.954268 | L42: 84.866791 | M42: 106.08349 | N42: 137.90854 | O42: 180.34193 | P42: 233.38368 | Q42: 302.33794 | R42: 365.98804 | S42: 498.5924 | T42: 705.4552 | U42: 1013.0973 | V42: 1262.3935 | W42: 1288.9144 | X42: 1331.3478 | Y42: 1400.3021 | Z42: 1527.6022 | AA42: 1601.8607 | AB42: 1633.6857 | AC42: 1723.8567 | AD42: 1814.0277 | AE42: 2063.3239 | AF42: 2073.9322 | AG42: 2073.9322 | AH42: 2095.1489 | AI42: 2105.7573 | AJ42: 2105.7573 | AK42: 2121.6698 | AL42: 2142.8865 | AM42: 2158.799 | AN42: 2174.7115 | AO42: 2248.97 | AP42: 2328.5326 | AQ42: 2492.962 | AR42: 2689.2164 | AS42: 2747.5624 | AT42: =Sheet1!$AT42*_xlfn.XLOOKUP($A42,'[1]SSP4-change-rate'!$B$2:$B$147,'[1]SSP4-change-rate'!C$2:C$147) -> 2865.8862 | AU42: =Sheet1!$AT42*_xlfn.XLOOKUP($A42,'[1]SSP4-change-rate'!$B$2:$B$147,'[1]SSP4-change-rate'!D$2:D$147) -> 2841.5616 | AV42: =Sheet1!$AT42*_xlfn.XLOOKUP($A42,'[1]SSP4-change-rate'!$B$2:$B$147,'[1]SSP4-change-rate'!E$2:E$147) -> 2814.2247 | AW42: =Sheet1!$AT42*_xlfn.XLOOKUP($A42,'[1]SSP4-change-rate'!$B$2:$B$147,'[1]SSP4-change-rate'!F$2:F$147) -> 2733.0309 | AX42: =Sheet1!$AT42*_xlfn.XLOOKUP($A42,'[1]SSP4-change-rate'!$B$2:$B$147,'[1]SSP4-change-rate'!G$2:G$147) -> 2624.524 | AY42: =Sheet1!$AT42*_xlfn.XLOOKUP($A42,'[1]SSP4-change-rate'!$B$2:$B$147,'[1]SSP4-change-rate'!H$2:H$147) -> 2505.0712
A43: DZA | B43: Algeria | C43: 68_Algeria_country | D43: Northern Africa | E43: Africa | F43: Africa | G43: 2308026 | H43: 8264.262 | I43: 2316290.2 | J43: 43090992 | K43: 130.39469 | L43: 139.59902 | M43: 153.40552 | N43: 171.81418 | O43: 197.89312 | P43: 217.83583 | Q43: 240.84666 | R43: 266.9256 | S43: 296.07265 | T43: 452.54628 | U43: 773.16381 | V43: 1199.6311 | W43: 1965.1247 | X43: 2163.0178 | Y43: 2474.431 | Z43: 2678.4603 | AA43: 2870.2172 | AB43: 2936.1816 | AC43: 3009.8162 | AD43: 3127.9385 | AE43: 3204.6413 | AF43: 3324.2976 | AG43: 3405.6025 | AH43: 3519.1226 | AI43: 3620.3702 | AJ43: 3729.2881 | AK43: 3867.3531 | AL43: 4186.4366 | AM43: 4418.0789 | AN43: 4592.9612 | AO43: 4973.4069 | AP43: 5479.6451 | AQ43: 6119.3461 | AR43: 6872.5672 | AS43: 7839.0219 | AT43: =Sheet1!$AT43*_xlfn.XLOOKUP($A43,'[1]SSP4-change-rate'!$B$2:$B$147,'[1]SSP4-change-rate'!C$2:C$147) -> 8049.0926 | AU43: =Sheet1!$AT43*_xlfn.XLOOKUP($A43,'[1]SSP4-change-rate'!$B$2:$B$147,'[1]SSP4-change-rate'!D$2:D$147) -> 8015.8367 | AV43: =Sheet1!$AT43*_xlfn.XLOOKUP($A43,'[1]SSP4-change-rate'!$B$2:$B$147,'[1]SSP4-change-rate'!E$2:E$147) -> 7967.652 | AW43: =Sheet1!$AT43*_xlfn.XLOOKUP($A43,'[1]SSP4-change-rate'!$B$2:$B$147,'[1]SSP4-change-rate'!F$2:F$147) -> 7787.1061 | AX43: =Sheet1!$AT43*_xlfn.XLOOKUP($A43,'[1]SSP4-change-rate'!$B$2:$B$147,'[1]SSP4-change-rate'!G$2:G$147) -> 7490.6956 | AY43: =Sheet1!$AT43*_xlfn.XLOOKUP($A43,'[1]SSP4-change-rate'!$B$2:$B$147,'[1]SSP4-change-rate'!H$2:H$147) -> 7068.9199
A44: ECU | B44: Ecuador | C44: 46_Ecuador_country | D44: Rest of South America | E44: Central and South America | F44: Latin America and Caribbean | G44: 256339.74 | H44: 5408.6606 | I44: 261748.4 | J44: 17487158 | K44: 59.740202 | L44: 65.171129 | M44: 70.602057 | N44: 78.748448 | O44: 95.04123 | P44: 105.90308 | Q44: 114.04948 | R44: 171.07421 | S44: 200.94431 | T44: 279.69276 | U44: 431.75873 | V44: 700.58964 | W44: 1113.3401 | X44: 1281.6989 | Y44: 1441.9112 | Z44: 1596.6927 | AA44: 1767.7669 | AB44: 1993.1504 | AC44: 2071.8988 | AD44: 2156.0782 | AE44: 2199.5256 | AF44: 2294.5668 | AG44: 2329.8679 | AH44: 2411.3318 | AI44: 2465.6411 | AJ44: 2552.5359 | AK44: 2604.1297 | AL44: 2767.0575 | AM44: 2968.0018 | AN44: 3158.0843 | AO44: 3326.443 | AP44: 3660.4451 | AQ44: 4236.1234 | AR44: 4635.2966 | AS44: 5181.1048 | AT44: =Sheet1!$AT44*_xlfn.XLOOKUP($A44,'[1]SSP4-change-rate'!$B$2:$B$147,'[1]SSP4-change-rate'!C$2:C$147) -> 5231.001 | AU44: =Sheet1!$AT44*_xlfn.XLOOKUP($A44,'[1]SSP4-change-rate'!$B$2:$B$147,'[1]SSP4-change-rate'!D$2:D$147) -> 5198.0697 | AV44: =Sheet1!$AT44*_xlfn.XLOOKUP($A44,'[1]SSP4-change-rate'!$B$2:$B$147,'[1]SSP4-change-rate'!E$2:E$147) -> 5156.9377 | AW44: =Sheet1!$AT44*_xlfn.XLOOKUP($A44,'[1]SSP4-change-rate'!$B$2:$B$147,'[1]SSP4-change-rate'!F$2:F$147) -> 5032.4458 | AX44: =Sheet1!$AT44*_xlfn.XLOOKUP($A44,'[1]SSP4-change-rate'!$B$2:$B$147,'[1]SSP4-change-rate'!G$2:G$147) -> 4862.5156 | AY44: =Sheet1!$AT44*_xlfn.XLOOKUP($A44,'[1]SSP4-change-rate'!$B$2:$B$147,'[1]SSP4-change-rate'!H$2:H$147) -> 4636.0485
A45: EGY | B45: Egypt | C45: 160_Egypt_country | D45: Northern Africa | E45: Africa | F45: Africa | G45: 983764.18 | H45: 18999.881 | I45: 1002764.1 | J45: 106538717 | K45: 165.84756 | L45: 199.49779 | M45: 295.64131 | N45: 390.58303 | O45: 490.33192 | P45: 563.64135 | Q45: 647.76693 | R45: 765.54273 | S45: 954.22438 | T45: 1368.8433 | U45: 1982.96 | V45: 2598.2785 | W45: 3324.162 | X45: 3461.1665 | Y45: 3917.8482 | Z45: 4381.7406 | AA45: 4893.7049 | AB45: 5178.53 | AC45: 5408.0727 | AD45: 5774.6198 | AE45: 6136.3598 | AF45: 6609.8666 | AG45: 7226.3869 | AH45: 7684.2704 | AI45: 8192.6292 | AJ45: 8477.4543 | AK45: 8995.4275 | AL45: 9525.4186 | AM45: 11222.352 | AN45: 12258.298 | AO45: 13290.639 | AP45: 14375.859 | AQ45: 15298.837 | AR45: 16218.209 | AS45: 17269.779 | AT45: =Sheet1!$AT45*_xlfn.XLOOKUP($A45,'[1]SSP4-change-rate'!$B$2:$B$147,'[1]SSP4-change-rate'!C$2:C$147) -> 18155.23 | AU45: =Sheet1!$AT45*_xlfn.XLOOKUP($A45,'[1]SSP4-change-rate'!$B$2:$B$147,'[1]SSP4-change-rate'!D$2:D$147) -> 18030.286 | AV45: =Sheet1!$AT45*_xlfn.XLOOKUP($A45,'[1]SSP4-change-rate'!$B$2:$B$147,'[1]SSP4-change-rate'!E$2:E$147) -> 17862.941 | AW45: =Sheet1!$AT45*_xlfn.XLOOKUP($A45,'[1]SSP4-change-rate'!$B$2:$B$147,'[1]SSP4-change-rate'!F$2:F$147) -> 17311.634 | AX45: =Sheet1!$AT45*_xlfn.XLOOKUP($A45,'[1]SSP4-change-rate'!$B$2:$B$147,'[1]SSP4-change-rate'!G$2:G$147) -> 16522.706 | AY45: =Sheet1!$AT45*_xlfn.XLOOKUP($A45,'[1]SSP4-change-rate'!$B$2:$B$147,'[1]SSP4-change-rate'!H$2:H$147) -> 15587.306
A46: ERI | B46: Eritrea | C46: 82_Eritrea_country | D46: Eastern Africa | E46: Africa | F46: Africa | G46: 120457.45 | H46: 123.28536 | I46: 120580.73 | J46: 3523652 | K46: 9.6316685 | L46: 9.6316685 | M46: 9.6316685 | N46: 9.6316685 | O46: 9.6316685 | P46: 9.6316685 | Q46: 9.6316685 | R46: 9.6316685 | S46: 12.842225 | T46: 16.052781 | U46: 22.473893 | V46: 28.895005 | W46: 35.316118 | X46: 35.316118 | Y46: 35.316118 | Z46: 44.947786 | AA46: 54.579455 | AB46: 57.790011 | AC46: 80.263904 | AD46: 80.263904 | AE46: 80.263904 | AF46: 80.263904 | AG46: 80.263904 | AH46: 80.263904 | AI46: 80.263904 | AJ46: 80.263904 | AK46: 80.263904 | AL46: 93.106128 | AM46: 93.106128 | AN46: 93.106128 | AO46: 93.106128 | AP46: 93.106128 | AQ46: 93.106128 | AR46: 93.106128 | AS46: 93.106128 | AT46: =Sheet1!$AT46*_xlfn.XLOOKUP($A46,'[1]SSP4-change-rate'!$B$2:$B$147,'[1]SSP4-change-rate'!C$2:C$147) -> 109.15891 | AU46: =Sheet1!$AT46*_xlfn.XLOOKUP($A46,'[1]SSP4-change-rate'!$B$2:$B$147,'[1]SSP4-change-rate'!D$2:D$147) -> 109.15891 | AV46: =Sheet1!$AT46*_xlfn.XLOOKUP($A46,'[1]SSP4-change-rate'!$B$2:$B$147,'[1]SSP4-change-rate'!E$2:E$147) -> 106.4965 | AW46: =Sheet1!$AT46*_xlfn.XLOOKUP($A46,'[1]SSP4-change-rate'!$B$2:$B$147,'[1]SSP4-change-rate'!F$2:F$147) -> 105.39481 | AX46: =Sheet1!$AT46*_xlfn.XLOOKUP($A46,'[1]SSP4-change-rate'!$B$2:$B$147,'[1]SSP4-change-rate'!G$2:G$147) -> 100.97199 | AY46: =Sheet1!$AT46*_xlfn.XLOOKUP($A46,'[1]SSP4-change-rate'!$B$2:$B$147,'[1]SSP4-change-rate'!H$2:H$147) -> 98.040872
A47: ESP | B47: Spain | C47: 143_Spain_country | D47: Western Europe | E47: Europe | F47: Europe | G47: 506044.32 | H47: 27843.797 | I47: 533888.12 | J47: 47329955 | K47: 2857.3743 | L47: 3159.9358 | M47: 3466.5676 | N47: 3706.7173 | O47: 4153.0973 | P47: 4477.3672 | Q47: 5005.1538 | R47: 5538.3675 | S47: 6034.9483 | T47: 6918.2107 | U47: 8995.4377 | V47: 10995.328 | W47: 11772.762 | X47: 12211.001 | Y47: 13139.038 | Z47: 14604.358 | AA47: 15681.639 | AB47: 15985.558 | AC47: 16484.852 | AD47: 17232.437 | AE47: 17929.82 | AF47: 18505.094 | AG47: 18893.133 | AH47: 19414.135 | AI47: 19775.038 | AJ47: 20308.252 | AK47: 20814.33 | AL47: 21764.075 | AM47: 22803.367 | AN47: 23261.958 | AO47: 24061.1 | AP47: 24569.892 | AQ47: 25321.547 | AR47: 26318.778 | AS47: 27024.303 | AT47: =Sheet1!$AT47*_xlfn.XLOOKUP($A47,'[1]SSP4-change-rate'!$B$2:$B$147,'[1]SSP4-change-rate'!C$2:C$147) -> 27260.136 | AU47: =Sheet1!$AT47*_xlfn.XLOOKUP($A47,'[1]SSP4-change-rate'!$B$2:$B$147,'[1]SSP4-change-rate'!D$2:D$147) -> 27187.369 | AV47: =Sheet1!$AT47*_xlfn.XLOOKUP($A47,'[1]SSP4-change-rate'!$B$2:$B$147,'[1]SSP4-change-rate'!E$2:E$147) -> 27084.463 | AW47: =Sheet1!$AT47*_xlfn.XLOOKUP($A47,'[1]SSP4-change-rate'!$B$2:$B$147,'[1]SSP4-change-rate'!F$2:F$147) -> 26832.028 | AX47: =Sheet1!$AT47*_xlfn.XLOOKUP($A47,'[1]SSP4-change-rate'!$B$2:$B$147,'[1]SSP4-change-rate'!G$2:G$147) -> 26470.547 | AY47: =Sheet1!$AT47*_xlfn.XLOOKUP($A47,'[1]SSP4-change-rate'!$B$2:$B$147,'[1]SSP4-change-rate'!H$2:H$147) -> 26036.125
A48: EST | B48: Estonia | C48: 123_Estonia_country | D48: Central Europe | E48: Europe | F48: Europe | G48: 45489.857 | H48: 945.99209 | I48: 46435.849 | J48: 1329091 | K48: 74.595449 | L48: 83.729586 | M48: 94.386079 | N48: 107.32611 | O48: 123.31084 | P48: 131.6838 | Q48: 142.3403 | R48: 152.99679 | S48: 163.65328 | T48: 184.20509 | U48: 216.17457 | V48: 239.77109 | W48: 252.71111 | X48: 254.99465 | Y48: 318.9336 | Z48: 348.61955 | AA48: 376.02196 | AB48: 378.30549 | AC48: 388.96199 | AD48: 468.88568 | AE48: 470.40804 | AF48: 470.40804 | AG48: 475.73628 | AH48: 479.54217 | AI48: 484.10924 | AJ48: 490.19867 | AK48: 496.28809 | AL48: 503.89987 | AM48: 514.55636 | AN48: 536.63053 | AO48: 589.91299 | AP48: 662.98609 | AQ48: 733.77564 | AR48: 856.32531 | AS48: 891.3395 | AT48: =Sheet1!$AT48*_xlfn.XLOOKUP($A48,'[1]SSP4-change-rate'!$B$2:$B$147,'[1]SSP4-change-rate'!C$2:C$147) -> 922.5478 | AU48: =Sheet1!$AT48*_xlfn.XLOOKUP($A48,'[1]SSP4-change-rate'!$B$2:$B$147,'[1]SSP4-change-rate'!D$2:D$147) -> 922.5478 | AV48: =Sheet1!$AT48*_xlfn.XLOOKUP($A48,'[1]SSP4-change-rate'!$B$2:$B$147,'[1]SSP4-change-rate'!E$2:E$147) -> 920.89152 | AW48: =Sheet1!$AT48*_xlfn.XLOOKUP($A48,'[1]SSP4-change-rate'!$B$2:$B$147,'[1]SSP4-change-rate'!F$2:F$147) -> 916.39748 | AX48: =Sheet1!$AT48*_xlfn.XLOOKUP($A48,'[1]SSP4-change-rate'!$B$2:$B$147,'[1]SSP4-change-rate'!G$2:G$147) -> 905.30392 | AY48: =Sheet1!$AT48*_xlfn.XLOOKUP($A48,'[1]SSP4-change-rate'!$B$2:$B$147,'[1]SSP4-change-rate'!H$2:H$147) -> 889.98729
... A57: GMB | B57: Gambia | C57: 191_Gambia_country | D57: Western Africa | E57: Africa | F57: Africa | G57: 10670.505 | H57: 246.51719 | I57: 10917.022 | J57: 2541048 | K57: 28.66479 | L57: 28.66479 | M57: 28.66479 | N57: 28.66479 | O57: 28.66479 | P57: 28.66479 | Q57: 28.66479 | R57: 28.66479 | S57: 28.66479 | T57: 28.66479 | U57: 42.997185 | V57: 57.329579 | W57: 71.661974 | X57: 78.828172 | Y57: 78.828172 | Z57: 85.994369 | AA57: 150.49015 | AB57: 150.49015 | AC57: 150.49015 | AD57: 150.49015 | AE57: 150.49015 | AF57: 150.49015 | AG57: 150.49015 | AH57: 150.49015 | AI57: 150.49015 | AJ57: 150.49015 | AK57: 157.65634 | AL57: 157.65634 | AM57: 157.65634 | AN57: 164.82254 | AO57: 186.32113 | AP57: 193.48733 | AQ57: 193.48733 | AR57: 193.48733 | AS57: 200.65353 | AT57: =Sheet1!$AT57*_xlfn.XLOOKUP($A57,'[1]SSP4-change-rate'!$B$2:$B$147,'[1]SSP4-change-rate'!C$2:C$147) -> 229.31832 | AU57: =Sheet1!$AT57*_xlfn.XLOOKUP($A57,'[1]SSP4-change-rate'!$B$2:$B$147,'[1]SSP4-change-rate'!D$2:D$147) -> 236.96226 | AV57: =Sheet1!$AT57*_xlfn.XLOOKUP($A57,'[1]SSP4-change-rate'!$B$2:$B$147,'[1]SSP4-change-rate'!E$2:E$147) -> 242.80763 | AW57: =Sheet1!$AT57*_xlfn.XLOOKUP($A57,'[1]SSP4-change-rate'!$B$2:$B$147,'[1]SSP4-change-rate'!F$2:F$147) -> 240.23824 | AX57: =Sheet1!$AT57*_xlfn.XLOOKUP($A57,'[1]SSP4-change-rate'!$B$2:$B$147,'[1]SSP4-change-rate'!G$2:G$147) -> 238.49105 | AY57: =Sheet1!$AT57*_xlfn.XLOOKUP($A57,'[1]SSP4-change-rate'!$B$2:$B$147,'[1]SSP4-change-rate'!H$2:H$147) -> 241.17961
A58: GNB | B58: Guinea-Bissau | C58: 86_Guinea-Bissau_country | D58: Western Africa | E58: Africa | F58: Africa | G58: 33882.279 | H58: 106.3428 | I58: 33988.622 | K58: 5.5129918 | L58: 5.6121719 | M58: 5.7302238 | N58: 5.9263062 | O58: 6.1772437 | P58: 6.3118665 | Q58: 6.523311 | R58: 6.809554 | S58: 7.8585115 | T58: 9.4582403 | U58: 13.074519 | V58: 17.714869 | W58: 23.664724 | X58: 25.645258 | Y58: 29.619865 | Z58: 33.920842 | AA58: 37.088089 | AB58: 37.909459 | AC58: 39.620815 | AD58: 41.347765 | AE58: 42.600295 | AF58: 44.217415 | AG58: 45.612417 | AH58: 46.688407 | AI58: 47.868589 | AJ58: 49.586968 | AK58: 51.500629 | AL58: 53.980846 | AM58: 58.249589 | AN58: 61.60451 | AO58: 65.267608 | AP58: 71.222206 | AQ58: 80.031528 | AR58: 89.871069 | AS58: 97.975297 | AT58: 104.28121 | AU58: 104.56528 | AV58: 104.82915 | AW58: 102.89953 | AX58: 93.165097 | AY58: 70.323547
A59: GRC | B59: Greece | C59: 125_Greece_country | D59: Western Europe | E59: Europe | F59: Europe | G59: 132578.71 | H59: 5280.2336 | I59: 137858.95 | J59: 10543345 | K59: 113.02515 | L59: 123.57416 | M59: 155.22121 | N59: 236.59932 | O59: 539.50672 | P59: 583.20978 | Q59: 657.05288 | R59: 773.09203 | S59: 819.80909 | T59: 1011.1983 | U59: 1368.3578 | V59: 1677.2932 | W59: 1838.5425 | X59: 1938.0046 | Y59: 2060.0717 | Z59: 2298.1781 | AA59: 2462.4413 | AB59: 2530.2564 | AC59: 2679.4496 | AD59: 2807.5447 | AE59: 2934.1329 | AF59: 3062.2281 | AG59: 3247.5893 | AH59: 3357.6005 | AI59: 3419.3876 | AJ59: 3567.0738 | AK59: 3665.0289 | AL59: 3800.6591 | AM59: 3996.5693 | AN59: 4109.5945 | AO59: 4278.3787 | AP59: 4439.6279 | AQ59: 4634.0312 | AR59: 4926.3896 | AS59: 5185.5939 | AT59: =Sheet1!$AT59*_xlfn.XLOOKUP($A59,'[1]SSP4-change-rate'!$B$2:$B$147,'[1]SSP4-change-rate'!C$2:C$147) -> 5188.6536 | AU59: =Sheet1!$AT59*_xlfn.XLOOKUP($A59,'[1]SSP4-change-rate'!$B$2:$B$147,'[1]SSP4-change-rate'!D$2:D$147) -> 5175.5699 | AV59: =Sheet1!$AT59*_xlfn.XLOOKUP($A59,'[1]SSP4-change-rate'!$B$2:$B$147,'[1]SSP4-change-rate'!E$2:E$147) -> 5158.9577 | AW59: =Sheet1!$AT59*_xlfn.XLOOKUP($A59,'[1]SSP4-change-rate'!$B$2:$B$147,'[1]SSP4-change-rate'!F$2:F$147) -> 5112.1757 | AX59: =Sheet1!$AT59*_xlfn.XLOOKUP($A59,'[1]SSP4-change-rate'!$B$2:$B$147,'[1]SSP4-change-rate'!G$2:G$147) -> 5045.7393 | AY59: =Sheet1!$AT59*_xlfn.XLOOKUP($A59,'[1]SSP4-change-rate'!$B$2:$B$147,'[1]SSP4-change-rate'!H$2:H$147) -> 4958.8242
A60: GTM | B60: Guatemala | C60: 35_Guatemala_country | D60: Central America | E60: Central and South America | F60: Latin America and Caribbean | G60: 109144.78 | H60: 3602.9102 | I60: 112747.69 | J60: 17231175 | K60: 89.291455 | L60: 89.291455 | M60: 89.291455 | N60: 94.872171 | O60: 106.0336 | P60: 111.61432 | Q60: 122.77575 | R60: 150.67933 | S60: 212.06721 | T60: 312.52009 | U60: 468.78014 | V60: 652.94376 | W60: 931.97956 | X60: 998.94815 | Y60: 1149.6275 | Z60: 1283.5647 | AA60: 1484.4704 | AB60: 1568.1812 | AC60: 1629.5691 | AD60: 1696.5376 | AE60: 1730.0219 | AF60: 1757.9255 | AG60: 1774.6677 | AH60: 1785.8291 | AI60: 1808.152 | AJ60: 1852.7977 | AK60: 1863.9591 | AL60: 1863.9591 | AM60: 1908.6048 | AN60: 1986.7349 | AO60: 2131.8335 | AP60: 2237.8671 | AQ60: 2500.1607 | AR60: 2879.6494 | AS60: 3181.0081 | AT60: =Sheet1!$AT60*_xlfn.XLOOKUP($A60,'[1]SSP4-change-rate'!$B$2:$B$147,'[1]SSP4-change-rate'!C$2:C$147) -> 3478.0068 | AU60: =Sheet1!$AT60*_xlfn.XLOOKUP($A60,'[1]SSP4-change-rate'!$B$2:$B$147,'[1]SSP4-change-rate'!D$2:D$147) -> 3533.2133 | AV60: =Sheet1!$AT60*_xlfn.XLOOKUP($A60,'[1]SSP4-change-rate'!$B$2:$B$147,'[1]SSP4-change-rate'!E$2:E$147) -> 3596.6567 | AW60: =Sheet1!$AT60*_xlfn.XLOOKUP($A60,'[1]SSP4-change-rate'!$B$2:$B$147,'[1]SSP4-change-rate'!F$2:F$147) -> 3708.5718 | AX60: =Sheet1!$AT60*_xlfn.XLOOKUP($A60,'[1]SSP4-change-rate'!$B$2:$B$147,'[1]SSP4-change-rate'!G$2:G$147) -> 3807.3684 | AY60: =Sheet1!$AT60*_xlfn.XLOOKUP($A60,'[1]SSP4-change-rate'!$B$2:$B$147,'[1]SSP4-change-rate'!H$2:H$147) -> 3876.6663
A61: GUY | B61: Guyana | C61: 13_Guyana_country | D61: Brazil | E61: Central and South America | F61: Latin America and Caribbean | G61: 209744.07 | H61: 174.86051 | I61: 209918.93 | J61: 791845 | K61: 21.067531 | L61: 21.067531 | M61: 21.067531 | N61: 21.067531 | O61: 21.067531 | P61: 21.067531 | Q61: 21.067531 | R61: 21.067531 | S61: 21.067531 | T61: 26.334414 | U61: 31.601297 | V61: 36.868179 | W61: 36.868179 | X61: 42.135062 | Y61: 89.537007 | Z61: 89.537007 | AA61: 89.537007 | AB61: 89.537007 | AC61: 89.537007 | AD61: 89.537007 | AE61: 89.537007 | AF61: 89.537007 | AG61: 89.537007 | AH61: 89.537007 | AI61: 89.537007 | AJ61: 94.80389 | AK61: 94.80389 | AL61: 94.80389 | AM61: 105.33766 | AN61: 105.33766 | AO61: 110.60454 | AP61: 115.87142 | AQ61: 142.20583 | AR61: 168.54025 | AS61: 168.54025 | AT61: =Sheet1!$AT61*_xlfn.XLOOKUP($A61,'[1]SSP4-change-rate'!$B$2:$B$147,'[1]SSP4-change-rate'!C$2:C$147) -> 168.54025 | AU61: =Sheet1!$AT61*_xlfn.XLOOKUP($A61,'[1]SSP4-change-rate'!$B$2:$B$147,'[1]SSP4-change-rate'!D$2:D$147) -> 168.54025 | AV61: =Sheet1!$AT61*_xlfn.XLOOKUP($A61,'[1]SSP4-change-rate'!$B$2:$B$147,'[1]SSP4-change-rate'!E$2:E$147) -> 168.54025 | AW61: =Sheet1!$AT61*_xlfn.XLOOKUP($A61,'[1]SSP4-change-rate'!$B$2:$B$147,'[1]SSP4-change-rate'!F$2:F$147) -> 164.10498 | AX61: =Sheet1!$AT61*_xlfn.XLOOKUP($A61,'[1]SSP4-change-rate'!$B$2:$B$147,'[1]SSP4-change-rate'!G$2:G$147) -> 152.64022 | AY61: =Sheet1!$AT61*_xlfn.XLOOKUP($A61,'[1]SSP4-change-rate'!$B$2:$B$147,'[1]SSP4-change-rate'!H$2:H$147) -> 145.93119
A62: HND | B62: Honduras | C62: 41_Honduras_country | D62: Central America | E62: Central and South America | F62: Latin America and Caribbean | G62: 112289.74 | H62: 2694.1797 | I62: 114983.92 | J62: 10041783 | K62: 78.514812 | L62: 84.123013 | M62: 89.731214 | N62: 95.339415 | O62: 106.55582 | P62: 117.77222 | Q62: 145.81322 | R62: 173.85423 | S62: 201.89523 | T62: 257.97724 | U62: 358.92486 | V62: 471.08887 | W62: 616.9021 | X62: 644.9431 | Y62: 762.71532 | Z62: 908.52854 | AA62: 1177.7222 | AB62: 1205.7632 | AC62: 1228.196 | AD62: 1306.7108 | AE62: 1351.5764 | AF62: 1418.8748 | AG62: 1424.483 | AH62: 1542.2552 | AI62: 1553.4716 | AJ62: 1609.5537 | AK62: 1615.1619 | AL62: 1643.2029 | AM62: 1783.4079 | AN62: 1968.4785 | AO62: 2046.9933 | AP62: 2063.8179 | AQ62: 2243.2804 | AR62: 2349.8362 | AS62: 2439.5674 | AT62: =Sheet1!$AT62*_xlfn.XLOOKUP($A62,'[1]SSP4-change-rate'!$B$2:$B$147,'[1]SSP4-change-rate'!C$2:C$147) -> 2611.074 | AU62: =Sheet1!$AT62*_xlfn.XLOOKUP($A62,'[1]SSP4-change-rate'!$B$2:$B$147,'[1]SSP4-change-rate'!D$2:D$147) -> 2629.2793 | AV62: =Sheet1!$AT62*_xlfn.XLOOKUP($A62,'[1]SSP4-change-rate'!$B$2:$B$147,'[1]SSP4-change-rate'!E$2:E$147) -> 2650.8269 | AW62: =Sheet1!$AT62*_xlfn.XLOOKUP($A62,'[1]SSP4-change-rate'!$B$2:$B$147,'[1]SSP4-change-rate'!F$2:F$147) -> 2682.3722 | AX62: =Sheet1!$AT62*_xlfn.XLOOKUP($A62,'[1]SSP4-change-rate'!$B$2:$B$147,'[1]SSP4-change-rate'!G$2:G$147) -> 2702.1693 | AY62: =Sheet1!$AT62*_xlfn.XLOOKUP($A62,'[1]SSP4-change-rate'!$B$2:$B$147,'[1]SSP4-change-rate'!H$2:H$147) -> 2703.8292
A63: HRV | B63: Croatia | C63: 119_Croatia_country | D63: Central Europe | E63: Europe | F63: Europe | G63: 57078.573 | H63: 2860.1151 | I63: 59938.688 | J63: 4114644 | K63: 43.599316 | L63: 50.058474 | M63: 59.747211 | N63: 75.895106 | O63: 100.11695 | P63: 116.26484 | Q63: 137.25711 | R63: 161.47895 | S63: 192.15995 | T63: 243.83321 | U63: 352.02411 | V63: 466.67416 | W63: 542.56927 | X63: 574.86506 | Y63: 668.52285 | Z63: 792.86164 | AA63: 850.99406 | AB63: 886.51943 | AC63: 962.41453 | AD63: 1060.9167 | AE63: 1122.2787 | AF63: 1191.7146 | AG63: 1253.0766 | AH63: 1626.093 | AI63: 1650.3149 | AJ63: 1700.3733 | AK63: 1768.1945 | AL63: 1792.4163 | AM63: 1955.5101 | AN63: 2055.627 | AO63: 2147.67 | AP63: 2228.4095 | AQ63: 2378.5849 | AR63: 2569.1301 | AS63: 2843.6443 | AT63: =Sheet1!$AT63*_xlfn.XLOOKUP($A63,'[1]SSP4-change-rate'!$B$2:$B$147,'[1]SSP4-change-rate'!C$2:C$147) -> 2810.8943 | AU63: =Sheet1!$AT63*_xlfn.XLOOKUP($A63,'[1]SSP4-change-rate'!$B$2:$B$147,'[1]SSP4-change-rate'!D$2:D$147) -> 2803.191 | AV63: =Sheet1!$AT63*_xlfn.XLOOKUP($A63,'[1]SSP4-change-rate'!$B$2:$B$147,'[1]SSP4-change-rate'!E$2:E$147) -> 2790.8901 | AW63: =Sheet1!$AT63*_xlfn.XLOOKUP($A63,'[1]SSP4-change-rate'!$B$2:$B$147,'[1]SSP4-change-rate'!F$2:F$147) -> 2755.8114 | AX63: =Sheet1!$AT63*_xlfn.XLOOKUP($A63,'[1]SSP4-change-rate'!$B$2:$B$147,'[1]SSP4-change-rate'!G$2:G$147) -> 2707.522 | AY63: =Sheet1!$AT63*_xlfn.XLOOKUP($A63,'[1]SSP4-change-rate'!$B$2:$B$147,'[1]SSP4-change-rate'!H$2:H$147) -> 2647.399
A64: HTI | B64: Haiti | C64: 28_Haiti_country | D64: Central America | E64: Central and South America | F64: Latin America and Caribbean | G64: 27107.104 | H64: 933.98831 | I64: 28041.093 | J64: 11234505 | K64: 105.41629 | L64: 105.41629 | M64: 105.41629 | N64: 105.41629 | O64: 115.95792 | P64: 115.95792 | Q64: 115.95792 | R64: 115.95792 | S64: 115.95792 | T64: 126.49954 | U64: 147.5828 | V64: 147.5828 | W64: 189.74932 | X64: 221.3742 | Y64: 221.3742 | Z64: 252.99909 | AA64: 326.79049 | AB64: 347.87375 | AC64: 347.87375 | AD64: 347.87375 | AE64: 347.87375 | AF64: 347.87375 | AG64: 347.87375 | AH64: 347.87375 | AI64: 347.87375 | AJ64: 347.87375 | AK64: 347.87375 | AL64: 347.87375 | AM64: 347.87375 | AN64: 347.87375 | AO64: 347.87375 | AP64: 632.49772 | AQ64: 811.70541 | AR64: 853.87193 | AS64: 864.41356 | AT64: =Sheet1!$AT64*_xlfn.XLOOKUP($A64,'[1]SSP4-change-rate'!$B$2:$B$147,'[1]SSP4-change-rate'!C$2:C$147) -> 862.0882 | AU64: =Sheet1!$AT64*_xlfn.XLOOKUP($A64,'[1]SSP4-change-rate'!$B$2:$B$147,'[1]SSP4-change-rate'!D$2:D$147) -> 838.99812 | AV64: =Sheet1!$AT64*_xlfn.XLOOKUP($A64,'[1]SSP4-change-rate'!$B$2:$B$147,'[1]SSP4-change-rate'!E$2:E$147) -> 800.26389 | AW64: =Sheet1!$AT64*_xlfn.XLOOKUP($A64,'[1]SSP4-change-rate'!$B$2:$B$147,'[1]SSP4-change-rate'!F$2:F$147) -> 617.21645 | AX64: =Sheet1!$AT64*_xlfn.XLOOKUP($A64,'[1]SSP4-change-rate'!$B$2:$B$147,'[1]SSP4-change-rate'!G$2:G$147) -> 322.48348 | AY64: =Sheet1!$AT64*_xlfn.XLOOKUP($A64,'[1]SSP4-change-rate'!$B$2:$B$147,'[1]SSP4-change-rate'!H$2:H$147) -> 138.02769
A65: HUN | B65: Hungary | C65: 126_Hungary_country | D65: Central Europe | E65: Europe | F65: Europe | G65: 93039.709 | H65: 9380.0439 | I65: 102419.75 | J65: 9770123 | K65: 544.96342 | L65: 664.52172 | M65: 817.44513 | N65: 1048.2205 | O65: 1359.6281 | P65: 1429.1388 | Q65: 1568.16 | R65: 1723.8639 | S65: 1879.5677 | T65: 2099.2213 | U65: 2405.0682 | V65: 2669.2086 | W65: 2769.3039 | X65: 2769.3039 | Y65: 3545.0427 | Z65: 4415.3159 | AA65: 4751.7474 | AB65: 4918.5729 | AC65: 5057.5942 | AD65: 5282.8087 | AE65: 5374.5627 | AF65: 5596.9968 | AG65: 5955.6717 | AH65: 6086.3517 | AI65: 6200.3491 | AJ65: 6275.4206 | AK65: 6339.3704 | AL65: 6489.5134 | AM65: 6678.5823 | AN65: 6775.8972 | AO65: 7315.2998 | AP65: 7749.0462 | AQ65: 8193.9143 | AR65: 8825.0709 | AS65: 9244.9152 | AT65: =Sheet1!$AT65*_xlfn.XLOOKUP($A65,'[1]SSP4-change-rate'!$B$2:$B$147,'[1]SSP4-change-rate'!C$2:C$147) -> 9305.7794 | AU65: =Sheet1!$AT65*_xlfn.XLOOKUP($A65,'[1]SSP4-change-rate'!$B$2:$B$147,'[1]SSP4-change-rate'!D$2:D$147) -> 9282.425 | AV65: =Sheet1!$AT65*_xlfn.XLOOKUP($A65,'[1]SSP4-change-rate'!$B$2:$B$147,'[1]SSP4-change-rate'!E$2:E$147) -> 9245.7977 | AW65: =Sheet1!$AT65*_xlfn.XLOOKUP($A65,'[1]SSP4-change-rate'!$B$2:$B$147,'[1]SSP4-change-rate'!F$2:F$147) -> 9160.9425 | AX65: =Sheet1!$AT65*_xlfn.XLOOKUP($A65,'[1]SSP4-change-rate'!$B$2:$B$147,'[1]SSP4-change-rate'!G$2:G$147) -> 9048.098 | AY65: =Sheet1!$AT65*_xlfn.XLOOKUP($A65,'[1]SSP4-change-rate'!$B$2:$B$147,'[1]SSP4-change-rate'!H$2:H$147) -> 8899.3385
A66: IDN | B66: Indonesia | C66: 169_Indonesia_country | D66: Indonesia region | E66: South and East Asia | F66: South-East Asia and developing Pacific | G66: 1890242.9 | H66: 66854.112 | I66: 1957097 | J66: 270825846 | K66: 1537.854 | L66: 1963.2178 | M66: 2464.9291 | N66: 3042.9877 | O66: 4002.7831 | P66: 4733.5364 | Q66: 5464.2897 | R66: 6162.3227 | S66: 6576.7798 | T66: 7569.2955 | U66: 8703.5991 | V66: 10274.173 | W66: 13131.746 | X66: 14331.49 | Y66: 19294.069 | Z66: 22795.141 | AA66: 27463.236 | AB66: 27975.854 | AC66: 28215.803 | AD66: 28630.26 | AE66: 28968.37 | AF66: 29415.547 | AG66: 29862.725 | AH66: 30386.25 | AI66: 31040.655 | AJ66: 31716.875 | AK66: 33603.745 | AL66: 34945.278 | AM66: 36843.055 | AN66: 38053.706 | AO66: 41227.575 | AP66: 46670.051 | AQ66: 52036.18 | AR66: 57064.199 | AS66: 60881.567 | AT66: =Sheet1!$AT66*_xlfn.XLOOKUP($A66,'[1]SSP4-change-rate'!$B$2:$B$147,'[1]SSP4-change-rate'!C$2:C$147) -> 63280.825 | AU66: =Sheet1!$AT66*_xlfn.XLOOKUP($A66,'[1]SSP4-change-rate'!$B$2:$B$147,'[1]SSP4-change-rate'!D$2:D$147) -> 62747.664 | AV66: =Sheet1!$AT66*_xlfn.XLOOKUP($A66,'[1]SSP4-change-rate'!$B$2:$B$147,'[1]SSP4-change-rate'!E$2:E$147) -> 62055.976 | AW66: =Sheet1!$AT66*_xlfn.XLOOKUP($A66,'[1]SSP4-change-rate'!$B$2:$B$147,'[1]SSP4-change-rate'!F$2:F$147) -> 59867.628 | AX66: =Sheet1!$AT66*_xlfn.XLOOKUP($A66,'[1]SSP4-change-rate'!$B$2:$B$147,'[1]SSP4-change-rate'!G$2:G$147) -> 56862.334 | AY66: =Sheet1!$AT66*_xlfn.XLOOKUP($A66,'[1]SSP4-change-rate'!$B$2:$B$147,'[1]SSP4-change-rate'!H$2:H$147) -> 53002.369
A67: IND | B67: India | C67: 304_India_country | D67: India | E67: South and East Asia | F67: Southern Asia | G67: 3019311.7 | H67: 128270.33 | I67: 3147582 | J67: 1309657000 | K67: 8568.914 | L67: 9135.8689 | M67: 10273.367 | N67: 11590.281 | O67: 12440.714 | P67: 12440.714 | Q67: 12440.714 | R67: 12440.714 | S67: 12498.127 | T67: 13858.101 | U67: 17012.237 | V67: 22746.376 | W67: 28706.579 | X67: 30123.967 | Y67: 33938.353 | Z67: 38700.057 | AA67: 41872.134 | AB67: 43314.64 | AC67: 44491.61 | AD67: 47387.386 | AE67: 49091.839 | AF67: 50903.942 | AG67: 52163.443 | AH67: 53620.302 | AI67: 54915.686 | AJ67: 56530.431 | AK67: 58170.295 | AL67: 60316.112 | AM67: 65386.411 | AN67: 68791.729 | AO67: 74120.388 | AP67: 81002.79 | AQ67: 90766.616 | AR67: 100652.44 | AS67: 108205.86 | AT67: =Sheet1!$AT67*_xlfn.XLOOKUP($A67,'[1]SSP4-change-rate'!$B$2:$B$147,'[1]SSP4-change-rate'!C$2:C$147) -> 116932.22 | AU67: =Sheet1!$AT67*_xlfn.XLOOKUP($A67,'[1]SSP4-change-rate'!$B$2:$B$147,'[1]SSP4-change-rate'!D$2:D$147) -> 115142.14 | AV67: =Sheet1!$AT67*_xlfn.XLOOKUP($A67,'[1]SSP4-change-rate'!$B$2:$B$147,'[1]SSP4-change-rate'!E$2:E$147) -> 113023.39 | AW67: =Sheet1!$AT67*_xlfn.XLOOKUP($A67,'[1]SSP4-change-rate'!$B$2:$B$147,'[1]SSP4-change-rate'!F$2:F$147) -> 106037.2 | AX67: =Sheet1!$AT67*_xlfn.XLOOKUP($A67,'[1]SSP4-change-rate'!$B$2:$B$147,'[1]SSP4-change-rate'!G$2:G$147) -> 97344.523 | AY67: =Sheet1!$AT67*_xlfn.XLOOKUP($A67,'[1]SSP4-change-rate'!$B$2:$B$147,'[1]SSP4-change-rate'!H$2:H$147) -> 87826.783
A68: IRL | B68: Ireland | C68: 189_Ireland_country | D68: Western Europe | E68: Europe | F68: Europe | G68: 70266.242 | H68: 4200.6322 | I68: 74466.875 | J68: 4925076 | K68: 205.91334 | L68: 211.5548 | M68: 211.5548 | N68: 211.5548 | O68: 234.12065 | P68: 251.04503 | Q68: 251.04503 | R68: 273.61088 | S68: 1444.2141 | T68: 1703.7213 | U68: 2067.5956 | V68: 2067.5956 | W68: 2067.5956 | X68: 2078.8785 | Y68: 2211.4529 | Z68: 2349.6687 | AA68: 2527.3747 | AB68: 2626.1003 | AC68: 2722.0051 | AD68: 2834.8344 | AE68: 2868.6831 | AF68: 2927.9185 | AG68: 3001.2575 | AH68: 3071.7757 | AI68: 3102.8038 | AJ68: 3193.0672 | AK68: 3235.3781 | AL68: 3272.0476 | AM68: 3342.5659 | AN68: 3396.1598 | AO68: 3489.2439 | AP68: 3523.0927 | AQ68: 3630.2804 | AR68: 3791.0621 | AS68: 3870.0425 | AT68: =Sheet1!$AT68*_xlfn.XLOOKUP($A68,'[1]SSP4-change-rate'!$B$2:$B$147,'[1]SSP4-change-rate'!C$2:C$147) -> 4057.057 | AU68: =Sheet1!$AT68*_xlfn.XLOOKUP($A68,'[1]SSP4-change-rate'!$B$2:$B$147,'[1]SSP4-change-rate'!D$2:D$147) -> 4036.9983 | AV68: =Sheet1!$AT68*_xlfn.XLOOKUP($A68,'[1]SSP4-change-rate'!$B$2:$B$147,'[1]SSP4-change-rate'!E$2:E$147) -> 4004.6791 | AW68: =Sheet1!$AT68*_xlfn.XLOOKUP($A68,'[1]SSP4-change-rate'!$B$2:$B$147,'[1]SSP4-change-rate'!F$2:F$147) -> 3942.9026 | AX68: =Sheet1!$AT68*_xlfn.XLOOKUP($A68,'[1]SSP4-change-rate'!$B$2:$B$147,'[1]SSP4-change-rate'!G$2:G$147) -> 3865.534 | AY68: =Sheet1!$AT68*_xlfn.XLOOKUP($A68,'[1]SSP4-change-rate'!$B$2:$B$147,'[1]SSP4-change-rate'!H$2:H$147) -> 3782.1969
A69: IRN | B69: Iran | C69: 173_Iran_country | D69: Middle East | E69: Middle East and Central Asia | F69: Middle East | G69: 1621745.3 | H69: 18738.305 | I69: 1640483.6 | J69: 86990161 | K69: 299.18302 | L69: 339.53336 | M69: 388.74109 | N69: 441.88544 | O69: 515.69704 | P69: 567.85724 | Q69: 625.92237 | R69: 689.89242 | S69: 761.73571 | T69: 1125.8729 | U69: 1875.7988 | V69: 3177.8354 | W69: 5341.9915 | X69: 5793.7185 | Y69: 6369.449 | Z69: 7062.2939 | AA69: 7573.0701 | AB69: 7721.6775 | AC69: 7935.2391 | AD69: 8388.9344 | AE69: 8713.7054 | AF69: 8941.0451 | AG69: 9184.1313 | AH69: 9770.6875 | AI69: 10269.654 | AJ69: 10638.712 | AK69: 11097.328 | AL69: 11819.698 | AM69: 12482.034 | AN69: 12968.206 | AO69: 13539.016 | AP69: 14190.526 | AQ69: 15206.174 | AR69: 16257.251 | AS69: 17562.24 | AT69: =Sheet1!$AT69*_xlfn.XLOOKUP($A69,'[1]SSP4-change-rate'!$B$2:$B$147,'[1]SSP4-change-rate'!C$2:C$147) -> 18225.629 | AU69: =Sheet1!$AT69*_xlfn.XLOOKUP($A69,'[1]SSP4-change-rate'!$B$2:$B$147,'[1]SSP4-change-rate'!D$2:D$147) -> 18145.098 | AV69: =Sheet1!$AT69*_xlfn.XLOOKUP($A69,'[1]SSP4-change-rate'!$B$2:$B$147,'[1]SSP4-change-rate'!E$2:E$147) -> 18030.389 | AW69: =Sheet1!$AT69*_xlfn.XLOOKUP($A69,'[1]SSP4-change-rate'!$B$2:$B$147,'[1]SSP4-change-rate'!F$2:F$147) -> 17713.904 | AX69: =Sheet1!$AT69*_xlfn.XLOOKUP($A69,'[1]SSP4-change-rate'!$B$2:$B$147,'[1]SSP4-change-rate'!G$2:G$147) -> 17255.724 | AY69: =Sheet1!$AT69*_xlfn.XLOOKUP($A69,'[1]SSP4-change-rate'!$B$2:$B$147,'[1]SSP4-change-rate'!H$2:H$147) -> 16697.995
A70: IRQ | B70: Iraq | C70: 174_Iraq_country | D70: Middle East | E70: Middle East and Central Asia | F70: Middle East | G70: 436454.49 | H70: 8875.9895 | I70: 445330.48 | J70: 42042956 | K70: 66.877558 | L70: 74.67994 | M70: 84.711574 | N70: 99.201711 | O70: 120.3796 | P70: 133.75512 | Q70: 142.67212 | R70: 209.54968 | S70: 276.42724 | T70: 425.78712 | U70: 774.66505 | V70: 1279.5906 | W70: 1809.038 | X70: 1906.0104 | Y70: 2067.6312 | Z70: 2142.3111 | AA70: 2195.8132 | AB70: 2218.1057 | AC70: 2347.4023 | AD70: 2536.8887 | AE70: 2844.5255 | AF70: 2901.3714 | AG70: 2964.9051 | AH70: 3003.917 | AI70: 3144.3599 | AJ70: 3266.9687 | AK70: 3371.7436 | AL70: 3466.4868 | AM70: 3602.4711 | AN70: 3738.4555 | AO70: 3995.9341 | AP70: 4843.0498 | AQ70: 5739.2091 | AR70: 6566.2616 | AS70: 7560.508 | AT70: =Sheet1!$AT70*_xlfn.XLOOKUP($A70,'[1]SSP4-change-rate'!$B$2:$B$147,'[1]SSP4-change-rate'!C$2:C$147) -> 8063.7894 | AU70: =Sheet1!$AT70*_xlfn.XLOOKUP($A70,'[1]SSP4-change-rate'!$B$2:$B$147,'[1]SSP4-change-rate'!D$2:D$147) -> 7863.0383 | AV70: =Sheet1!$AT70*_xlfn.XLOOKUP($A70,'[1]SSP4-change-rate'!$B$2:$B$147,'[1]SSP4-change-rate'!E$2:E$147) -> 7627.1929 | AW70: =Sheet1!$AT70*_xlfn.XLOOKUP($A70,'[1]SSP4-change-rate'!$B$2:$B$147,'[1]SSP4-change-rate'!F$2:F$147) -> 6563.6059 | AX70: =Sheet1!$AT70*_xlfn.XLOOKUP($A70,'[1]SSP4-change-rate'!$B$2:$B$147,'[1]SSP4-change-rate'!G$2:G$147) -> 5155.6647 | AY70: =Sheet1!$AT70*_xlfn.XLOOKUP($A70,'[1]SSP4-change-rate'!$B$2:$B$147,'[1]SSP4-change-rate'!H$2:H$147) -> 4073.3609
... A81: KOR | B81: South Korea | C81: 156_South Korea_country | D81: Korea region | E81: South and East Asia | F81: Eastern Asia | G81: 100537.63 | H81: 21601.815 | I81: 122139.44 | J81: 51858125 | K81: 1069.1625 | L81: 1177.1139 | M81: 1295.4168 | N81: 1435.9015 | O81: 1601.5256 | P81: 1932.7737 | Q81: 2348.3127 | R81: 2722.4456 | S81: 3350.9298 | T81: 4321.0136 | U81: 5416.7942 | V81: 5512.9153 | W81: 6428.2841 | X81: 6947.3381 | Y81: 8059.3854 | Z81: 9264.5962 | AA81: 10826.195 | AB81: 11167.794 | AC81: 11487.212 | AD81: 11985.563 | AE81: 12402.581 | AF81: 12872.835 | AG81: 13341.61 | AH81: 13604.834 | AI81: 13848.834 | AJ81: 14033.682 | AK81: 14327.96 | AL81: 14855.887 | AM81: 15663.305 | AN81: 16208.977 | AO81: 16963.158 | AP81: 18135.835 | AQ81: 19128.101 | AR81: 20185.433 | AS81: 21594.716 | AT81: =Sheet1!$AT81*_xlfn.XLOOKUP($A81,'[1]SSP4-change-rate'!$B$2:$B$147,'[1]SSP4-change-rate'!C$2:C$147) -> 21364.848 | AU81: =Sheet1!$AT81*_xlfn.XLOOKUP($A81,'[1]SSP4-change-rate'!$B$2:$B$147,'[1]SSP4-change-rate'!D$2:D$147) -> 21319.345 | AV81: =Sheet1!$AT81*_xlfn.XLOOKUP($A81,'[1]SSP4-change-rate'!$B$2:$B$147,'[1]SSP4-change-rate'!E$2:E$147) -> 21251.213 | AW81: =Sheet1!$AT81*_xlfn.XLOOKUP($A81,'[1]SSP4-change-rate'!$B$2:$B$147,'[1]SSP4-change-rate'!F$2:F$147) -> 21109.478 | AX81: =Sheet1!$AT81*_xlfn.XLOOKUP($A81,'[1]SSP4-change-rate'!$B$2:$B$147,'[1]SSP4-change-rate'!G$2:G$147) -> 21006.986 | AY81: =Sheet1!$AT81*_xlfn.XLOOKUP($A81,'[1]SSP4-change-rate'!$B$2:$B$147,'[1]SSP4-change-rate'!H$2:H$147) -> 21006.986
A82: KWT | B82: Kuwait | C82: 197_Kuwait_country | D82: Middle East | E82: Middle East and Central Asia | F82: Middle East | G82: 17428.292 | H82: 1142.9643 | I82: 18571.256 | J82: 4468361 | K82: 7.4087253 | L82: 8.0822458 | M82: 8.7557663 | N82: 9.4292868 | O82: 12.123369 | P82: 12.796889 | Q82: 13.47041 | R82: 14.14393 | S82: 14.817451 | T82: 35.023065 | U82: 109.11032 | V82: 248.52906 | W82: 459.34097 | X82: 488.30235 | Y82: 540.16343 | Z82: 604.14787 | AA82: 659.37655 | AB82: 664.76472 | AC82: 686.99089 | AD82: 691.70554 | AE82: 695.07314 | AF82: 697.76722 | AG82: 700.4613 | AH82: 704.50243 | AI82: 719.9934 | AJ82: 728.74916 | AK82: 740.19901 | AL82: 747.60774 | AM82: 756.3635 | AN82: 768.48687 | AO82: 806.20402 | AP82: 813.61274 | AQ82: 829.77724 | AR82: 869.51494 | AS82: 899.14985 | AT82: 951.18494 | AU82: 948.12933 | AV82: 944.75418 | AW82: 921.82806 | AX82: 891.67615 | AY82: 869.12613
A83: LAO | B83: Laos | C83: 150_Laos_country | D83: Southeastern Asia | E83: South and East Asia | F83: South-East Asia and developing Pacific | G83: 229872.37 | H83: 366.97782 | I83: 230239.35 | J83: 7265649 | K83: 14.5819 | L83: 14.5819 | M83: 14.5819 | N83: 14.5819 | O83: 14.5819 | P83: 14.5819 | Q83: 14.5819 | R83: 14.5819 | S83: 14.5819 | T83: 14.5819 | U83: 17.012217 | V83: 19.442533 | W83: 29.1638 | X83: 34.024433 | Y83: 34.024433 | Z83: 41.315383 | AA83: 51.03665 | AB83: 102.0733 | AC83: 104.50362 | AD83: 106.93393 | AE83: 109.36425 | AF83: 109.36425 | AG83: 109.36425 | AH83: 109.36425 | AI83: 114.22488 | AJ83: 126.37647 | AK83: 126.37647 | AL83: 131.2371 | AM83: 136.09773 | AN83: 138.52805 | AO83: 153.10995 | AP83: 209.00723 | AQ83: 262.4742 | AR83: 298.92895 | AS83: 332.95338 | AT83: =Sheet1!$AT83*_xlfn.XLOOKUP($A83,'[1]SSP4-change-rate'!$B$2:$B$147,'[1]SSP4-change-rate'!C$2:C$147) -> 352.39592 | AU83: =Sheet1!$AT83*_xlfn.XLOOKUP($A83,'[1]SSP4-change-rate'!$B$2:$B$147,'[1]SSP4-change-rate'!D$2:D$147) -> 349.50742 | AV83: =Sheet1!$AT83*_xlfn.XLOOKUP($A83,'[1]SSP4-change-rate'!$B$2:$B$147,'[1]SSP4-change-rate'!E$2:E$147) -> 349.70587 | AW83: =Sheet1!$AT83*_xlfn.XLOOKUP($A83,'[1]SSP4-change-rate'!$B$2:$B$147,'[1]SSP4-change-rate'!F$2:F$147) -> 342.99869 | AX83: =Sheet1!$AT83*_xlfn.XLOOKUP($A83,'[1]SSP4-change-rate'!$B$2:$B$147,'[1]SSP4-change-rate'!G$2:G$147) -> 336.10015 | AY83: =Sheet1!$AT83*_xlfn.XLOOKUP($A83,'[1]SSP4-change-rate'!$B$2:$B$147,'[1]SSP4-change-rate'!H$2:H$147) -> 324.48337
A84: LBN | B84: Lebanon | C84: 312_Lebanon_country | D84: Middle East | E84: Middle East and Central Asia | F84: Middle East | G84: 10238.057 | H84: 1462.2251 | I84: 11700.282 | J84: 5694528 | K84: 26.415147 | L84: 26.415147 | M84: 26.415147 | N84: 26.415147 | O84: 29.350163 | P84: 32.28518 | Q84: 38.155212 | R84: 46.960261 | S84: 58.700326 | T84: 95.38803 | U84: 170.23095 | V84: 218.65872 | W84: 250.9439 | X84: 272.95652 | Y84: 361.00701 | Z84: 451.99251 | AA84: 689.72883 | AB84: 805.66198 | AC84: 899.5825 | AD84: 975.89293 | AE84: 1003.7756 | AF84: 1030.1907 | AG84: 1036.0608 | AH84: 1050.7358 | AI84: 1056.6059 | AJ84: 1061.0084 | AK84: 1065.4109 | AL84: 1068.3459 | AM84: 1068.3459 | AN84: 1069.8134 | AO84: 1072.7485 | AP84: 1099.1636 | AQ84: 1129.9813 | AR84: 1241.5119 | AS84: 1326.6274 | AT84: =Sheet1!$AT84*_xlfn.XLOOKUP($A84,'[1]SSP4-change-rate'!$B$2:$B$147,'[1]SSP4-change-rate'!C$2:C$147) -> 1402.8044 | AU84: =Sheet1!$AT84*_xlfn.XLOOKUP($A84,'[1]SSP4-change-rate'!$B$2:$B$147,'[1]SSP4-change-rate'!D$2:D$147) -> 1389.6143 | AV84: =Sheet1!$AT84*_xlfn.XLOOKUP($A84,'[1]SSP4-change-rate'!$B$2:$B$147,'[1]SSP4-change-rate'!E$2:E$147) -> 1376.1714 | AW84: =Sheet1!$AT84*_xlfn.XLOOKUP($A84,'[1]SSP4-change-rate'!$B$2:$B$147,'[1]SSP4-change-rate'!F$2:F$147) -> 1342.1975 | AX84: =Sheet1!$AT84*_xlfn.XLOOKUP($A84,'[1]SSP4-change-rate'!$B$2:$B$147,'[1]SSP4-change-rate'!G$2:G$147) -> 1301.6328 | AY84: =Sheet1!$AT84*_xlfn.XLOOKUP($A84,'[1]SSP4-change-rate'!$B$2:$B$147,'[1]SSP4-change-rate'!H$2:H$147) -> 1253.252
A85: LBR | B85: Liberia | C85: 91_Liberia_country | D85: Western Africa | E85: Africa | F85: Africa | G85: 95918.088 | H85: 560.31656 | I85: 96478.405 | J85: 5034186 | K85: 0 | L85: 0 | M85: 0 | N85: 0 | O85: 0 | P85: 0 | Q85: 0 | R85: 0 | S85: 0 | T85: 0 | U85: 0 | V85: 0 | W85: 0 | X85: 31.478458 | Y85: 31.478458 | Z85: 31.478458 | AA85: 31.478458 | AB85: 31.478458 | AC85: 31.478458 | AD85: 62.956916 | AE85: 62.956916 | AF85: 62.956916 | AG85: 62.956916 | AH85: 62.956916 | AI85: 62.956916 | AJ85: 62.956916 | AK85: 94.435375 | AL85: 94.435375 | AM85: 125.91383 | AN85: 125.91383 | AO85: 157.39229 | AP85: 251.82767 | AQ85: 346.26304 | AR85: 377.7415 | AS85: 661.04762 | AT85: =Sheet1!$AT85*_xlfn.XLOOKUP($A85,'[1]SSP4-change-rate'!$B$2:$B$147,'[1]SSP4-change-rate'!C$2:C$147) -> 535.13379 | AU85: =Sheet1!$AT85*_xlfn.XLOOKUP($A85,'[1]SSP4-change-rate'!$B$2:$B$147,'[1]SSP4-change-rate'!D$2:D$147) -> 535.13379 | AV85: =Sheet1!$AT85*_xlfn.XLOOKUP($A85,'[1]SSP4-change-rate'!$B$2:$B$147,'[1]SSP4-change-rate'!E$2:E$147) -> 535.13379 | AW85: =Sheet1!$AT85*_xlfn.XLOOKUP($A85,'[1]SSP4-change-rate'!$B$2:$B$147,'[1]SSP4-change-rate'!F$2:F$147) -> 439.57418 | AX85: =Sheet1!$AT85*_xlfn.XLOOKUP($A85,'[1]SSP4-change-rate'!$B$2:$B$147,'[1]SSP4-change-rate'!G$2:G$147) -> 161.05968 | AY85: =Sheet1!$AT85*_xlfn.XLOOKUP($A85,'[1]SSP4-change-rate'!$B$2:$B$147,'[1]SSP4-change-rate'!H$2:H$147) -> 27.147802
A86: LBY | B86: Libya | C86: 92_Libya_country | D86: Northern Africa | E86: Africa | F86: Africa | G86: 1616058.3 | H86: 3273.7319 | I86: 1619332.1 | J86: 6612020 | K86: 56.225536 | L86: 60.618156 | M86: 68.524873 | N86: 83.459781 | O86: 94.002069 | P86: 96.637641 | Q86: 99.273213 | R86: 129.14303 | S86: 149.34908 | T86: 209.96724 | U86: 378.64385 | V86: 511.30097 | W86: 646.59367 | X86: 691.39839 | Y86: 758.16622 | Z86: 807.36356 | AA86: 866.22467 | AB86: 928.59988 | AC86: 954.07707 | AD86: 1000.6388 | AE86: 1061.257 | AF86: 1251.0182 | AG86: 1309.0008 | AH86: 1375.7686 | AI86: 1468.8921 | AJ86: 1569.0439 | AK86: 1793.946 | AL86: 1901.126 | AM86: 2276.2557 | AN86: 2401.8846 | AO86: 2523.9995 | AP86: 2627.6653 | AQ86: 2694.4331 | AR86: 2749.7801 | AS86: 2961.5044 | AT86: =Sheet1!$AT86*_xlfn.XLOOKUP($A86,'[1]SSP4-change-rate'!$B$2:$B$147,'[1]SSP4-change-rate'!C$2:C$147) -> 3151.2464 | AU86: =Sheet1!$AT86*_xlfn.XLOOKUP($A86,'[1]SSP4-change-rate'!$B$2:$B$147,'[1]SSP4-change-rate'!D$2:D$147) -> 3128.9603 | AV86: =Sheet1!$AT86*_xlfn.XLOOKUP($A86,'[1]SSP4-change-rate'!$B$2:$B$147,'[1]SSP4-change-rate'!E$2:E$147) -> 3100.7618 | AW86: =Sheet1!$AT86*_xlfn.XLOOKUP($A86,'[1]SSP4-change-rate'!$B$2:$B$147,'[1]SSP4-change-rate'!F$2:F$147) -> 3028.0788 | AX86: =Sheet1!$AT86*_xlfn.XLOOKUP($A86,'[1]SSP4-change-rate'!$B$2:$B$147,'[1]SSP4-change-rate'!G$2:G$147) -> 2923.0353 | AY86: =Sheet1!$AT86*_xlfn.XLOOKUP($A86,'[1]SSP4-change-rate'!$B$2:$B$147,'[1]SSP4-change-rate'!H$2:H$147) -> 2798.7808
A87: LKA | B87: Sri Lanka | C87: 166_Sri Lanka_country | D87: Rest of South Asia | E87: South and East Asia | F87: Southern Asia | G87: 65837.403 | H87: 4931.8019 | I87: 70769.205 | J87: 21683158 | K87: 346.93411 | L87: 360.27773 | M87: 386.96497 | N87: 467.02669 | O87: 533.74479 | P87: 560.43203 | Q87: 573.77565 | R87: 587.11927 | S87: 733.89909 | T87: 840.64804 | U87: 1120.8641 | V87: 1174.2385 | W87: 1174.2385 | X87: 1174.2385 | Y87: 1694.6397 | Z87: 2415.1952 | AA87: 2602.0059 | AB87: 2668.724 | AC87: 2668.724 | AD87: 2722.0984 | AE87: 2748.7857 | AF87: 2762.1293 | AG87: 2802.1601 | AH87: 2802.1601 | AI87: 2815.5038 | AJ87: 2882.2219 | AK87: 2922.2527 | AL87: 3015.6581 | AM87: 3175.7815 | AN87: 3349.2486 | AO87: 3389.2794 | AP87: 4096.4913 | AQ87: 4403.3945 | AR87: 4630.2361 | AS87: 4656.9233 | AT87: =Sheet1!$AT87*_xlfn.XLOOKUP($A87,'[1]SSP4-change-rate'!$B$2:$B$147,'[1]SSP4-change-rate'!C$2:C$147) -> 4815.2004 | AU87: =Sheet1!$AT87*_xlfn.XLOOKUP($A87,'[1]SSP4-change-rate'!$B$2:$B$147,'[1]SSP4-change-rate'!D$2:D$147) -> 4771.303 | AV87: =Sheet1!$AT87*_xlfn.XLOOKUP($A87,'[1]SSP4-change-rate'!$B$2:$B$147,'[1]SSP4-change-rate'!E$2:E$147) -> 4730.6478 | AW87: =Sheet1!$AT87*_xlfn.XLOOKUP($A87,'[1]SSP4-change-rate'!$B$2:$B$147,'[1]SSP4-change-rate'!F$2:F$147) -> 4629.1241 | AX87: =Sheet1!$AT87*_xlfn.XLOOKUP($A87,'[1]SSP4-change-rate'!$B$2:$B$147,'[1]SSP4-change-rate'!G$2:G$147) -> 4503.3327 | AY87: =Sheet1!$AT87*_xlfn.XLOOKUP($A87,'[1]SSP4-change-rate'!$B$2:$B$147,'[1]SSP4-change-rate'!H$2:H$147) -> 4306.6131
A88: LSO | B88: Lesotho | C88: 90_Lesotho_country | D88: Rest of Southern Africa | E88: Africa | F88: Africa | G88: 30545.275 | H88: #N/A | I88: #N/A | J88: 2239604 | K88: #N/A | L88: #N/A | M88: #N/A | N88: #N/A | O88: #N/A | P88: #N/A | Q88: #N/A | R88: #N/A | S88: #N/A | T88: #N/A | U88: #N/A | V88: #N/A | W88: #N/A | X88: #N/A | Y88: #N/A | Z88: #N/A | AA88: #N/A | AB88: #N/A | AC88: #N/A | AD88: #N/A | AE88: #N/A | AF88: #N/A | AG88: #N/A | AH88: #N/A | AI88: #N/A | AJ88: #N/A | AK88: #N/A | AL88: #N/A | AM88: #N/A | AN88: #N/A | AO88: #N/A | AP88: #N/A | AQ88: #N/A | AR88: #N/A | AS88: #N/A | AT88: =Sheet1!$AT88*_xlfn.XLOOKUP($A88,'[1]SSP4-change-rate'!$B$2:$B$147,'[1]SSP4-change-rate'!C$2:C$147) -> #N/A | AU88: =Sheet1!$AT88*_xlfn.XLOOKUP($A88,'[1]SSP4-change-rate'!$B$2:$B$147,'[1]SSP4-change-rate'!D$2:D$147) -> #N/A | AV88: =Sheet1!$AT88*_xlfn.XLOOKUP($A88,'[1]SSP4-change-rate'!$B$2:$B$147,'[1]SSP4-change-rate'!E$2:E$147) -> #N/A | AW88: =Sheet1!$AT88*_xlfn.XLOOKUP($A88,'[1]SSP4-change-rate'!$B$2:$B$147,'[1]SSP4-change-rate'!F$2:F$147) -> #N/A | AX88: =Sheet1!$AT88*_xlfn.XLOOKUP($A88,'[1]SSP4-change-rate'!$B$2:$B$147,'[1]SSP4-change-rate'!G$2:G$147) -> #N/A | AY88: =Sheet1!$AT88*_xlfn.XLOOKUP($A88,'[1]SSP4-change-rate'!$B$2:$B$147,'[1]SSP4-change-rate'!H$2:H$147) -> #N/A
A89: LTU | B89: Lithuania | C89: 130_Lithuania_country | D89: Central Europe | E89: Europe | F89: Europe | G89: 65016.842 | H89: 2788.3943 | I89: 67805.236 | J89: 2835902 | K89: 82.891986 | L89: 94.404762 | M89: 108.22009 | N89: 126.64053 | O89: 151.96864 | P89: 163.48142 | Q89: 177.29675 | R89: 218.74274 | S89: 223.34785 | T89: 294.72706 | U89: 428.27526 | V89: 584.84902 | W89: 711.48955 | X89: 713.79211 | Y89: 1045.3601 | Z89: 1220.3542 | AA89: 1386.1382 | AB89: 1411.4663 | AC89: 1501.266 | AD89: 1572.6452 | AE89: 1616.3937 | AF89: 1627.9065 | AG89: 1646.327 | AH89: 1664.7474 | AI89: 1685.4704 | AJ89: 1701.5883 | AK89: 1706.1934 | AL89: 1766.0598 | AM89: 1830.5314 | AN89: 1892.7004 | AO89: 2044.669 | AP89: 2185.1249 | AQ89: 2440.7085 | AR89: 2581.1644 | AS89: 2675.5691 | AT89: =Sheet1!$AT89*_xlfn.XLOOKUP($A89,'[1]SSP4-change-rate'!$B$2:$B$147,'[1]SSP4-change-rate'!C$2:C$147) -> 2723.9189 | AU89: =Sheet1!$AT89*_xlfn.XLOOKUP($A89,'[1]SSP4-change-rate'!$B$2:$B$147,'[1]SSP4-change-rate'!D$2:D$147) -> 2715.0426 | AV89: =Sheet1!$AT89*_xlfn.XLOOKUP($A89,'[1]SSP4-change-rate'!$B$2:$B$147,'[1]SSP4-change-rate'!E$2:E$147) -> 2702.5006 | AW89: =Sheet1!$AT89*_xlfn.XLOOKUP($A89,'[1]SSP4-change-rate'!$B$2:$B$147,'[1]SSP4-change-rate'!F$2:F$147) -> 2675.5072 | AX89: =Sheet1!$AT89*_xlfn.XLOOKUP($A89,'[1]SSP4-change-rate'!$B$2:$B$147,'[1]SSP4-change-rate'!G$2:G$147) -> 2644.1009 | AY89: =Sheet1!$AT89*_xlfn.XLOOKUP($A89,'[1]SSP4-change-rate'!$B$2:$B$147,'[1]SSP4-change-rate'!H$2:H$147) -> 2594.4568
A90: LUX | B90: Luxembourg | C90: 131_Luxembourg_country | D90: Western Europe | E90: Europe | F90: Europe | G90: 2581.5543 | H90: 1056.12 | I90: 3637.6743 | J90: 626072 | K90: 105.07995 | L90: 113.0607 | M90: 125.03184 | N90: 138.3331 | O90: 152.96448 | P90: 162.27536 | Q90: 171.58625 | R90: 182.22725 | S90: 183.55738 | T90: 200.84902 | U90: 234.10216 | V90: 271.34569 | W90: 292.62771 | X90: 300.60846 | Y90: 303.26871 | Z90: 345.83274 | AA90: 368.44488 | AB90: 373.76539 | AC90: 396.37753 | AD90: 405.68841 | AE90: 416.32942 | AF90: 417.65954 | AG90: 424.31017 | AH90: 424.31017 | AI90: 440.27169 | AJ90: 440.27169 | AK90: 441.60181 | AL90: 445.59219 | AM90: 445.59219 | AN90: 457.56332 | AO90: 469.53446 | AP90: 534.71063 | AQ90: 598.55667 | AR90: 641.1207 | AS90: 976.31244 | AT90: =Sheet1!$AT90*_xlfn.XLOOKUP($A90,'[1]SSP4-change-rate'!$B$2:$B$147,'[1]SSP4-change-rate'!C$2:C$147) -> 1021.9656 | AU90: =Sheet1!$AT90*_xlfn.XLOOKUP($A90,'[1]SSP4-change-rate'!$B$2:$B$147,'[1]SSP4-change-rate'!D$2:D$147) -> 1022.0453 | AV90: =Sheet1!$AT90*_xlfn.XLOOKUP($A90,'[1]SSP4-change-rate'!$B$2:$B$147,'[1]SSP4-change-rate'!E$2:E$147) -> 1018.0884 | AW90: =Sheet1!$AT90*_xlfn.XLOOKUP($A90,'[1]SSP4-change-rate'!$B$2:$B$147,'[1]SSP4-change-rate'!F$2:F$147) -> 1011.3256 | AX90: =Sheet1!$AT90*_xlfn.XLOOKUP($A90,'[1]SSP4-change-rate'!$B$2:$B$147,'[1]SSP4-change-rate'!G$2:G$147) -> 997.85107 | AY90: =Sheet1!$AT90*_xlfn.XLOOKUP($A90,'[1]SSP4-change-rate'!$B$2:$B$147,'[1]SSP4-change-rate'!H$2:H$147) -> 982.8749
A91: LVA | B91: Latvia | C91: 129_Latvia_country | D91: Central Europe | E91: Europe | F91: Europe | G91: 64710.103 | H91: 1882.0539 | I91: 66592.157 | J91: 1907241 | K91: 211.86347 | L91: 239.6075 | M91: 274.91808 | N91: 322.83958 | O91: 388.41637 | P91: 413.63821 | Q91: 443.90442 | R91: 466.60408 | S91: 474.17063 | T91: 567.49145 | U91: 733.9556 | V91: 882.76447 | W91: 993.74057 | X91: 1013.918 | Y91: 1145.0716 | Z91: 1251.0034 | AA91: 1283.7918 | AB91: 1311.5358 | AC91: 1319.1023 | AD91: 1331.7133 | AE91: 1341.802 | AF91: 1344.3242 | AG91: 1359.4573 | AH91: 1369.546 | AI91: 1407.3788 | AJ91: 1425.0341 | AK91: 1452.7781 | AL91: 1528.4436 | AM91: 1581.4095 | AN91: 1604.1092 | AO91: 1674.7303 | AP91: 1715.0853 | AQ91: 1795.7952 | AR91: 1868.9385 | AS91: 1884.0716 | AT91: =Sheet1!$AT91*_xlfn.XLOOKUP($A91,'[1]SSP4-change-rate'!$B$2:$B$147,'[1]SSP4-change-rate'!C$2:C$147) -> 1853.3986 | AU91: =Sheet1!$AT91*_xlfn.XLOOKUP($A91,'[1]SSP4-change-rate'!$B$2:$B$147,'[1]SSP4-change-rate'!D$2:D$147) -> 1848.105 | AV91: =Sheet1!$AT91*_xlfn.XLOOKUP($A91,'[1]SSP4-change-rate'!$B$2:$B$147,'[1]SSP4-change-rate'!E$2:E$147) -> 1837.7863 | AW91: =Sheet1!$AT91*_xlfn.XLOOKUP($A91,'[1]SSP4-change-rate'!$B$2:$B$147,'[1]SSP4-change-rate'!F$2:F$147) -> 1813.3888 | AX91: =Sheet1!$AT91*_xlfn.XLOOKUP($A91,'[1]SSP4-change-rate'!$B$2:$B$147,'[1]SSP4-change-rate'!G$2:G$147) -> 1781.5989 | AY91: =Sheet1!$AT91*_xlfn.XLOOKUP($A91,'[1]SSP4-change-rate'!$B$2:$B$147,'[1]SSP4-change-rate'!H$2:H$147) -> 1747.5969
A92: MAR | B92: Morocco | C92: 98_Morocco_country | D92: Northern Africa | E92: Africa | F92: Africa | G92: 413477.27 | H92: 5668.0105 | I92: 419145.28 | J92: 36488841 | K92: 99.243287 | L92: 106.20773 | M92: 114.91328 | N92: 128.84216 | O92: 147.99438 | P92: 161.92326 | Q92: 179.33436 | R92: 205.45102 | S92: 247.23766 | T92: 405.6787 | U92: 712.11411 | V92: 1051.6306 | W92: 1551.3293 | X92: 1627.9381 | Y92: 1784.6381 | Z92: 1944.8202 | AA92: 2071.9213 | AB92: 2099.779 | AC92: 2150.2712 | AD92: 2313.9356 | AE92: 2387.0622 | AF92: 2449.7422 | AG92: 2507.1988 | AH92: 2585.5488 | AI92: 2648.2288 | AJ92: 2726.5787 | AK92: 2801.4465 | AL92: 2921.5831 | AM92: 3215.8307 | AN92: 3353.3784 | AO92: 3569.2761 | AP92: 3880.9349 | AQ92: 4467.689 | AR92: 4990.0221 | AS92: 5350.432 | AT92: =Sheet1!$AT92*_xlfn.XLOOKUP($A92,'[1]SSP4-change-rate'!$B$2:$B$147,'[1]SSP4-change-rate'!C$2:C$147) -> 5494.1223 | AU92: =Sheet1!$AT92*_xlfn.XLOOKUP($A92,'[1]SSP4-change-rate'!$B$2:$B$147,'[1]SSP4-change-rate'!D$2:D$147) -> 5464.9965 | AV92: =Sheet1!$AT92*_xlfn.XLOOKUP($A92,'[1]SSP4-change-rate'!$B$2:$B$147,'[1]SSP4-change-rate'!E$2:E$147) -> 5423.5586 | AW92: =Sheet1!$AT92*_xlfn.XLOOKUP($A92,'[1]SSP4-change-rate'!$B$2:$B$147,'[1]SSP4-change-rate'!F$2:F$147) -> 5283.5555 | AX92: =Sheet1!$AT92*_xlfn.XLOOKUP($A92,'[1]SSP4-change-rate'!$B$2:$B$147,'[1]SSP4-change-rate'!G$2:G$147) -> 5062.8658 | AY92: =Sheet1!$AT92*_xlfn.XLOOKUP($A92,'[1]SSP4-change-rate'!$B$2:$B$147,'[1]SSP4-change-rate'!H$2:H$147) -> 4745.5799
A93: MDA | B93: Moldova | C93: 133_Moldova_country | D93: Ukraine region | E93: Middle East and Central Asia | F93: Eurasia | G93: 33907.87 | H93: 1412.6896 | I93: 35320.56 | J93: 3095022 | K93: 48.902299 | L93: 62.594943 | M93: 82.155862 | N93: 107.58506 | O93: 138.88253 | P93: 154.53127 | Q93: 164.31172 | R93: 166.26782 | S93: 168.22391 | T93: 168.22391 | U93: 195.6092 | V93: 240.59931 | W93: 311.01862 | X93: 311.01862 | Y93: 311.01862 | Z93: 320.79908 | AA93: 328.62345 | AB93: 328.62345 | AC93: 328.62345 | AD93: 346.22828 | AE93: 346.22828 | AF93: 352.09655 | AG93: 354.05265 | AH93: 357.96483 | AI93: 357.96483 | AJ93: 359.92092 | AK93: 359.92092 | AL93: 367.74529 | AM93: 397.08667 | AN93: 426.42805 | AO93: 457.72552 | AP93: 492.93517 | AQ93: 598.56414 | AR93: 719.84184 | AS93: 760.91977 | AT93: =Sheet1!$AT93*_xlfn.XLOOKUP($A93,'[1]SSP4-change-rate'!$B$2:$B$147,'[1]SSP4-change-rate'!C$2:C$147) -> 924.70652 | AU93: =Sheet1!$AT93*_xlfn.XLOOKUP($A93,'[1]SSP4-change-rate'!$B$2:$B$147,'[1]SSP4-change-rate'!D$2:D$147) -> 904.71897 | AV93: =Sheet1!$AT93*_xlfn.XLOOKUP($A93,'[1]SSP4-change-rate'!$B$2:$B$147,'[1]SSP4-change-rate'!E$2:E$147) -> 895.03346 | AW93: =Sheet1!$AT93*_xlfn.XLOOKUP($A93,'[1]SSP4-change-rate'!$B$2:$B$147,'[1]SSP4-change-rate'!F$2:F$147) -> 871.09279 | AX93: =Sheet1!$AT93*_xlfn.XLOOKUP($A93,'[1]SSP4-change-rate'!$B$2:$B$147,'[1]SSP4-change-rate'!G$2:G$147) -> 858.26324 | AY93: =Sheet1!$AT93*_xlfn.XLOOKUP($A93,'[1]SSP4-change-rate'!$B$2:$B$147,'[1]SSP4-change-rate'!H$2:H$147) -> 858.26324
A94: MDG | B94: Madagascar | C94: 93_Madagascar_country | D94: Eastern Africa | E94: Africa | F94: Africa | G94: 591446.37 | H94: 540.12236 | I94: 591986.49 | J94: 27879129 | K94: 24.551016 | L94: 24.551016 | M94: 24.551016 | N94: 24.551016 | O94: 24.551016 | P94: 24.551016 | Q94: 24.551016 | R94: 24.551016 | S94: 29.46122 | T94: 34.371423 | U94: 44.191829 | V94: 63.832643 | W94: 93.293862 | X94: 98.204065 | Y94: 127.66529 | Z94: 186.58772 | AA94: 206.22854 | AB94: 211.13874 | AC94: 211.13874 | AD94: 225.86935 | AE94: 225.86935 | AF94: 230.77955 | AG94: 230.77955 | AH94: 235.68976 | AI94: 235.68976 | AJ94: 245.51016 | AK94: 250.42037 | AL94: 265.15098 | AM94: 309.34281 | AN94: 358.44484 | AO94: 387.90606 | AP94: 417.36728 | AQ94: 432.09789 | AR94: 437.00809 | AS94: 471.37951 | AT94: =Sheet1!$AT94*_xlfn.XLOOKUP($A94,'[1]SSP4-change-rate'!$B$2:$B$147,'[1]SSP4-change-rate'!C$2:C$147) -> 510.66114 | AU94: =Sheet1!$AT94*_xlfn.XLOOKUP($A94,'[1]SSP4-change-rate'!$B$2:$B$147,'[1]SSP4-change-rate'!D$2:D$147) -> 521.0828 | AV94: =Sheet1!$AT94*_xlfn.XLOOKUP($A94,'[1]SSP4-change-rate'!$B$2:$B$147,'[1]SSP4-change-rate'!E$2:E$147) -> 529.57452 | AW94: =Sheet1!$AT94*_xlfn.XLOOKUP($A94,'[1]SSP4-change-rate'!$B$2:$B$147,'[1]SSP4-change-rate'!F$2:F$147) -> 538.58792 | AX94: =Sheet1!$AT94*_xlfn.XLOOKUP($A94,'[1]SSP4-change-rate'!$B$2:$B$147,'[1]SSP4-change-rate'!G$2:G$147) -> 548.10962 | AY94: =Sheet1!$AT94*_xlfn.XLOOKUP($A94,'[1]SSP4-change-rate'!$B$2:$B$147,'[1]SSP4-change-rate'!H$2:H$147) -> 560.26822
A95: MEX | B95: Mexico | C95: 297_Mexico_country | D95: Mexico | E95: Central and South America | F95: Latin America and Caribbean | G95: 1951230.5 | H95: 51715.396 | I95: 2002945.9 | J95: 119530753 | K95: 942.20846 | L95: 1024.017 | M95: 1297.6524 | N95: 1641.8123 | O95: 2076.2438 | P95: 2076.2438 | Q95: 2474.0025 | R95: 3026.9152 | S95: 4414.839 | T95: 6665.9838 | U95: 10463.027 | V95: 15805.97 | W95: 21391.517 | X95: 22920.49 | Y95: 25075.722 | Z95: 26759.849 | AA95: 27958.767 | AB95: 28503.216 | AC95: 29030.74 | AD95: 30035.01 | AE95: 30712.046 | AF95: 31264.959 | AG95: 31837.619 | AH95: 32387.711 | AI95: 32855.994 | AJ95: 33569.703 | AK95: 34153.646 | AL95: 34997.12 | AM95: 37002.839 | AN95: 37916.838 | AO95: 39510.694 | AP95: 41993.159 | AQ95: 44585.643 | AR95: 46754.979 | AS95: 48295.236 | AT95: =Sheet1!$AT95*_xlfn.XLOOKUP($A95,'[1]SSP4-change-rate'!$B$2:$B$147,'[1]SSP4-change-rate'!C$2:C$147) -> 50097.435 | AU95: =Sheet1!$AT95*_xlfn.XLOOKUP($A95,'[1]SSP4-change-rate'!$B$2:$B$147,'[1]SSP4-change-rate'!D$2:D$147) -> 49814.597 | AV95: =Sheet1!$AT95*_xlfn.XLOOKUP($A95,'[1]SSP4-change-rate'!$B$2:$B$147,'[1]SSP4-change-rate'!E$2:E$147) -> 49425.218 | AW95: =Sheet1!$AT95*_xlfn.XLOOKUP($A95,'[1]SSP4-change-rate'!$B$2:$B$147,'[1]SSP4-change-rate'!F$2:F$147) -> 48438.346 | AX95: =Sheet1!$AT95*_xlfn.XLOOKUP($A95,'[1]SSP4-change-rate'!$B$2:$B$147,'[1]SSP4-change-rate'!G$2:G$147) -> 47089.545 | AY95: =Sheet1!$AT95*_xlfn.XLOOKUP($A95,'[1]SSP4-change-rate'!$B$2:$B$147,'[1]SSP4-change-rate'!H$2:H$147) -> 45593.687
A96: MKD | B96: Macedonia | C96: 172_North Macedonia_country | D96: Central Europe | E96: Europe | F96: Europe | G96: 24909.984 | H96: #N/A | I96: #N/A | J96: 2114026 | K96: #N/A | L96: #N/A | M96: #N/A | N96: #N/A | O96: #N/A | P96: #N/A | Q96: #N/A | R96: #N/A | S96: #N/A | T96: #N/A | U96: #N/A | V96: #N/A | W96: #N/A | X96: #N/A | Y96: #N/A | Z96: #N/A | AA96: #N/A | AB96: #N/A | AC96: #N/A | AD96: #N/A | AE96: #N/A | AF96: #N/A | AG96: #N/A | AH96: #N/A | AI96: #N/A | AJ96: #N/A | AK96: #N/A | AL96: #N/A | AM96: #N/A | AN96: #N/A | AO96: #N/A | AP96: #N/A | AQ96: #N/A | AR96: #N/A | AS96: #N/A | AT96: =Sheet1!$AT96*_xlfn.XLOOKUP($A96,'[1]SSP4-change-rate'!$B$2:$B$147,'[1]SSP4-change-rate'!C$2:C$147) -> #N/A | AU96: =Sheet1!$AT96*_xlfn.XLOOKUP($A96,'[1]SSP4-change-rate'!$B$2:$B$147,'[1]SSP4-change-rate'!D$2:D$147) -> #N/A | AV96: =Sheet1!$AT96*_xlfn.XLOOKUP($A96,'[1]SSP4-change-rate'!$B$2:$B$147,'[1]SSP4-change-rate'!E$2:E$147) -> #N/A | AW96: =Sheet1!$AT96*_xlfn.XLOOKUP($A96,'[1]SSP4-change-rate'!$B$2:$B$147,'[1]SSP4-change-rate'!F$2:F$147) -> #N/A | AX96: =Sheet1!$AT96*_xlfn.XLOOKUP($A96,'[1]SSP4-change-rate'!$B$2:$B$147,'[1]SSP4-change-rate'!G$2:G$147) -> #N/A | AY96: =Sheet1!$AT96*_xlfn.XLOOKUP($A96,'[1]SSP4-change-rate'!$B$2:$B$147,'[1]SSP4-change-rate'!H$2:H$147) -> #N/A
